{
  "best_model_name": "Logistic Regression",
  "best_params": {
    "model__C": 0.01,
    "model__solver": "lbfgs"
  },
  "best_cv_f1": 0.6046365238348865,
  "test_f1_macro": 0.5208333333333333,
  "test_accuracy": 0.5652173913043478,
  "feature_count": 196
}