{
  "best_model_name": "Logistic Regression",
  "best_params": {
    "C": 0.01,
    "solver": "lbfgs"
  },
  "best_cv_f1": 0.5188526031827727,
  "test_f1_macro": 0.5576923076923077,
  "test_accuracy": 0.5652173913043478,
  "feature_count": 95
}