{
  "best_model_name": "Logistic Regression",
  "best_params": {
    "model__C": 1.0,
    "model__solver": "liblinear"
  },
  "best_cv_f1": 0.5588747509800142,
  "test_f1_macro": 0.48660714285714285,
  "test_accuracy": 0.5652173913043478,
  "feature_count": 196
}