{
  "best_model_name": "SVM (RBF)",
  "best_params": {
    "C": 1.0,
    "gamma": "scale"
  },
  "best_cv_f1": 0.30260141093474424,
  "test_f1_macro": 0.441077441077441,
  "test_accuracy": 0.46153846153846156,
  "feature_count": 50
}