{
  "best_model_name": "Logistic Regression",
  "best_params": {
    "C": 10.0,
    "solver": "lbfgs"
  },
  "best_cv_f1": 0.7150793650793652,
  "test_f1_macro": 0.7067669172932332,
  "test_accuracy": 0.7692307692307693,
  "feature_count": 51
}