{
  "best_model_name": "Random Forest",
  "best_params": {
    "max_depth": 5,
    "min_samples_split": 5,
    "n_estimators": 200
  },
  "best_cv_f1": 0.6366311612364244,
  "test_f1_macro": 0.6166666666666667,
  "test_accuracy": 0.6521739130434783,
  "feature_count": 56
}