Model,CV Macro F1,Val Accuracy,Val Macro F1,Test Accuracy,Test Macro F1,Test Weighted F1,Test Precision,Test Recall
Logistic Regression,0.42658730158730157,0.2,0.125,0.38461538461538464,0.3151515151515151,0.39440559440559436,0.3333333333333333,0.3111111111111111
SVM (RBF),0.30260141093474424,0.2,0.16666666666666666,0.46153846153846156,0.441077441077441,0.4662004662004662,0.47222222222222215,0.4777777777777777
Random Forest,0.36613756613756615,0.4,0.26666666666666666,0.46153846153846156,0.3384615384615384,0.421301775147929,0.3333333333333333,0.37777777777777777
XGBoost,,0.6,0.3666666666666667,0.46153846153846156,0.4217948717948718,0.4136094674556213,0.4444444444444444,0.48888888888888893
