Model,CV Macro F1,Val Accuracy,Val Macro F1,Test Accuracy,Test Macro F1,Test Weighted F1,Test Precision,Test Recall
Logistic Regression,0.7150793650793652,0.4,0.28571428571428575,0.7692307692307693,0.7067669172932332,0.7379988432620012,0.8636363636363636,0.7
SVM (RBF),0.6753968253968253,0.6,0.37499999999999994,0.6153846153846154,0.5751633986928105,0.6053293112116642,0.5833333333333333,0.575
Random Forest,0.6335826210826211,0.8,0.7619047619047619,0.6923076923076923,0.6388888888888888,0.6709401709401709,0.6833333333333333,0.6375
XGBoost,0.5531746031746031,1.0,1.0,0.6153846153846154,0.606060606060606,0.62004662004662,0.6071428571428572,0.6125
