Experiment,Test F1 Macro,Test Accuracy,Test AUC,Test Recall,Threshold
K110|ENN4|s7|a0.0001|lr0.0005,0.8686,0.8696,0.9365,0.8929,0.655
K110|ENN4|s7|a0.05|lr0.0005,0.8686,0.8696,0.9365,0.8929,0.655
K110|ENN4|s7|a0.001|lr0.0005,0.8686,0.8696,0.9365,0.8929,0.655
K110|ENN4|s7|a0.01|lr0.0005,0.8686,0.8696,0.9365,0.8929,0.655
K95|ENN2|s13|a0.0001|lr0.0003,0.8655,0.8696,0.8571,0.873,0.535
K95|ENN2|s13|a0.0001|lr0.0005,0.8655,0.8696,0.8571,0.873,0.535
K95|ENN2|s13|a0.05|lr0.0003,0.8655,0.8696,0.8492,0.873,0.535
K95|ENN2|s13|a0.05|lr0.0005,0.8655,0.8696,0.8492,0.873,0.535
K95|ENN2|s13|a0.001|lr0.0003,0.8655,0.8696,0.8571,0.873,0.535
K95|ENN2|s13|a0.001|lr0.0005,0.8655,0.8696,0.8571,0.873,0.535
K95|ENN2|s13|a0.01|lr0.0003,0.8655,0.8696,0.8492,0.873,0.535
K95|ENN2|s13|a0.01|lr0.0005,0.8655,0.8696,0.8571,0.873,0.535
K95|ENN5|s13|a0.01|lr0.001,0.8655,0.8696,0.8571,0.873,0.545
K95|ENN5|s13|a0.001|lr0.001,0.8655,0.8696,0.8492,0.873,0.545
K95|ENN5|s13|a0.0001|lr0.001,0.8655,0.8696,0.8492,0.873,0.545
K100|ENN5|s13|a0.05|lr0.0005,0.86,0.8696,0.7381,0.8532,0.615
K100|ENN5|s13|a0.05|lr0.001,0.86,0.8696,0.7381,0.8532,0.62
K100|ENN5|s13|a0.0001|lr0.0003,0.86,0.8696,0.7381,0.8532,0.625
K100|ENN5|s13|a0.001|lr0.0005,0.86,0.8696,0.7302,0.8532,0.615
K100|ENN5|s13|a0.001|lr0.001,0.86,0.8696,0.7381,0.8532,0.62
K95|ENN2|s99|a0.05|lr0.0005,0.86,0.8696,0.746,0.8532,0.61
K100|ENN5|s13|a0.0001|lr0.001,0.86,0.8696,0.7381,0.8532,0.62
K100|ENN5|s13|a0.0001|lr0.0005,0.86,0.8696,0.7302,0.8532,0.615
K100|ENN5|s13|a0.001|lr0.0003,0.86,0.8696,0.746,0.8532,0.625
K115|ENN3|s21|a0.0001|lr0.0005,0.86,0.8696,0.8492,0.8532,0.66
K115|ENN3|s21|a0.0001|lr0.0003,0.86,0.8696,0.8413,0.8532,0.655
K95|ENN2|s99|a0.0001|lr0.0005,0.86,0.8696,0.746,0.8532,0.61
K95|ENN5|s13|a0.05|lr0.001,0.86,0.8696,0.8413,0.8532,0.565
K115|ENN3|s21|a0.05|lr0.0003,0.86,0.8696,0.8413,0.8532,0.655
K95|ENN2|s99|a0.001|lr0.0005,0.86,0.8696,0.746,0.8532,0.61
K95|ENN2|s99|a0.01|lr0.0005,0.86,0.8696,0.746,0.8532,0.61
K115|ENN3|s21|a0.05|lr0.0005,0.86,0.8696,0.8492,0.8532,0.66
K115|ENN3|s21|a0.001|lr0.0003,0.86,0.8696,0.8413,0.8532,0.655
K115|ENN3|s21|a0.001|lr0.0005,0.86,0.8696,0.8492,0.8532,0.66
K115|ENN3|s21|a0.01|lr0.0003,0.86,0.8696,0.8413,0.8532,0.65
K115|ENN3|s21|a0.01|lr0.0005,0.86,0.8696,0.8492,0.8532,0.66
K100|ENN5|s13|a0.01|lr0.0005,0.86,0.8696,0.7302,0.8532,0.615
K100|ENN5|s13|a0.01|lr0.0003,0.86,0.8696,0.746,0.8532,0.625
K100|ENN5|s13|a0.05|lr0.0003,0.86,0.8696,0.746,0.8532,0.625
K100|ENN5|s13|a0.01|lr0.001,0.86,0.8696,0.7381,0.8532,0.62
K110|ENN5|s7|a0.001|lr0.0003,0.8516,0.8696,0.8492,0.8333,0.74
K110|ENN5|s7|a0.001|lr0.001,0.8516,0.8696,0.8492,0.8333,0.725
K110|ENN5|s7|a0.01|lr0.001,0.8516,0.8696,0.8492,0.8333,0.725
K110|ENN5|s7|a0.01|lr0.0003,0.8516,0.8696,0.8492,0.8333,0.74
K108|ENN2|s7|a0.05|lr0.0003,0.8516,0.8696,0.746,0.8333,0.73
K108|ENN2|s7|a0.05|lr0.0005,0.8516,0.8696,0.7619,0.8333,0.725
K107|ENN3|s0|a0.01|lr0.0005,0.8516,0.8696,0.8175,0.8333,0.73
K107|ENN3|s0|a0.01|lr0.001,0.8516,0.8696,0.8175,0.8333,0.74
K108|ENN2|s7|a0.01|lr0.0005,0.8516,0.8696,0.7619,0.8333,0.725
K108|ENN2|s7|a0.01|lr0.0003,0.8516,0.8696,0.7619,0.8333,0.71
K108|ENN2|s7|a0.001|lr0.0005,0.8516,0.8696,0.7619,0.8333,0.725
K108|ENN2|s7|a0.001|lr0.0003,0.8516,0.8696,0.7619,0.8333,0.71
K107|ENN2|s0|a0.05|lr0.0005,0.8516,0.8696,0.754,0.8333,0.665
K107|ENN2|s0|a0.05|lr0.001,0.8516,0.8696,0.8095,0.8333,0.665
K107|ENN2|s0|a0.01|lr0.001,0.8516,0.8696,0.8095,0.8333,0.665
K110|ENN5|s7|a0.0001|lr0.001,0.8516,0.8696,0.8492,0.8333,0.725
K107|ENN2|s0|a0.0001|lr0.0005,0.8516,0.8696,0.754,0.8333,0.665
K107|ENN2|s0|a0.01|lr0.0005,0.8516,0.8696,0.754,0.8333,0.665
K107|ENN2|s0|a0.001|lr0.001,0.8516,0.8696,0.8095,0.8333,0.665
K107|ENN2|s0|a0.001|lr0.0005,0.8516,0.8696,0.754,0.8333,0.665
K107|ENN2|s0|a0.0001|lr0.001,0.8516,0.8696,0.8095,0.8333,0.665
K110|ENN5|s7|a0.0001|lr0.0003,0.8516,0.8696,0.8492,0.8333,0.74
K110|ENN5|s7|a0.05|lr0.0003,0.8516,0.8696,0.8492,0.8333,0.74
K110|ENN5|s7|a0.05|lr0.001,0.8516,0.8696,0.8492,0.8333,0.725
K107|ENN3|s0|a0.001|lr0.0003,0.8516,0.8696,0.8175,0.8333,0.72
K107|ENN3|s0|a0.001|lr0.0005,0.8516,0.8696,0.8175,0.8333,0.73
K107|ENN3|s0|a0.001|lr0.001,0.8516,0.8696,0.8175,0.8333,0.74
K107|ENN3|s0|a0.01|lr0.0003,0.8516,0.8696,0.8175,0.8333,0.72
K107|ENN3|s7|a0.0001|lr0.0003,0.8516,0.8696,0.7619,0.8333,0.815
K107|ENN3|s0|a0.05|lr0.001,0.8516,0.8696,0.8254,0.8333,0.74
K107|ENN3|s0|a0.05|lr0.0003,0.8516,0.8696,0.8175,0.8333,0.72
K107|ENN3|s0|a0.05|lr0.0005,0.8516,0.8696,0.8175,0.8333,0.73
K107|ENN3|s0|a0.0001|lr0.0003,0.8516,0.8696,0.8175,0.8333,0.72
K107|ENN3|s0|a0.0001|lr0.0005,0.8516,0.8696,0.8175,0.8333,0.73
K107|ENN3|s7|a0.0001|lr0.0005,0.8516,0.8696,0.7619,0.8333,0.85
K107|ENN3|s0|a0.0001|lr0.001,0.8516,0.8696,0.8175,0.8333,0.74
K107|ENN3|s7|a0.05|lr0.0005,0.8516,0.8696,0.754,0.8333,0.85
K107|ENN3|s7|a0.05|lr0.0003,0.8516,0.8696,0.7619,0.8333,0.815
K107|ENN3|s7|a0.01|lr0.0005,0.8516,0.8696,0.754,0.8333,0.85
K107|ENN3|s7|a0.01|lr0.0003,0.8516,0.8696,0.7619,0.8333,0.815
K108|ENN2|s7|a0.0001|lr0.0005,0.8516,0.8696,0.7619,0.8333,0.725
K108|ENN2|s7|a0.0001|lr0.0003,0.8516,0.8696,0.7619,0.8333,0.71
K107|ENN3|s7|a0.001|lr0.0005,0.8516,0.8696,0.754,0.8333,0.85
K107|ENN3|s7|a0.001|lr0.0003,0.8516,0.8696,0.7619,0.8333,0.815
K110|ENN3|s7|a0.0001|lr0.0003,0.8258,0.8261,0.9048,0.8571,0.645
K110|ENN3|s7|a0.05|lr0.0003,0.8258,0.8261,0.9048,0.8571,0.645
K110|ENN4|s7|a0.0001|lr0.0003,0.8258,0.8261,0.9048,0.8571,0.65
K110|ENN3|s7|a0.001|lr0.0003,0.8258,0.8261,0.9048,0.8571,0.645
K110|ENN3|s7|a0.01|lr0.0003,0.8258,0.8261,0.9048,0.8571,0.645
K110|ENN4|s7|a0.05|lr0.0003,0.8258,0.8261,0.9048,0.8571,0.65
K110|ENN4|s7|a0.01|lr0.0003,0.8258,0.8261,0.9048,0.8571,0.65
K110|ENN4|s7|a0.001|lr0.0003,0.8258,0.8261,0.9048,0.8571,0.65
K120|ENN3|s13|a0.01|lr0.0005,0.8231,0.8261,0.7937,0.8373,0.52
K120|ENN3|s13|a0.01|lr0.001,0.8231,0.8261,0.7937,0.8373,0.52
K120|ENN3|s13|a0.05|lr0.0003,0.8231,0.8261,0.7857,0.8373,0.525
K120|ENN3|s13|a0.05|lr0.0005,0.8231,0.8261,0.7937,0.8373,0.52
K120|ENN3|s13|a0.05|lr0.001,0.8231,0.8261,0.8016,0.8373,0.52
K120|ENN3|s13|a0.0001|lr0.0003,0.8231,0.8261,0.7937,0.8373,0.525
K120|ENN3|s13|a0.0001|lr0.0005,0.8231,0.8261,0.7937,0.8373,0.52
K120|ENN3|s13|a0.0001|lr0.001,0.8231,0.8261,0.8016,0.8373,0.52
K120|ENN3|s13|a0.01|lr0.0003,0.8231,0.8261,0.7937,0.8373,0.525
K120|ENN3|s13|a0.001|lr0.001,0.8231,0.8261,0.8016,0.8373,0.52
K120|ENN3|s13|a0.001|lr0.0005,0.8231,0.8261,0.7937,0.8373,0.52
K120|ENN3|s13|a0.001|lr0.0003,0.8231,0.8261,0.7857,0.8373,0.525
K95|ENN5|s13|a0.05|lr0.0003,0.8231,0.8261,0.8333,0.8373,0.505
K95|ENN5|s13|a0.0001|lr0.0003,0.8231,0.8261,0.8254,0.8373,0.505
K95|ENN5|s13|a0.01|lr0.0003,0.8231,0.8261,0.8333,0.8373,0.505
K95|ENN5|s13|a0.001|lr0.0003,0.8231,0.8261,0.8254,0.8373,0.505
K95|ENN5|s13|a0.001|lr0.0005,0.8175,0.8261,0.8175,0.8175,0.515
K95|ENN5|s13|a0.01|lr0.0005,0.8175,0.8261,0.8175,0.8175,0.515
K95|ENN5|s13|a0.0001|lr0.0005,0.8175,0.8261,0.8175,0.8175,0.515
K111|ENN2|s42|a0.05|lr0.0005,0.8175,0.8261,0.8016,0.8175,0.7
K111|ENN2|s42|a0.05|lr0.001,0.8175,0.8261,0.8016,0.8175,0.705
arch600x300x150x75|s21|a0.0001|lr0.001,0.8175,0.8261,0.8095,0.8175,0.92
arch600x300x150x75|s21|a0.001|lr0.001,0.8175,0.8261,0.8095,0.8175,0.92
K111|ENN2|s42|a0.05|lr0.0003,0.8175,0.8261,0.8095,0.8175,0.685
K111|ENN2|s42|a0.01|lr0.001,0.8175,0.8261,0.8016,0.8175,0.705
arch600x300x150x75|s21|a0.01|lr0.001,0.8175,0.8261,0.8095,0.8175,0.915
K95|ENN5|s13|a0.05|lr0.0005,0.8175,0.8261,0.8254,0.8175,0.515
K95|ENN3|s13|a0.05|lr0.0005,0.8175,0.8261,0.8254,0.8175,0.565
K95|ENN3|s13|a0.05|lr0.001,0.8175,0.8261,0.8254,0.8175,0.565
K95|ENN3|s13|a0.001|lr0.001,0.8175,0.8261,0.8254,0.8175,0.57
K95|ENN3|s13|a0.01|lr0.0003,0.8175,0.8261,0.8254,0.8175,0.58
K95|ENN3|s13|a0.01|lr0.0005,0.8175,0.8261,0.8254,0.8175,0.57
K95|ENN3|s13|a0.01|lr0.001,0.8175,0.8261,0.8254,0.8175,0.57
K95|ENN3|s13|a0.05|lr0.0003,0.8175,0.8261,0.8254,0.8175,0.58
K95|ENN3|s13|a0.001|lr0.0003,0.8175,0.8261,0.8254,0.8175,0.58
K95|ENN3|s13|a0.001|lr0.0005,0.8175,0.8261,0.8254,0.8175,0.57
arch600x300x150x75|s21|a0.05|lr0.001,0.8175,0.8261,0.8095,0.8175,0.915
K120|ENN4|s13|a0.05|lr0.0005,0.8175,0.8261,0.8016,0.8175,0.495
K120|ENN4|s13|a0.01|lr0.0005,0.8175,0.8261,0.8016,0.8175,0.495
K95|ENN3|s13|a0.0001|lr0.0003,0.8175,0.8261,0.8175,0.8175,0.58
K95|ENN3|s13|a0.0001|lr0.0005,0.8175,0.8261,0.8254,0.8175,0.57
K95|ENN3|s13|a0.0001|lr0.001,0.8175,0.8261,0.8254,0.8175,0.57
K112|ENN3|s42|a0.01|lr0.0003,0.8175,0.8261,0.754,0.8175,0.535
K112|ENN3|s42|a0.05|lr0.0003,0.8175,0.8261,0.754,0.8175,0.535
K112|ENN3|s42|a0.05|lr0.001,0.8175,0.8261,0.7698,0.8175,0.545
K111|ENN2|s42|a0.01|lr0.0003,0.8175,0.8261,0.8095,0.8175,0.685
K111|ENN2|s42|a0.01|lr0.0005,0.8175,0.8261,0.8016,0.8175,0.7
K111|ENN2|s42|a0.001|lr0.001,0.8175,0.8261,0.8016,0.8175,0.705
K111|ENN2|s42|a0.0001|lr0.0003,0.8175,0.8261,0.8095,0.8175,0.685
K111|ENN2|s42|a0.001|lr0.0005,0.8175,0.8261,0.8016,0.8175,0.705
K111|ENN2|s42|a0.001|lr0.0003,0.8175,0.8261,0.8095,0.8175,0.685
K111|ENN2|s42|a0.0001|lr0.001,0.8175,0.8261,0.8095,0.8175,0.705
K110|ENN2|s7|a0.001|lr0.001,0.8175,0.8261,0.8175,0.8175,0.655
arch300x200x100x50x25|s99|a0.01|lr0.001,0.8175,0.8261,0.7381,0.8175,0.91
arch300x200x100x50x25|s99|a0.05|lr0.001,0.8175,0.8261,0.7619,0.8175,0.895
K95|ENN3|s33|a0.01|lr0.0003,0.8175,0.8261,0.7857,0.8175,0.88
K95|ENN3|s33|a0.01|lr0.0005,0.8175,0.8261,0.7778,0.8175,0.88
K95|ENN3|s33|a0.01|lr0.001,0.8175,0.8261,0.7857,0.8175,0.9
K95|ENN3|s33|a0.05|lr0.0003,0.8175,0.8261,0.7857,0.8175,0.875
K95|ENN3|s33|a0.05|lr0.0005,0.8175,0.8261,0.7778,0.8175,0.88
K110|ENN2|s7|a0.0001|lr0.001,0.8175,0.8261,0.8175,0.8175,0.655
K95|ENN3|s33|a0.001|lr0.0005,0.8175,0.8261,0.7778,0.8175,0.885
K95|ENN3|s33|a0.001|lr0.0003,0.8175,0.8261,0.7857,0.8175,0.88
K95|ENN3|s33|a0.0001|lr0.0005,0.8175,0.8261,0.7778,0.8175,0.885
K95|ENN3|s33|a0.0001|lr0.0003,0.8175,0.8261,0.7857,0.8175,0.88
K110|ENN2|s7|a0.01|lr0.001,0.8175,0.8261,0.8175,0.8175,0.655
K110|ENN2|s7|a0.05|lr0.001,0.8175,0.8261,0.8175,0.8175,0.655
arch300x200x100x50x25|s99|a0.001|lr0.001,0.8175,0.8261,0.7381,0.8175,0.915
arch300x200x100x50x25|s99|a0.0001|lr0.001,0.8175,0.8261,0.746,0.8175,0.915
K111|ENN2|s42|a0.0001|lr0.0005,0.8175,0.8261,0.8016,0.8175,0.705
K112|ENN3|s42|a0.0001|lr0.0003,0.8175,0.8261,0.754,0.8175,0.535
K112|ENN3|s42|a0.0001|lr0.001,0.8175,0.8261,0.7698,0.8175,0.545
K112|ENN3|s42|a0.01|lr0.001,0.8175,0.8261,0.7698,0.8175,0.545
K112|ENN3|s42|a0.001|lr0.001,0.8175,0.8261,0.7698,0.8175,0.545
K112|ENN3|s42|a0.001|lr0.0003,0.8175,0.8261,0.754,0.8175,0.535
K95|ENN3|s33|a0.05|lr0.001,0.8175,0.8261,0.7778,0.8175,0.895
K95|ENN3|s99|a0.01|lr0.0005,0.8083,0.8261,0.6984,0.7976,0.605
K95|ENN3|s99|a0.0001|lr0.0003,0.8083,0.8261,0.7063,0.7976,0.59
K107|ENN5|s0|a0.0001|lr0.0005,0.8083,0.8261,0.7698,0.7976,0.71
K95|ENN3|s99|a0.0001|lr0.001,0.8083,0.8261,0.7222,0.7976,0.63
K95|ENN3|s99|a0.01|lr0.001,0.8083,0.8261,0.7222,0.7976,0.63
K95|ENN3|s99|a0.01|lr0.0003,0.8083,0.8261,0.7063,0.7976,0.59
K95|ENN3|s99|a0.001|lr0.001,0.8083,0.8261,0.7222,0.7976,0.63
K95|ENN3|s99|a0.001|lr0.0003,0.8083,0.8261,0.7063,0.7976,0.59
K95|ENN3|s99|a0.001|lr0.0005,0.8083,0.8261,0.6984,0.7976,0.605
K107|ENN3|s7|a0.01|lr0.001,0.8083,0.8261,0.746,0.7976,0.865
K95|ENN4|s99|a0.001|lr0.0003,0.8083,0.8261,0.6825,0.7976,0.605
K95|ENN4|s99|a0.001|lr0.0005,0.8083,0.8261,0.7222,0.7976,0.63
K95|ENN4|s99|a0.001|lr0.001,0.8083,0.8261,0.7143,0.7976,0.63
K95|ENN5|s99|a0.01|lr0.001,0.8083,0.8261,0.7063,0.7976,0.645
K95|ENN5|s99|a0.001|lr0.001,0.8083,0.8261,0.7063,0.7976,0.645
K95|ENN4|s99|a0.0001|lr0.0005,0.8083,0.8261,0.7222,0.7976,0.63
K95|ENN4|s99|a0.0001|lr0.0003,0.8083,0.8261,0.6825,0.7976,0.605
K95|ENN4|s99|a0.0001|lr0.001,0.8083,0.8261,0.7143,0.7976,0.63
K95|ENN5|s99|a0.05|lr0.001,0.8083,0.8261,0.7063,0.7976,0.64
K95|ENN5|s99|a0.0001|lr0.001,0.8083,0.8261,0.7063,0.7976,0.645
K95|ENN3|s99|a0.0001|lr0.0005,0.8083,0.8261,0.6984,0.7976,0.605
arch400x300x200x100|s99|a0.0001|lr0.001,0.8083,0.8261,0.7778,0.7976,0.725
K107|ENN3|s7|a0.05|lr0.001,0.8083,0.8261,0.754,0.7976,0.865
arch400x300x200x100|s99|a0.001|lr0.001,0.8083,0.8261,0.7778,0.7976,0.725
K107|ENN3|s7|a0.001|lr0.001,0.8083,0.8261,0.746,0.7976,0.87
K95|ENN3|s99|a0.05|lr0.0005,0.8083,0.8261,0.6984,0.7976,0.605
K95|ENN3|s99|a0.05|lr0.0003,0.8083,0.8261,0.7063,0.7976,0.59
K108|ENN3|s7|a0.05|lr0.0005,0.8083,0.8261,0.7381,0.7976,0.63
K115|ENN3|s21|a0.0001|lr0.001,0.8083,0.8261,0.8333,0.7976,0.68
K108|ENN3|s7|a0.05|lr0.0003,0.8083,0.8261,0.7381,0.7976,0.625
K108|ENN3|s7|a0.01|lr0.0005,0.8083,0.8261,0.7381,0.7976,0.63
K108|ENN3|s7|a0.001|lr0.0005,0.8083,0.8261,0.7381,0.7976,0.63
K95|ENN2|s99|a0.0001|lr0.0003,0.8083,0.8261,0.7302,0.7976,0.595
K115|ENN4|s76|a0.05|lr0.001,0.8083,0.8261,0.746,0.7976,0.585
K115|ENN4|s76|a0.01|lr0.001,0.8083,0.8261,0.746,0.7976,0.585
K108|ENN3|s7|a0.001|lr0.0003,0.8083,0.8261,0.7381,0.7976,0.625
K120|ENN2|s99|a0.05|lr0.001,0.8083,0.8261,0.7063,0.7976,0.575
K115|ENN4|s76|a0.001|lr0.001,0.8083,0.8261,0.746,0.7976,0.585
K107|ENN3|s7|a0.0001|lr0.001,0.8083,0.8261,0.746,0.7976,0.87
arch400x200x100x50|s99|a0.01|lr0.0003,0.8083,0.8261,0.7381,0.7976,0.79
K108|ENN3|s7|a0.01|lr0.0003,0.8083,0.8261,0.7381,0.7976,0.625
K95|ENN2|s99|a0.001|lr0.0003,0.8083,0.8261,0.7302,0.7976,0.595
K90|ENN3|s76|a0.05|lr0.0003,0.8083,0.8261,0.7698,0.7976,0.575
K95|ENN3|s99|a0.05|lr0.001,0.8083,0.8261,0.7222,0.7976,0.63
K107|ENN5|s0|a0.001|lr0.0005,0.8083,0.8261,0.7698,0.7976,0.71
K108|ENN3|s7|a0.0001|lr0.0003,0.8083,0.8261,0.7381,0.7976,0.625
K108|ENN3|s7|a0.0001|lr0.0005,0.8083,0.8261,0.7381,0.7976,0.63
K107|ENN5|s0|a0.01|lr0.0005,0.8083,0.8261,0.7698,0.7976,0.71
K107|ENN5|s0|a0.05|lr0.0005,0.8083,0.8261,0.7698,0.7976,0.71
K90|ENN3|s76|a0.001|lr0.0003,0.8083,0.8261,0.7619,0.7976,0.575
K90|ENN3|s76|a0.01|lr0.0003,0.8083,0.8261,0.7619,0.7976,0.575
arch400x200x100x50|s99|a0.0001|lr0.0003,0.8083,0.8261,0.7381,0.7976,0.795
arch400x200x100x50|s99|a0.0001|lr0.0005,0.8083,0.8261,0.7302,0.7976,0.815
arch400x200x100x50|s99|a0.001|lr0.0003,0.8083,0.8261,0.7381,0.7976,0.79
arch400x200x100x50|s99|a0.001|lr0.0005,0.8083,0.8261,0.7302,0.7976,0.815
K115|ENN3|s21|a0.05|lr0.001,0.8083,0.8261,0.8254,0.7976,0.68
K115|ENN4|s76|a0.0001|lr0.001,0.8083,0.8261,0.746,0.7976,0.585
arch512x256x128x64x32|s42|a0.05|lr0.001,0.8083,0.8261,0.6905,0.7976,0.53
K107|ENN2|s0|a0.001|lr0.0003,0.8083,0.8261,0.746,0.7976,0.635
K107|ENN2|s0|a0.01|lr0.0003,0.8083,0.8261,0.746,0.7976,0.635
K107|ENN2|s0|a0.05|lr0.0003,0.8083,0.8261,0.746,0.7976,0.635
K110|ENN2|s7|a0.01|lr0.0005,0.8083,0.8261,0.8175,0.7976,0.68
K110|ENN2|s7|a0.05|lr0.0003,0.8083,0.8261,0.8175,0.7976,0.675
K110|ENN2|s7|a0.05|lr0.0005,0.8083,0.8261,0.8175,0.7976,0.68
arch512x256x128x64x32|s42|a0.01|lr0.001,0.8083,0.8261,0.6905,0.7976,0.53
K110|ENN2|s7|a0.01|lr0.0003,0.8083,0.8261,0.8175,0.7976,0.675
K115|ENN3|s21|a0.01|lr0.001,0.8083,0.8261,0.8254,0.7976,0.68
K95|ENN2|s99|a0.05|lr0.0003,0.8083,0.8261,0.7302,0.7976,0.595
K95|ENN2|s99|a0.01|lr0.0003,0.8083,0.8261,0.7302,0.7976,0.595
K110|ENN2|s7|a0.0001|lr0.0003,0.8083,0.8261,0.8175,0.7976,0.675
K110|ENN2|s7|a0.0001|lr0.0005,0.8083,0.8261,0.8175,0.7976,0.68
K110|ENN2|s7|a0.001|lr0.0003,0.8083,0.8261,0.8175,0.7976,0.675
K110|ENN2|s7|a0.001|lr0.0005,0.8083,0.8261,0.8175,0.7976,0.68
K115|ENN3|s21|a0.001|lr0.001,0.8083,0.8261,0.8333,0.7976,0.68
arch400x200x100x50|s99|a0.05|lr0.0003,0.8083,0.8261,0.7381,0.7976,0.79
K90|ENN4|s21|a0.0001|lr0.001,0.8083,0.8261,0.7222,0.7976,0.59
K113|ENN2|s13|a0.05|lr0.0005,0.8083,0.8261,0.746,0.7976,0.54
K90|ENN5|s21|a0.01|lr0.0005,0.8083,0.8261,0.7698,0.7976,0.595
K95|ENN4|s13|a0.001|lr0.0003,0.8083,0.8261,0.7857,0.7976,0.58
K95|ENN4|s13|a0.001|lr0.0005,0.8083,0.8261,0.7937,0.7976,0.585
K90|ENN4|s21|a0.001|lr0.001,0.8083,0.8261,0.7222,0.7976,0.59
K95|ENN4|s13|a0.01|lr0.0003,0.8083,0.8261,0.7857,0.7976,0.58
K95|ENN4|s13|a0.01|lr0.0005,0.8083,0.8261,0.7937,0.7976,0.585
K95|ENN4|s13|a0.05|lr0.0003,0.8083,0.8261,0.7857,0.7976,0.58
K95|ENN4|s13|a0.05|lr0.0005,0.8083,0.8261,0.7937,0.7976,0.585
K95|ENN4|s13|a0.0001|lr0.0003,0.8083,0.8261,0.7857,0.7976,0.58
K95|ENN4|s13|a0.0001|lr0.0005,0.8083,0.8261,0.7937,0.7976,0.585
K107|ENN2|s0|a0.0001|lr0.0003,0.8083,0.8261,0.746,0.7976,0.635
arch512x256x128x64x32|s42|a0.0001|lr0.001,0.8083,0.8261,0.6905,0.7976,0.53
K95|ENN4|s99|a0.01|lr0.0003,0.8083,0.8261,0.6825,0.7976,0.605
K113|ENN2|s13|a0.01|lr0.0005,0.8083,0.8261,0.746,0.7976,0.54
K113|ENN2|s13|a0.01|lr0.0003,0.8083,0.8261,0.7619,0.7976,0.54
K113|ENN2|s13|a0.001|lr0.0005,0.8083,0.8261,0.746,0.7976,0.54
K113|ENN2|s13|a0.001|lr0.0003,0.8083,0.8261,0.7619,0.7976,0.54
K113|ENN2|s13|a0.0001|lr0.0005,0.8083,0.8261,0.746,0.7976,0.54
K113|ENN2|s13|a0.0001|lr0.0003,0.8083,0.8261,0.7619,0.7976,0.54
K90|ENN4|s21|a0.05|lr0.001,0.8083,0.8261,0.7222,0.7976,0.59
K90|ENN4|s21|a0.01|lr0.001,0.8083,0.8261,0.7222,0.7976,0.59
K90|ENN5|s21|a0.001|lr0.0003,0.8083,0.8261,0.7698,0.7976,0.59
K90|ENN5|s21|a0.0001|lr0.0005,0.8083,0.8261,0.7778,0.7976,0.595
K90|ENN5|s21|a0.0001|lr0.0003,0.8083,0.8261,0.7698,0.7976,0.59
K110|ENN5|s7|a0.0001|lr0.0005,0.8083,0.8261,0.8254,0.7976,0.74
K90|ENN5|s21|a0.05|lr0.0005,0.8083,0.8261,0.7698,0.7976,0.595
K90|ENN5|s21|a0.05|lr0.0003,0.8083,0.8261,0.7698,0.7976,0.59
arch512x256x128x64x32|s42|a0.001|lr0.001,0.8083,0.8261,0.6905,0.7976,0.53
K110|ENN5|s7|a0.01|lr0.0005,0.8083,0.8261,0.8254,0.7976,0.74
K110|ENN5|s7|a0.001|lr0.0005,0.8083,0.8261,0.8254,0.7976,0.74
K110|ENN5|s7|a0.05|lr0.0005,0.8083,0.8261,0.8333,0.7976,0.74
K95|ENN4|s99|a0.05|lr0.0005,0.8083,0.8261,0.7222,0.7976,0.63
K95|ENN4|s99|a0.05|lr0.001,0.8083,0.8261,0.7143,0.7976,0.63
K113|ENN2|s13|a0.05|lr0.0003,0.8083,0.8261,0.7619,0.7976,0.545
K90|ENN5|s21|a0.001|lr0.0005,0.8083,0.8261,0.7778,0.7976,0.595
K90|ENN5|s21|a0.01|lr0.0003,0.8083,0.8261,0.7698,0.7976,0.59
K95|ENN4|s99|a0.01|lr0.001,0.8083,0.8261,0.7143,0.7976,0.63
K95|ENN4|s99|a0.05|lr0.0003,0.8083,0.8261,0.6825,0.7976,0.605
K95|ENN4|s99|a0.01|lr0.0005,0.8083,0.8261,0.7222,0.7976,0.63
K90|ENN5|s42|a0.05|lr0.001,0.8083,0.8261,0.7381,0.7976,0.57
K90|ENN5|s42|a0.01|lr0.001,0.8083,0.8261,0.7302,0.7976,0.57
K90|ENN5|s42|a0.001|lr0.001,0.8083,0.8261,0.7302,0.7976,0.57
K90|ENN5|s42|a0.0001|lr0.001,0.8083,0.8261,0.7302,0.7976,0.57
arch400x300x200x100|s99|a0.01|lr0.001,0.8083,0.8261,0.7778,0.7976,0.725
arch512x256x128x64x32|s0|a0.0001|lr0.0003,0.7946,0.8261,0.7302,0.7778,0.92
arch512x256x128x64x32|s0|a0.0001|lr0.0005,0.7946,0.8261,0.7302,0.7778,0.92
arch512x256x128x64x32|s0|a0.001|lr0.0003,0.7946,0.8261,0.7143,0.7778,0.91
arch512x256x128x64x32|s0|a0.001|lr0.0005,0.7946,0.8261,0.7222,0.7778,0.92
arch512x256x128x64x32|s0|a0.01|lr0.0003,0.7946,0.8261,0.7302,0.7778,0.92
arch512x256x128x64x32|s0|a0.05|lr0.0003,0.7946,0.8261,0.7302,0.7778,0.915
arch512x256x128x64x32|s0|a0.05|lr0.0005,0.7946,0.8261,0.7063,0.7778,0.92
arch200x150x100x50|s0|a0.0001|lr0.0003,0.7946,0.8261,0.7698,0.7778,0.78
arch200x150x100x50|s0|a0.0001|lr0.0005,0.7946,0.8261,0.7698,0.7778,0.8
arch200x150x100x50|s0|a0.0001|lr0.001,0.7946,0.8261,0.7619,0.7778,0.825
arch256x128x64x32|s99|a0.001|lr0.0003,0.7946,0.8261,0.7619,0.7778,0.855
arch256x128x64x32|s99|a0.001|lr0.0005,0.7946,0.8261,0.754,0.7778,0.875
arch256x128x64x32|s99|a0.01|lr0.0003,0.7946,0.8261,0.7619,0.7778,0.855
arch256x128x64x32|s99|a0.01|lr0.0005,0.7946,0.8261,0.746,0.7778,0.855
arch256x128x64x32|s99|a0.05|lr0.0003,0.7946,0.8261,0.754,0.7778,0.84
arch256x128x64x32|s99|a0.05|lr0.0005,0.7946,0.8261,0.746,0.7778,0.85
arch300x200x100x50x25|s99|a0.001|lr0.0003,0.7946,0.8261,0.754,0.7778,0.805
arch300x200x100x50x25|s99|a0.001|lr0.0005,0.7946,0.8261,0.7619,0.7778,0.86
arch256x128x64x32|s99|a0.0001|lr0.0003,0.7946,0.8261,0.7619,0.7778,0.855
arch256x128x64x32|s99|a0.0001|lr0.0005,0.7946,0.8261,0.754,0.7778,0.875
K111|ENN3|s42|a0.05|lr0.0003,0.7946,0.8261,0.7857,0.7778,0.755
K90|ENN3|s76|a0.0001|lr0.001,0.7946,0.8261,0.754,0.7778,0.61
K90|ENN3|s76|a0.001|lr0.0005,0.7946,0.8261,0.754,0.7778,0.61
K90|ENN3|s76|a0.001|lr0.001,0.7946,0.8261,0.754,0.7778,0.61
K90|ENN3|s76|a0.05|lr0.0005,0.7946,0.8261,0.754,0.7778,0.61
K90|ENN3|s76|a0.05|lr0.001,0.7946,0.8261,0.754,0.7778,0.61
K130|ENN4|s99|a0.0001|lr0.0003,0.7946,0.8261,0.7698,0.7778,0.54
K130|ENN4|s99|a0.001|lr0.0003,0.7946,0.8261,0.7698,0.7778,0.54
K130|ENN4|s99|a0.01|lr0.0003,0.7946,0.8261,0.7619,0.7778,0.54
K90|ENN3|s76|a0.0001|lr0.0005,0.7946,0.8261,0.754,0.7778,0.61
K90|ENN3|s76|a0.01|lr0.0005,0.7946,0.8261,0.754,0.7778,0.61
K90|ENN3|s76|a0.01|lr0.001,0.7946,0.8261,0.754,0.7778,0.61
K107|ENN4|s0|a0.0001|lr0.0003,0.7946,0.8261,0.7619,0.7778,0.75
K107|ENN4|s0|a0.0001|lr0.0005,0.7946,0.8261,0.7857,0.7778,0.765
K107|ENN4|s0|a0.0001|lr0.001,0.7946,0.8261,0.7619,0.7778,0.765
K107|ENN4|s0|a0.001|lr0.0003,0.7946,0.8261,0.7619,0.7778,0.75
K107|ENN4|s0|a0.001|lr0.0005,0.7946,0.8261,0.7857,0.7778,0.765
K107|ENN4|s0|a0.001|lr0.001,0.7946,0.8261,0.7619,0.7778,0.765
K107|ENN4|s0|a0.01|lr0.0003,0.7946,0.8261,0.7619,0.7778,0.75
K107|ENN4|s0|a0.01|lr0.0005,0.7946,0.8261,0.7857,0.7778,0.765
K107|ENN4|s0|a0.01|lr0.001,0.7946,0.8261,0.7619,0.7778,0.765
K107|ENN4|s0|a0.05|lr0.0003,0.7946,0.8261,0.7619,0.7778,0.75
K112|ENN3|s42|a0.0001|lr0.0005,0.7946,0.8261,0.7619,0.7778,0.57
K112|ENN3|s42|a0.001|lr0.0005,0.7946,0.8261,0.7619,0.7778,0.57
K112|ENN3|s42|a0.01|lr0.0005,0.7946,0.8261,0.7619,0.7778,0.57
K112|ENN3|s42|a0.05|lr0.0005,0.7946,0.8261,0.7619,0.7778,0.57
K107|ENN4|s0|a0.05|lr0.0005,0.7946,0.8261,0.7857,0.7778,0.765
K107|ENN4|s0|a0.05|lr0.001,0.7946,0.8261,0.7619,0.7778,0.76
K107|ENN5|s0|a0.0001|lr0.0003,0.7946,0.8261,0.7778,0.7778,0.74
K107|ENN5|s0|a0.0001|lr0.001,0.7946,0.8261,0.754,0.7778,0.73
K107|ENN5|s0|a0.001|lr0.0003,0.7946,0.8261,0.7778,0.7778,0.745
K107|ENN5|s0|a0.001|lr0.001,0.7946,0.8261,0.754,0.7778,0.73
K107|ENN5|s0|a0.01|lr0.0003,0.7946,0.8261,0.7778,0.7778,0.745
K107|ENN5|s0|a0.01|lr0.001,0.7946,0.8261,0.754,0.7778,0.73
K107|ENN5|s0|a0.05|lr0.0003,0.7946,0.8261,0.7778,0.7778,0.74
K107|ENN5|s0|a0.05|lr0.001,0.7946,0.8261,0.754,0.7778,0.73
K108|ENN2|s7|a0.0001|lr0.001,0.7946,0.8261,0.7698,0.7778,0.785
K95|ENN2|s21|a0.01|lr0.001,0.7946,0.8261,0.7222,0.7778,0.605
K95|ENN2|s21|a0.05|lr0.001,0.7946,0.8261,0.7222,0.7778,0.605
K108|ENN2|s7|a0.001|lr0.001,0.7946,0.8261,0.7698,0.7778,0.785
K108|ENN2|s7|a0.01|lr0.001,0.7946,0.8261,0.7698,0.7778,0.785
K108|ENN2|s7|a0.05|lr0.001,0.7946,0.8261,0.7619,0.7778,0.785
K113|ENN3|s7|a0.001|lr0.001,0.7946,0.8261,0.6508,0.7778,0.55
K113|ENN3|s7|a0.01|lr0.0005,0.7946,0.8261,0.6667,0.7778,0.55
K95|ENN2|s21|a0.0001|lr0.001,0.7946,0.8261,0.7222,0.7778,0.605
K95|ENN2|s21|a0.001|lr0.001,0.7946,0.8261,0.7222,0.7778,0.605
K115|ENN3|s76|a0.0001|lr0.0003,0.7946,0.8261,0.754,0.7778,0.865
K113|ENN3|s7|a0.0001|lr0.001,0.7946,0.8261,0.6508,0.7778,0.55
K115|ENN3|s76|a0.0001|lr0.0005,0.7946,0.8261,0.754,0.7778,0.87
K115|ENN3|s76|a0.0001|lr0.001,0.7946,0.8261,0.7302,0.7778,0.89
K115|ENN3|s76|a0.001|lr0.0003,0.7946,0.8261,0.754,0.7778,0.865
K115|ENN3|s76|a0.001|lr0.0005,0.7946,0.8261,0.7381,0.7778,0.875
K115|ENN3|s76|a0.001|lr0.001,0.7946,0.8261,0.7302,0.7778,0.89
K115|ENN3|s76|a0.01|lr0.0003,0.7946,0.8261,0.754,0.7778,0.865
K115|ENN3|s76|a0.01|lr0.0005,0.7946,0.8261,0.754,0.7778,0.875
K115|ENN3|s76|a0.01|lr0.001,0.7946,0.8261,0.7302,0.7778,0.89
K115|ENN3|s76|a0.05|lr0.0003,0.7946,0.8261,0.754,0.7778,0.86
K115|ENN3|s76|a0.05|lr0.0005,0.7946,0.8261,0.7381,0.7778,0.85
K113|ENN3|s7|a0.01|lr0.001,0.7946,0.8261,0.6587,0.7778,0.55
K113|ENN3|s7|a0.05|lr0.0005,0.7946,0.8261,0.6667,0.7778,0.55
K113|ENN3|s7|a0.05|lr0.001,0.7946,0.8261,0.6587,0.7778,0.55
arch200x150x100x50|s0|a0.001|lr0.0003,0.7946,0.8261,0.7698,0.7778,0.78
arch200x150x100x50|s0|a0.001|lr0.0005,0.7946,0.8261,0.7698,0.7778,0.8
arch200x150x100x50|s0|a0.001|lr0.001,0.7946,0.8261,0.7619,0.7778,0.825
arch200x150x100x50|s0|a0.01|lr0.0003,0.7946,0.8261,0.7698,0.7778,0.78
arch200x150x100x50|s0|a0.01|lr0.0005,0.7946,0.8261,0.7619,0.7778,0.8
arch200x150x100x50|s0|a0.01|lr0.001,0.7946,0.8261,0.7619,0.7778,0.825
arch200x150x100x50|s0|a0.05|lr0.0003,0.7946,0.8261,0.7778,0.7778,0.78
arch200x150x100x50|s0|a0.05|lr0.0005,0.7946,0.8261,0.7619,0.7778,0.795
arch200x150x100x50|s0|a0.05|lr0.001,0.7946,0.8261,0.7619,0.7778,0.825
K90|ENN2|s13|a0.01|lr0.0003,0.7826,0.7826,0.8175,0.8214,0.715
K95|ENN2|s13|a0.001|lr0.001,0.781,0.7826,0.8333,0.8016,0.48
K95|ENN2|s13|a0.05|lr0.001,0.781,0.7826,0.8333,0.8016,0.48
K95|ENN2|s13|a0.01|lr0.001,0.781,0.7826,0.8333,0.8016,0.48
K100|ENN5|s0|a0.001|lr0.001,0.781,0.7826,0.8492,0.8016,0.58
K100|ENN5|s0|a0.0001|lr0.001,0.781,0.7826,0.8492,0.8016,0.58
K100|ENN5|s0|a0.05|lr0.001,0.781,0.7826,0.8492,0.8016,0.58
arch600x300x150x75|s42|a0.01|lr0.0003,0.781,0.7826,0.8333,0.8016,0.56
K95|ENN2|s13|a0.0001|lr0.001,0.781,0.7826,0.8333,0.8016,0.48
arch600x300x150x75|s42|a0.0001|lr0.0003,0.781,0.7826,0.8333,0.8016,0.56
arch600x300x150x75|s42|a0.05|lr0.0003,0.781,0.7826,0.8333,0.8016,0.56
arch600x300x150x75|s42|a0.001|lr0.0003,0.781,0.7826,0.8333,0.8016,0.56
K100|ENN4|s13|a0.001|lr0.0005,0.7758,0.7826,0.746,0.7817,0.55
K100|ENN3|s13|a0.001|lr0.001,0.7758,0.7826,0.746,0.7817,0.575
K100|ENN4|s13|a0.05|lr0.001,0.7758,0.7826,0.7619,0.7817,0.585
K100|ENN4|s13|a0.05|lr0.0005,0.7758,0.7826,0.746,0.7817,0.55
K100|ENN4|s13|a0.0001|lr0.0005,0.7758,0.7826,0.746,0.7817,0.55
K100|ENN4|s13|a0.0001|lr0.0003,0.7758,0.7826,0.7222,0.7817,0.55
K100|ENN4|s13|a0.001|lr0.0003,0.7758,0.7826,0.7302,0.7817,0.55
K100|ENN4|s13|a0.0001|lr0.001,0.7758,0.7826,0.754,0.7817,0.59
K100|ENN4|s13|a0.001|lr0.001,0.7758,0.7826,0.754,0.7817,0.59
K100|ENN3|s13|a0.01|lr0.0005,0.7758,0.7826,0.746,0.7817,0.55
K100|ENN3|s13|a0.01|lr0.001,0.7758,0.7826,0.746,0.7817,0.575
K100|ENN3|s13|a0.05|lr0.0005,0.7758,0.7826,0.746,0.7817,0.55
K100|ENN5|s0|a0.01|lr0.001,0.7758,0.7826,0.8492,0.7817,0.585
K100|ENN5|s0|a0.05|lr0.0005,0.7758,0.7826,0.8016,0.7817,0.59
K105|ENN3|s7|a0.0001|lr0.0003,0.7758,0.7826,0.7222,0.7817,0.79
K95|ENN3|s33|a0.001|lr0.001,0.7758,0.7826,0.7857,0.7817,0.9
arch300x200x100x50x25|s99|a0.0001|lr0.0005,0.7758,0.7826,0.754,0.7817,0.825
arch300x200x100x50x25|s99|a0.05|lr0.0005,0.7758,0.7826,0.754,0.7817,0.82
K90|ENN5|s42|a0.001|lr0.0005,0.7758,0.7826,0.7222,0.7817,0.54
K90|ENN5|s42|a0.01|lr0.0005,0.7758,0.7826,0.7222,0.7817,0.54
K100|ENN4|s13|a0.05|lr0.0003,0.7758,0.7826,0.7302,0.7817,0.55
K100|ENN3|s13|a0.05|lr0.001,0.7758,0.7826,0.746,0.7817,0.575
K100|ENN4|s13|a0.01|lr0.0003,0.7758,0.7826,0.7222,0.7817,0.55
K100|ENN4|s13|a0.01|lr0.0005,0.7758,0.7826,0.746,0.7817,0.55
K100|ENN4|s13|a0.01|lr0.001,0.7758,0.7826,0.754,0.7817,0.59
K130|ENN3|s21|a0.01|lr0.001,0.7758,0.7826,0.6429,0.7817,0.765
K130|ENN3|s21|a0.01|lr0.0003,0.7758,0.7826,0.6667,0.7817,0.665
K130|ENN3|s21|a0.001|lr0.0003,0.7758,0.7826,0.6587,0.7817,0.665
K130|ENN3|s21|a0.0001|lr0.001,0.7758,0.7826,0.6429,0.7817,0.76
K130|ENN3|s21|a0.0001|lr0.0003,0.7758,0.7826,0.6587,0.7817,0.665
K108|ENN5|s42|a0.0001|lr0.0003,0.7758,0.7826,0.7381,0.7817,0.585
K108|ENN5|s42|a0.01|lr0.0003,0.7758,0.7826,0.7381,0.7817,0.585
K108|ENN5|s42|a0.001|lr0.0003,0.7758,0.7826,0.746,0.7817,0.585
K120|ENN4|s13|a0.01|lr0.0003,0.7758,0.7826,0.7778,0.7817,0.48
K120|ENN4|s13|a0.05|lr0.0003,0.7758,0.7826,0.7778,0.7817,0.48
K95|ENN3|s76|a0.01|lr0.0005,0.7758,0.7826,0.746,0.7817,0.855
K108|ENN5|s42|a0.05|lr0.0003,0.7758,0.7826,0.7381,0.7817,0.585
K130|ENN3|s21|a0.05|lr0.0003,0.7758,0.7826,0.6587,0.7817,0.665
K120|ENN3|s33|a0.05|lr0.0003,0.7758,0.7826,0.7619,0.7817,0.745
K120|ENN4|s13|a0.0001|lr0.0003,0.7758,0.7826,0.7778,0.7817,0.48
K120|ENN4|s13|a0.001|lr0.0003,0.7758,0.7826,0.7778,0.7817,0.48
K95|ENN3|s76|a0.0001|lr0.0005,0.7758,0.7826,0.746,0.7817,0.85
K95|ENN3|s76|a0.0001|lr0.001,0.7758,0.7826,0.746,0.7817,0.88
K95|ENN3|s76|a0.001|lr0.0003,0.7758,0.7826,0.746,0.7817,0.83
K95|ENN3|s76|a0.001|lr0.0005,0.7758,0.7826,0.746,0.7817,0.855
K95|ENN3|s76|a0.001|lr0.001,0.7758,0.7826,0.746,0.7817,0.88
K120|ENN3|s76|a0.0001|lr0.0003,0.7758,0.7826,0.6905,0.7817,0.41
K120|ENN3|s76|a0.001|lr0.0003,0.7758,0.7826,0.6905,0.7817,0.41
K120|ENN3|s76|a0.01|lr0.0003,0.7758,0.7826,0.6905,0.7817,0.41
K120|ENN3|s76|a0.05|lr0.0003,0.7758,0.7826,0.6984,0.7817,0.41
K120|ENN3|s33|a0.0001|lr0.0003,0.7758,0.7826,0.7619,0.7817,0.745
K113|ENN3|s13|a0.001|lr0.0003,0.7758,0.7826,0.754,0.7817,0.52
K95|ENN3|s76|a0.01|lr0.001,0.7758,0.7826,0.746,0.7817,0.88
K95|ENN3|s76|a0.05|lr0.0003,0.7758,0.7826,0.746,0.7817,0.83
K95|ENN3|s76|a0.05|lr0.0005,0.7758,0.7826,0.746,0.7817,0.85
K95|ENN3|s76|a0.05|lr0.001,0.7758,0.7826,0.746,0.7817,0.88
K95|ENN3|s76|a0.0001|lr0.0003,0.7758,0.7826,0.746,0.7817,0.83
K113|ENN3|s13|a0.05|lr0.0005,0.7758,0.7826,0.7778,0.7817,0.53
K113|ENN3|s13|a0.05|lr0.0003,0.7758,0.7826,0.754,0.7817,0.52
K113|ENN3|s13|a0.01|lr0.0005,0.7758,0.7826,0.7698,0.7817,0.53
K113|ENN3|s13|a0.01|lr0.0003,0.7758,0.7826,0.754,0.7817,0.52
K113|ENN3|s13|a0.001|lr0.0005,0.7758,0.7826,0.7698,0.7817,0.53
K90|ENN3|s21|a0.01|lr0.0005,0.7758,0.7826,0.7143,0.7817,0.575
K90|ENN3|s21|a0.05|lr0.0005,0.7758,0.7826,0.7143,0.7817,0.575
K90|ENN3|s21|a0.01|lr0.001,0.7758,0.7826,0.7143,0.7817,0.575
K120|ENN3|s33|a0.001|lr0.0003,0.7758,0.7826,0.7619,0.7817,0.745
K120|ENN3|s33|a0.01|lr0.0003,0.7758,0.7826,0.7619,0.7817,0.745
K90|ENN3|s21|a0.0001|lr0.0005,0.7758,0.7826,0.7143,0.7817,0.575
K90|ENN3|s21|a0.0001|lr0.001,0.7758,0.7826,0.7143,0.7817,0.575
K90|ENN3|s21|a0.05|lr0.001,0.7758,0.7826,0.7143,0.7817,0.575
K115|ENN2|s99|a0.01|lr0.001,0.7758,0.7826,0.8016,0.7817,0.585
K113|ENN3|s13|a0.0001|lr0.0003,0.7758,0.7826,0.754,0.7817,0.52
K113|ENN3|s13|a0.0001|lr0.0005,0.7758,0.7826,0.7698,0.7817,0.53
K108|ENN3|s42|a0.0001|lr0.0003,0.7758,0.7826,0.7381,0.7817,0.6
K95|ENN3|s76|a0.01|lr0.0003,0.7758,0.7826,0.746,0.7817,0.83
K90|ENN3|s21|a0.001|lr0.001,0.7758,0.7826,0.7143,0.7817,0.575
K90|ENN3|s21|a0.001|lr0.0005,0.7758,0.7826,0.7143,0.7817,0.575
K108|ENN3|s42|a0.001|lr0.0003,0.7758,0.7826,0.7381,0.7817,0.6
K108|ENN3|s42|a0.01|lr0.0003,0.7758,0.7826,0.7381,0.7817,0.6
K108|ENN3|s42|a0.05|lr0.0003,0.7758,0.7826,0.7381,0.7817,0.595
K90|ENN5|s42|a0.05|lr0.0005,0.7758,0.7826,0.7222,0.7817,0.54
K100|ENN2|s0|a0.05|lr0.0005,0.7758,0.7826,0.8175,0.7817,0.565
K100|ENN2|s0|a0.01|lr0.0005,0.7758,0.7826,0.8175,0.7817,0.57
K100|ENN2|s0|a0.001|lr0.0005,0.7758,0.7826,0.8175,0.7817,0.57
K90|ENN5|s42|a0.0001|lr0.0005,0.7758,0.7826,0.7222,0.7817,0.54
K100|ENN3|s13|a0.001|lr0.0005,0.7758,0.7826,0.746,0.7817,0.55
K100|ENN3|s13|a0.0001|lr0.001,0.7758,0.7826,0.746,0.7817,0.575
K100|ENN3|s13|a0.0001|lr0.0005,0.7758,0.7826,0.746,0.7817,0.55
K100|ENN2|s0|a0.0001|lr0.0005,0.7758,0.7826,0.8175,0.7817,0.57
arch400x300x200x100|s99|a0.05|lr0.001,0.7667,0.7826,0.7778,0.7619,0.725
arch600x300x150x75|s21|a0.05|lr0.0005,0.7667,0.7826,0.7063,0.7619,0.53
arch600x300x150x75|s21|a0.01|lr0.0005,0.7667,0.7826,0.7063,0.7619,0.53
arch600x300x150x75|s21|a0.001|lr0.0005,0.7667,0.7826,0.7063,0.7619,0.535
arch600x300x150x75|s21|a0.0001|lr0.0005,0.7667,0.7826,0.7063,0.7619,0.535
K90|ENN2|s76|a0.05|lr0.0003,0.7667,0.7826,0.754,0.7619,0.57
arch600x300x150x75|s0|a0.05|lr0.0003,0.7667,0.7826,0.7302,0.7619,0.58
arch600x300x150x75|s0|a0.01|lr0.0003,0.7667,0.7826,0.7302,0.7619,0.58
arch600x300x150x75|s0|a0.001|lr0.0005,0.7667,0.7826,0.7381,0.7619,0.605
K95|ENN5|s99|a0.05|lr0.0005,0.7667,0.7826,0.6667,0.7619,0.595
K95|ENN5|s99|a0.05|lr0.0003,0.7667,0.7826,0.6667,0.7619,0.58
K95|ENN5|s99|a0.01|lr0.0005,0.7667,0.7826,0.6667,0.7619,0.595
K95|ENN5|s99|a0.01|lr0.0003,0.7667,0.7826,0.6667,0.7619,0.58
K95|ENN5|s99|a0.001|lr0.0005,0.7667,0.7826,0.6746,0.7619,0.595
K95|ENN5|s99|a0.001|lr0.0003,0.7667,0.7826,0.6667,0.7619,0.58
arch600x300x150x75|s0|a0.0001|lr0.0005,0.7667,0.7826,0.7381,0.7619,0.605
arch600x300x150x75|s0|a0.0001|lr0.0003,0.7667,0.7826,0.7302,0.7619,0.58
K90|ENN2|s76|a0.0001|lr0.0003,0.7667,0.7826,0.754,0.7619,0.57
K90|ENN2|s76|a0.001|lr0.0003,0.7667,0.7826,0.754,0.7619,0.57
K90|ENN2|s76|a0.01|lr0.0003,0.7667,0.7826,0.754,0.7619,0.57
SpecMFCC_K100_ENN|s76|a0.001,0.7667,0.7826,0.7619,0.7619,0.66
K110|ENN5|s13|a0.001|lr0.0005,0.7667,0.7826,0.6905,0.7619,0.785
K110|ENN5|s13|a0.0001|lr0.001,0.7667,0.7826,0.6905,0.7619,0.81
K110|ENN5|s13|a0.0001|lr0.0005,0.7667,0.7826,0.6905,0.7619,0.785
K113|ENN3|s7|a0.01|lr0.0003,0.7667,0.7826,0.6667,0.7619,0.535
K90|ENN5|s42|a0.001|lr0.0003,0.7667,0.7826,0.6984,0.7619,0.56
K90|ENN5|s42|a0.0001|lr0.0003,0.7667,0.7826,0.7063,0.7619,0.56
K90|ENN5|s76|a0.01|lr0.0003,0.7667,0.7826,0.7143,0.7619,0.51
K90|ENN5|s76|a0.001|lr0.0005,0.7667,0.7826,0.7381,0.7619,0.535
K90|ENN5|s76|a0.001|lr0.0003,0.7667,0.7826,0.7143,0.7619,0.51
K90|ENN5|s76|a0.0001|lr0.0005,0.7667,0.7826,0.7381,0.7619,0.535
K90|ENN5|s76|a0.0001|lr0.0003,0.7667,0.7826,0.7143,0.7619,0.51
K112|ENN2|s76|a0.05|lr0.0003,0.7667,0.7826,0.746,0.7619,0.57
K112|ENN3|s13|a0.001|lr0.0005,0.7667,0.7826,0.746,0.7619,0.75
K112|ENN3|s13|a0.0001|lr0.001,0.7667,0.7826,0.7381,0.7619,0.81
K120|ENN2|s99|a0.01|lr0.001,0.7667,0.7826,0.6984,0.7619,0.57
K120|ENN2|s99|a0.001|lr0.001,0.7667,0.7826,0.6984,0.7619,0.57
K113|ENN2|s13|a0.01|lr0.001,0.7667,0.7826,0.7222,0.7619,0.545
K113|ENN2|s13|a0.001|lr0.001,0.7667,0.7826,0.7222,0.7619,0.545
K113|ENN2|s13|a0.0001|lr0.001,0.7667,0.7826,0.7222,0.7619,0.545
K112|ENN3|s13|a0.05|lr0.001,0.7667,0.7826,0.7381,0.7619,0.815
K112|ENN3|s13|a0.01|lr0.001,0.7667,0.7826,0.7381,0.7619,0.815
K112|ENN3|s13|a0.01|lr0.0005,0.7667,0.7826,0.746,0.7619,0.77
K112|ENN3|s13|a0.001|lr0.001,0.7667,0.7826,0.7381,0.7619,0.815
K110|ENN5|s13|a0.01|lr0.001,0.7667,0.7826,0.6746,0.7619,0.78
K110|ENN5|s13|a0.01|lr0.0005,0.7667,0.7826,0.6905,0.7619,0.785
K110|ENN5|s13|a0.001|lr0.001,0.7667,0.7826,0.6905,0.7619,0.815
K90|ENN3|s21|a0.01|lr0.0003,0.7667,0.7826,0.7381,0.7619,0.59
K90|ENN3|s21|a0.001|lr0.0003,0.7667,0.7826,0.7302,0.7619,0.59
K90|ENN3|s21|a0.0001|lr0.0003,0.7667,0.7826,0.7302,0.7619,0.59
K90|ENN3|s33|a0.05|lr0.0005,0.7667,0.7826,0.7302,0.7619,0.58
K90|ENN3|s33|a0.05|lr0.0003,0.7667,0.7826,0.7302,0.7619,0.565
K90|ENN3|s33|a0.01|lr0.0005,0.7667,0.7826,0.7302,0.7619,0.58
K90|ENN3|s33|a0.01|lr0.0003,0.7667,0.7826,0.7222,0.7619,0.565
K90|ENN3|s33|a0.001|lr0.0005,0.7667,0.7826,0.7302,0.7619,0.58
K90|ENN3|s33|a0.001|lr0.0003,0.7667,0.7826,0.7222,0.7619,0.565
K113|ENN2|s13|a0.05|lr0.001,0.7667,0.7826,0.7222,0.7619,0.545
K110|ENN2|s33|a0.05|lr0.0003,0.7667,0.7826,0.7063,0.7619,0.61
K115|ENN2|s76|a0.05|lr0.0005,0.7667,0.7826,0.6984,0.7619,0.555
K113|ENN4|s7|a0.05|lr0.001,0.7667,0.7826,0.6429,0.7619,0.895
K108|ENN3|s7|a0.0001|lr0.001,0.7667,0.7826,0.7222,0.7619,0.67
K90|ENN3|s33|a0.0001|lr0.0005,0.7667,0.7826,0.7302,0.7619,0.58
K90|ENN3|s33|a0.0001|lr0.0003,0.7667,0.7826,0.7222,0.7619,0.565
K90|ENN3|s21|a0.05|lr0.0003,0.7667,0.7826,0.7302,0.7619,0.59
K115|ENN3|s99|a0.05|lr0.001,0.7667,0.7826,0.7302,0.7619,0.53
K115|ENN3|s99|a0.05|lr0.0005,0.7667,0.7826,0.7143,0.7619,0.525
K115|ENN3|s99|a0.05|lr0.0003,0.7667,0.7826,0.7302,0.7619,0.52
K115|ENN3|s99|a0.01|lr0.001,0.7667,0.7826,0.7302,0.7619,0.53
K115|ENN3|s99|a0.01|lr0.0005,0.7667,0.7826,0.7143,0.7619,0.525
K115|ENN3|s99|a0.01|lr0.0003,0.7667,0.7826,0.7302,0.7619,0.52
K108|ENN4|s21|a0.05|lr0.0005,0.7667,0.7826,0.7143,0.7619,0.65
K108|ENN3|s7|a0.05|lr0.001,0.7667,0.7826,0.7222,0.7619,0.67
K108|ENN3|s7|a0.01|lr0.001,0.7667,0.7826,0.7222,0.7619,0.67
K108|ENN3|s7|a0.001|lr0.001,0.7667,0.7826,0.7222,0.7619,0.67
K125|ENN3|s42|a0.05|lr0.0003,0.7667,0.7826,0.7302,0.7619,0.835
K125|ENN2|s33|a0.05|lr0.001,0.7667,0.7826,0.6508,0.7619,0.765
K125|ENN2|s33|a0.01|lr0.001,0.7667,0.7826,0.6508,0.7619,0.765
K125|ENN2|s33|a0.001|lr0.001,0.7667,0.7826,0.6508,0.7619,0.765
K125|ENN2|s33|a0.0001|lr0.001,0.7667,0.7826,0.6508,0.7619,0.765
K120|ENN4|s99|a0.05|lr0.0005,0.7667,0.7826,0.6349,0.7619,0.605
K120|ENN4|s99|a0.01|lr0.0005,0.7667,0.7826,0.6349,0.7619,0.605
K90|ENN3|s76|a0.0001|lr0.0003,0.7667,0.7826,0.7619,0.7619,0.57
arch300x150x75x25|s7|a0.0001|lr0.0005,0.7667,0.7826,0.7302,0.7619,0.695
arch300x150x75x25|s7|a0.0001|lr0.0003,0.7667,0.7826,0.746,0.7619,0.69
K115|ENN3|s99|a0.001|lr0.0005,0.7667,0.7826,0.7143,0.7619,0.525
K115|ENN3|s99|a0.001|lr0.0003,0.7667,0.7826,0.7222,0.7619,0.52
K115|ENN3|s99|a0.0001|lr0.001,0.7667,0.7826,0.7302,0.7619,0.53
K115|ENN3|s99|a0.0001|lr0.0005,0.7667,0.7826,0.7143,0.7619,0.525
K115|ENN3|s99|a0.0001|lr0.0003,0.7667,0.7826,0.7222,0.7619,0.52
K110|ENN2|s13|a0.05|lr0.001,0.7667,0.7826,0.6984,0.7619,0.68
K110|ENN2|s13|a0.05|lr0.0005,0.7667,0.7826,0.7063,0.7619,0.675
K110|ENN2|s13|a0.05|lr0.0003,0.7667,0.7826,0.7063,0.7619,0.66
K110|ENN2|s13|a0.01|lr0.0005,0.7667,0.7826,0.7063,0.7619,0.675
K110|ENN2|s13|a0.001|lr0.001,0.7667,0.7826,0.6984,0.7619,0.68
K110|ENN2|s13|a0.001|lr0.0005,0.7667,0.7826,0.7063,0.7619,0.675
K110|ENN2|s13|a0.0001|lr0.0005,0.7667,0.7826,0.7063,0.7619,0.675
arch300x150x75x25|s7|a0.05|lr0.0005,0.7667,0.7826,0.7302,0.7619,0.695
arch300x150x75x25|s7|a0.05|lr0.0003,0.7667,0.7826,0.746,0.7619,0.69
arch300x150x75x25|s7|a0.01|lr0.0005,0.7667,0.7826,0.7302,0.7619,0.695
arch300x150x75x25|s7|a0.01|lr0.0003,0.7667,0.7826,0.746,0.7619,0.69
arch300x150x75x25|s7|a0.001|lr0.0005,0.7667,0.7826,0.7302,0.7619,0.695
arch300x150x75x25|s7|a0.001|lr0.0003,0.7667,0.7826,0.746,0.7619,0.69
K90|ENN5|s76|a0.05|lr0.0003,0.7667,0.7826,0.7143,0.7619,0.51
K90|ENN5|s76|a0.01|lr0.0005,0.7667,0.7826,0.7381,0.7619,0.535
K111|ENN3|s33|a0.01|lr0.001,0.7667,0.7826,0.7143,0.7619,0.92
K111|ENN3|s33|a0.001|lr0.001,0.7667,0.7826,0.7302,0.7619,0.92
K111|ENN3|s33|a0.0001|lr0.001,0.7667,0.7826,0.7302,0.7619,0.92
K111|ENN3|s76|a0.05|lr0.001,0.7667,0.7826,0.7302,0.7619,0.59
K111|ENN3|s76|a0.05|lr0.0005,0.7667,0.7826,0.7222,0.7619,0.595
K111|ENN3|s76|a0.01|lr0.001,0.7667,0.7826,0.7222,0.7619,0.59
K111|ENN3|s76|a0.01|lr0.0005,0.7667,0.7826,0.7222,0.7619,0.6
K111|ENN3|s76|a0.001|lr0.001,0.7667,0.7826,0.7222,0.7619,0.59
K111|ENN3|s76|a0.0001|lr0.001,0.7667,0.7826,0.7222,0.7619,0.59
K90|ENN5|s42|a0.05|lr0.0003,0.7667,0.7826,0.7063,0.7619,0.56
K90|ENN5|s42|a0.01|lr0.0003,0.7667,0.7826,0.7063,0.7619,0.55
K107|ENN2|s7|a0.05|lr0.001,0.7667,0.7826,0.7302,0.7619,0.605
K107|ENN2|s7|a0.01|lr0.001,0.7667,0.7826,0.7302,0.7619,0.605
K107|ENN2|s7|a0.001|lr0.001,0.7667,0.7826,0.7302,0.7619,0.605
arch500x250x100x50|s99|a0.01|lr0.001,0.7667,0.7826,0.7302,0.7619,0.7
arch500x250x100x50|s99|a0.001|lr0.001,0.7667,0.7826,0.7302,0.7619,0.7
arch500x250x100x50|s99|a0.0001|lr0.001,0.7667,0.7826,0.7302,0.7619,0.7
arch400x200x100x50|s99|a0.05|lr0.0005,0.7667,0.7826,0.7302,0.7619,0.81
arch400x200x100x50|s99|a0.01|lr0.0005,0.7667,0.7826,0.7302,0.7619,0.815
K95|ENN3|s33|a0.0001|lr0.001,0.7667,0.7826,0.7619,0.7619,0.92
K107|ENN2|s7|a0.0001|lr0.001,0.7667,0.7826,0.7302,0.7619,0.605
arch512x256x128x64x32|s76|a0.001|lr0.0005,0.7667,0.7826,0.754,0.7619,0.54
arch512x256x128x64x32|s76|a0.0001|lr0.0005,0.7667,0.7826,0.754,0.7619,0.54
arch512x256x128x64x32|s42|a0.05|lr0.0005,0.7667,0.7826,0.6746,0.7619,0.525
arch512x256x128x64x32|s42|a0.01|lr0.0005,0.7667,0.7826,0.6746,0.7619,0.525
arch512x256x128x64x32|s42|a0.001|lr0.0005,0.7667,0.7826,0.6746,0.7619,0.525
arch512x256x128x64x32|s42|a0.0001|lr0.0005,0.7667,0.7826,0.6746,0.7619,0.525
K105|ENN4|s13|a0.01|lr0.0003,0.7667,0.7826,0.6984,0.7619,0.63
K105|ENN4|s13|a0.001|lr0.0003,0.7667,0.7826,0.6984,0.7619,0.63
K105|ENN2|s99|a0.05|lr0.001,0.7667,0.7826,0.7857,0.7619,0.68
K105|ENN2|s99|a0.01|lr0.001,0.7667,0.7826,0.7857,0.7619,0.68
K105|ENN2|s99|a0.001|lr0.001,0.7667,0.7826,0.7857,0.7619,0.68
K105|ENN2|s99|a0.0001|lr0.001,0.7667,0.7826,0.7857,0.7619,0.68
K105|ENN2|s76|a0.05|lr0.001,0.7667,0.7826,0.6667,0.7619,0.685
K105|ENN2|s76|a0.01|lr0.001,0.7667,0.7826,0.6667,0.7619,0.685
K105|ENN2|s76|a0.001|lr0.001,0.7667,0.7826,0.6667,0.7619,0.685
K105|ENN2|s76|a0.0001|lr0.001,0.7667,0.7826,0.6587,0.7619,0.685
K95|ENN5|s99|a0.0001|lr0.0005,0.7667,0.7826,0.6746,0.7619,0.595
K95|ENN5|s99|a0.0001|lr0.0003,0.7667,0.7826,0.6667,0.7619,0.58
K112|ENN2|s76|a0.01|lr0.0003,0.7667,0.7826,0.746,0.7619,0.57
K112|ENN2|s76|a0.001|lr0.0003,0.7667,0.7826,0.746,0.7619,0.57
K112|ENN2|s76|a0.0001|lr0.0003,0.7667,0.7826,0.746,0.7619,0.57
K111|ENN4|s7|a0.05|lr0.001,0.7667,0.7826,0.6429,0.7619,0.645
K111|ENN4|s7|a0.01|lr0.001,0.7667,0.7826,0.6429,0.7619,0.645
K111|ENN4|s7|a0.001|lr0.001,0.7667,0.7826,0.6429,0.7619,0.645
K111|ENN4|s7|a0.0001|lr0.001,0.7667,0.7826,0.6429,0.7619,0.645
K111|ENN4|s42|a0.05|lr0.001,0.7667,0.7826,0.7937,0.7619,0.78
K111|ENN4|s42|a0.01|lr0.001,0.7667,0.7826,0.7937,0.7619,0.78
K111|ENN4|s42|a0.001|lr0.001,0.7667,0.7826,0.7937,0.7619,0.78
K111|ENN4|s42|a0.0001|lr0.001,0.7667,0.7826,0.7937,0.7619,0.78
K111|ENN3|s33|a0.05|lr0.001,0.7667,0.7826,0.7143,0.7619,0.915
K90|ENN5|s76|a0.05|lr0.0005,0.7667,0.7826,0.7381,0.7619,0.535
arch512x256x128x64x32|s0|a0.05|lr0.001,0.7667,0.7826,0.7143,0.7619,0.915
arch512x256x128x64x32|s0|a0.01|lr0.001,0.7667,0.7826,0.7222,0.7619,0.92
arch512x256x128x64x32|s0|a0.001|lr0.001,0.7667,0.7826,0.7143,0.7619,0.92
arch512x256x128x64x32|s0|a0.0001|lr0.001,0.7667,0.7826,0.7143,0.7619,0.92
arch512x256x128x64x32|s76|a0.05|lr0.0005,0.7667,0.7826,0.754,0.7619,0.54
arch512x256x128x64x32|s76|a0.01|lr0.0005,0.7667,0.7826,0.754,0.7619,0.54
K100|ENN5|s42|a0.05|lr0.001,0.7667,0.7826,0.7063,0.7619,0.585
K100|ENN5|s42|a0.05|lr0.0005,0.7667,0.7826,0.7381,0.7619,0.57
K100|ENN5|s42|a0.05|lr0.0003,0.7667,0.7826,0.746,0.7619,0.555
K100|ENN5|s42|a0.01|lr0.001,0.7667,0.7826,0.7143,0.7619,0.585
K100|ENN5|s42|a0.01|lr0.0005,0.7667,0.7826,0.7381,0.7619,0.565
K100|ENN5|s42|a0.01|lr0.0003,0.7667,0.7826,0.746,0.7619,0.555
K100|ENN5|s42|a0.001|lr0.001,0.7667,0.7826,0.6984,0.7619,0.58
K100|ENN5|s42|a0.001|lr0.0005,0.7667,0.7826,0.7381,0.7619,0.57
K100|ENN5|s42|a0.001|lr0.0003,0.7667,0.7826,0.746,0.7619,0.555
K100|ENN5|s42|a0.0001|lr0.001,0.7667,0.7826,0.6984,0.7619,0.585
K100|ENN5|s42|a0.0001|lr0.0005,0.7667,0.7826,0.7381,0.7619,0.57
K100|ENN5|s42|a0.0001|lr0.0003,0.7667,0.7826,0.746,0.7619,0.555
K100|ENN4|s0|a0.001|lr0.0005,0.7667,0.7826,0.7937,0.7619,0.51
K110|ENN2|s76|a0.05|lr0.001,0.7667,0.7826,0.7302,0.7619,0.55
K110|ENN2|s76|a0.05|lr0.0005,0.7667,0.7826,0.7302,0.7619,0.545
K110|ENN2|s76|a0.05|lr0.0003,0.7667,0.7826,0.7302,0.7619,0.53
K110|ENN2|s76|a0.01|lr0.001,0.7667,0.7826,0.7302,0.7619,0.55
K110|ENN2|s76|a0.01|lr0.0005,0.7667,0.7826,0.7302,0.7619,0.545
K110|ENN2|s76|a0.01|lr0.0003,0.7667,0.7826,0.7302,0.7619,0.53
K110|ENN2|s76|a0.001|lr0.001,0.7667,0.7826,0.7302,0.7619,0.55
K110|ENN2|s76|a0.001|lr0.0005,0.7667,0.7826,0.7302,0.7619,0.545
K110|ENN2|s76|a0.001|lr0.0003,0.7667,0.7826,0.7302,0.7619,0.53
K110|ENN2|s76|a0.0001|lr0.001,0.7667,0.7826,0.7302,0.7619,0.55
K110|ENN2|s76|a0.0001|lr0.0005,0.7667,0.7826,0.7302,0.7619,0.545
K110|ENN2|s76|a0.0001|lr0.0003,0.7667,0.7826,0.7302,0.7619,0.53
K115|ENN3|s99|a0.001|lr0.001,0.7667,0.7826,0.7302,0.7619,0.53
K100|ENN3|s76|a0.001|lr0.0005,0.7667,0.7826,0.6984,0.7619,0.935
K100|ENN3|s76|a0.0001|lr0.0005,0.7667,0.7826,0.6984,0.7619,0.94
K113|ENN4|s7|a0.05|lr0.0005,0.7667,0.7826,0.6349,0.7619,0.815
K113|ENN4|s7|a0.05|lr0.0003,0.7667,0.7826,0.6429,0.7619,0.765
K113|ENN4|s7|a0.01|lr0.0005,0.7667,0.7826,0.6349,0.7619,0.815
K113|ENN4|s7|a0.01|lr0.0003,0.7667,0.7826,0.627,0.7619,0.775
K113|ENN4|s7|a0.001|lr0.001,0.7667,0.7826,0.6349,0.7619,0.925
K113|ENN4|s7|a0.001|lr0.0005,0.7667,0.7826,0.6349,0.7619,0.815
K113|ENN4|s7|a0.001|lr0.0003,0.7667,0.7826,0.627,0.7619,0.775
K113|ENN4|s7|a0.0001|lr0.0005,0.7667,0.7826,0.6349,0.7619,0.815
K113|ENN4|s7|a0.0001|lr0.0003,0.7667,0.7826,0.627,0.7619,0.77
K100|ENN4|s0|a0.0001|lr0.0005,0.7667,0.7826,0.7937,0.7619,0.51
K100|ENN3|s76|a0.05|lr0.0005,0.7667,0.7826,0.6984,0.7619,0.94
K100|ENN3|s76|a0.01|lr0.0005,0.7667,0.7826,0.6984,0.7619,0.935
arch600x300x150x75|s0|a0.001|lr0.0003,0.7667,0.7826,0.7302,0.7619,0.58
SpecMFCC_K100_ENN|s76|a0.01,0.7667,0.7826,0.7619,0.7619,0.66
SpecMFCC_K100_ENN|s76|a0.05,0.7667,0.7826,0.754,0.7619,0.66
K115|ENN3|s76|a0.05|lr0.001,0.7527,0.7826,0.7222,0.7421,0.815
K90|ENN2|s13|a0.001|lr0.001,0.7527,0.7826,0.8016,0.7421,0.895
K90|ENN2|s13|a0.01|lr0.0005,0.7527,0.7826,0.8016,0.7421,0.86
K90|ENN2|s13|a0.01|lr0.001,0.7527,0.7826,0.8016,0.7421,0.9
K90|ENN2|s13|a0.05|lr0.0005,0.7527,0.7826,0.8016,0.7421,0.86
K90|ENN2|s13|a0.05|lr0.001,0.7527,0.7826,0.8016,0.7421,0.895
K90|ENN2|s76|a0.0001|lr0.0005,0.7527,0.7826,0.754,0.7421,0.595
K90|ENN2|s76|a0.0001|lr0.001,0.7527,0.7826,0.754,0.7421,0.59
K90|ENN2|s76|a0.001|lr0.0005,0.7527,0.7826,0.754,0.7421,0.595
K90|ENN2|s76|a0.001|lr0.001,0.7527,0.7826,0.754,0.7421,0.59
K115|ENN4|s76|a0.0001|lr0.0003,0.7527,0.7826,0.6825,0.7421,0.55
K115|ENN4|s76|a0.0001|lr0.0005,0.7527,0.7826,0.7063,0.7421,0.56
K115|ENN4|s76|a0.001|lr0.0003,0.7527,0.7826,0.6825,0.7421,0.55
K115|ENN4|s76|a0.001|lr0.0005,0.7527,0.7826,0.7063,0.7421,0.56
K115|ENN4|s76|a0.01|lr0.0003,0.7527,0.7826,0.6825,0.7421,0.55
K115|ENN4|s76|a0.01|lr0.0005,0.7527,0.7826,0.7063,0.7421,0.56
K115|ENN4|s76|a0.05|lr0.0003,0.7527,0.7826,0.6825,0.7421,0.55
K115|ENN4|s76|a0.05|lr0.0005,0.7527,0.7826,0.7063,0.7421,0.56
K115|ENN2|s99|a0.001|lr0.0003,0.7527,0.7826,0.7619,0.7421,0.59
K115|ENN2|s99|a0.001|lr0.0005,0.7527,0.7826,0.7619,0.7421,0.595
K115|ENN2|s99|a0.001|lr0.001,0.7527,0.7826,0.8016,0.7421,0.625
K115|ENN2|s99|a0.01|lr0.0003,0.7527,0.7826,0.7619,0.7421,0.59
K115|ENN2|s99|a0.01|lr0.0005,0.7527,0.7826,0.7619,0.7421,0.595
K115|ENN2|s99|a0.05|lr0.0003,0.7527,0.7826,0.7619,0.7421,0.59
K115|ENN2|s99|a0.05|lr0.0005,0.7527,0.7826,0.7619,0.7421,0.595
K115|ENN2|s99|a0.05|lr0.001,0.7527,0.7826,0.8016,0.7421,0.625
K90|ENN2|s13|a0.001|lr0.0005,0.7527,0.7826,0.8095,0.7421,0.86
K115|ENN2|s99|a0.0001|lr0.0003,0.7527,0.7826,0.7619,0.7421,0.59
K115|ENN2|s99|a0.0001|lr0.0005,0.7527,0.7826,0.7619,0.7421,0.595
K115|ENN2|s99|a0.0001|lr0.001,0.7527,0.7826,0.8016,0.7421,0.625
K115|ENN2|s76|a0.0001|lr0.001,0.7527,0.7826,0.7143,0.7421,0.585
K115|ENN2|s76|a0.001|lr0.001,0.7527,0.7826,0.7143,0.7421,0.585
K120|ENN2|s99|a0.0001|lr0.001,0.7527,0.7826,0.6984,0.7421,0.575
K113|ENN4|s0|a0.001|lr0.0005,0.7527,0.7826,0.6429,0.7421,0.63
K113|ENN4|s0|a0.001|lr0.001,0.7527,0.7826,0.6429,0.7421,0.63
K113|ENN4|s0|a0.01|lr0.0003,0.7527,0.7826,0.6587,0.7421,0.63
K113|ENN4|s0|a0.01|lr0.0005,0.7527,0.7826,0.6429,0.7421,0.63
K113|ENN4|s0|a0.01|lr0.001,0.7527,0.7826,0.6429,0.7421,0.63
K113|ENN4|s0|a0.05|lr0.0003,0.7527,0.7826,0.6508,0.7421,0.63
K113|ENN4|s0|a0.05|lr0.0005,0.7527,0.7826,0.6429,0.7421,0.63
K113|ENN4|s0|a0.05|lr0.001,0.7527,0.7826,0.6429,0.7421,0.63
K113|ENN4|s0|a0.0001|lr0.0003,0.7527,0.7826,0.6508,0.7421,0.63
K113|ENN4|s0|a0.0001|lr0.0005,0.7527,0.7826,0.6429,0.7421,0.63
K113|ENN4|s0|a0.0001|lr0.001,0.7527,0.7826,0.6429,0.7421,0.63
K113|ENN4|s0|a0.001|lr0.0003,0.7527,0.7826,0.6587,0.7421,0.63
K113|ENN3|s7|a0.0001|lr0.0005,0.7527,0.7826,0.6667,0.7421,0.55
K113|ENN3|s7|a0.001|lr0.0005,0.7527,0.7826,0.6667,0.7421,0.55
K120|ENN3|s0|a0.0001|lr0.0005,0.7527,0.7826,0.6746,0.7421,0.86
K120|ENN3|s0|a0.001|lr0.0005,0.7527,0.7826,0.6746,0.7421,0.86
K120|ENN3|s0|a0.01|lr0.0005,0.7527,0.7826,0.6746,0.7421,0.86
K100|ENN2|s42|a0.0001|lr0.001,0.7527,0.7826,0.746,0.7421,0.62
K90|ENN4|s33|a0.01|lr0.001,0.7527,0.7826,0.7857,0.7421,0.64
K90|ENN4|s33|a0.0001|lr0.001,0.7527,0.7826,0.7857,0.7421,0.64
K90|ENN4|s33|a0.001|lr0.001,0.7527,0.7826,0.7857,0.7421,0.64
K120|ENN4|s99|a0.0001|lr0.0005,0.7527,0.7826,0.6349,0.7421,0.62
K120|ENN4|s99|a0.001|lr0.0003,0.7527,0.7826,0.6349,0.7421,0.595
K120|ENN4|s99|a0.001|lr0.0005,0.7527,0.7826,0.627,0.7421,0.62
K120|ENN4|s99|a0.01|lr0.0003,0.7527,0.7826,0.6349,0.7421,0.595
K112|ENN5|s13|a0.0001|lr0.001,0.7527,0.7826,0.7222,0.7421,0.56
K112|ENN5|s13|a0.001|lr0.001,0.7527,0.7826,0.7222,0.7421,0.56
K112|ENN5|s13|a0.01|lr0.001,0.7527,0.7826,0.7222,0.7421,0.56
K112|ENN5|s13|a0.05|lr0.001,0.7527,0.7826,0.7222,0.7421,0.56
K90|ENN5|s76|a0.0001|lr0.001,0.7527,0.7826,0.7857,0.7421,0.61
K90|ENN5|s76|a0.001|lr0.001,0.7527,0.7826,0.7857,0.7421,0.61
K90|ENN4|s33|a0.05|lr0.001,0.7527,0.7826,0.7778,0.7421,0.64
K111|ENN5|s0|a0.0001|lr0.0003,0.7527,0.7826,0.746,0.7421,0.73
K111|ENN5|s0|a0.001|lr0.0003,0.7527,0.7826,0.746,0.7421,0.73
K111|ENN5|s0|a0.01|lr0.0003,0.7527,0.7826,0.746,0.7421,0.73
K111|ENN5|s0|a0.05|lr0.0003,0.7527,0.7826,0.7381,0.7421,0.73
K111|ENN4|s7|a0.05|lr0.0005,0.7527,0.7826,0.627,0.7421,0.635
K130|ENN3|s0|a0.0001|lr0.0003,0.7527,0.7826,0.7063,0.7421,0.6
K130|ENN3|s0|a0.0001|lr0.0005,0.7527,0.7826,0.7063,0.7421,0.6
K130|ENN3|s0|a0.0001|lr0.001,0.7527,0.7826,0.6984,0.7421,0.6
K130|ENN3|s0|a0.001|lr0.0003,0.7527,0.7826,0.6984,0.7421,0.6
K130|ENN3|s0|a0.001|lr0.0005,0.7527,0.7826,0.7063,0.7421,0.6
K130|ENN3|s0|a0.001|lr0.001,0.7527,0.7826,0.6984,0.7421,0.6
K130|ENN3|s0|a0.01|lr0.0003,0.7527,0.7826,0.6984,0.7421,0.6
K130|ENN3|s0|a0.01|lr0.0005,0.7527,0.7826,0.7063,0.7421,0.6
K130|ENN3|s0|a0.01|lr0.001,0.7527,0.7826,0.6984,0.7421,0.6
K130|ENN3|s0|a0.05|lr0.0003,0.7527,0.7826,0.7063,0.7421,0.6
K130|ENN3|s0|a0.05|lr0.0005,0.7527,0.7826,0.7063,0.7421,0.595
K130|ENN3|s0|a0.05|lr0.001,0.7527,0.7826,0.6984,0.7421,0.6
K100|ENN2|s42|a0.001|lr0.001,0.7527,0.7826,0.746,0.7421,0.62
K100|ENN2|s42|a0.01|lr0.001,0.7527,0.7826,0.746,0.7421,0.62
K100|ENN2|s42|a0.05|lr0.001,0.7527,0.7826,0.746,0.7421,0.615
K111|ENN4|s0|a0.05|lr0.0005,0.7527,0.7826,0.7698,0.7421,0.735
K111|ENN4|s0|a0.0001|lr0.0003,0.7527,0.7826,0.7619,0.7421,0.73
K111|ENN4|s0|a0.0001|lr0.0005,0.7527,0.7826,0.7698,0.7421,0.735
K111|ENN4|s0|a0.001|lr0.0003,0.7527,0.7826,0.7619,0.7421,0.73
K111|ENN4|s0|a0.001|lr0.0005,0.7527,0.7826,0.7698,0.7421,0.735
K111|ENN4|s0|a0.01|lr0.0003,0.7527,0.7826,0.7619,0.7421,0.73
K111|ENN4|s0|a0.01|lr0.0005,0.7527,0.7826,0.7698,0.7421,0.735
K111|ENN4|s0|a0.05|lr0.0003,0.7527,0.7826,0.7619,0.7421,0.73
K90|ENN5|s76|a0.01|lr0.001,0.7527,0.7826,0.7857,0.7421,0.61
K90|ENN5|s76|a0.05|lr0.001,0.7527,0.7826,0.7857,0.7421,0.605
K111|ENN3|s0|a0.0001|lr0.0003,0.7527,0.7826,0.754,0.7421,0.73
K111|ENN3|s0|a0.001|lr0.0003,0.7527,0.7826,0.754,0.7421,0.73
K111|ENN3|s0|a0.01|lr0.0003,0.7527,0.7826,0.754,0.7421,0.73
K111|ENN3|s0|a0.05|lr0.0003,0.7527,0.7826,0.754,0.7421,0.73
K111|ENN3|s42|a0.0001|lr0.0003,0.7527,0.7826,0.7857,0.7421,0.74
K111|ENN3|s42|a0.0001|lr0.0005,0.7527,0.7826,0.7857,0.7421,0.755
K111|ENN3|s42|a0.001|lr0.0003,0.7527,0.7826,0.7857,0.7421,0.74
K111|ENN3|s42|a0.001|lr0.0005,0.7527,0.7826,0.7857,0.7421,0.755
K111|ENN3|s42|a0.01|lr0.0003,0.7527,0.7826,0.7857,0.7421,0.74
K111|ENN3|s42|a0.01|lr0.0005,0.7527,0.7826,0.7857,0.7421,0.755
K111|ENN3|s42|a0.05|lr0.0005,0.7527,0.7826,0.7857,0.7421,0.755
K130|ENN4|s99|a0.05|lr0.0003,0.7527,0.7826,0.746,0.7421,0.505
K130|ENN5|s42|a0.0001|lr0.0003,0.7527,0.7826,0.7143,0.7421,0.63
K130|ENN5|s42|a0.001|lr0.0003,0.7527,0.7826,0.7143,0.7421,0.63
K130|ENN5|s42|a0.01|lr0.0003,0.7527,0.7826,0.7143,0.7421,0.63
K130|ENN5|s42|a0.05|lr0.0003,0.7527,0.7826,0.7143,0.7421,0.625
K90|ENN5|s21|a0.0001|lr0.001,0.7527,0.7826,0.7381,0.7421,0.59
K90|ENN5|s21|a0.001|lr0.001,0.7527,0.7826,0.7381,0.7421,0.59
arch400x300x200x100|s7|a0.001|lr0.001,0.7527,0.7826,0.7698,0.7421,0.685
arch400x300x200x100|s7|a0.01|lr0.001,0.7527,0.7826,0.7698,0.7421,0.685
arch400x300x200x100|s7|a0.05|lr0.001,0.7527,0.7826,0.7698,0.7421,0.685
K90|ENN5|s21|a0.01|lr0.001,0.7527,0.7826,0.7381,0.7421,0.59
K90|ENN5|s21|a0.05|lr0.001,0.7527,0.7826,0.7302,0.7421,0.59
K110|ENN4|s76|a0.05|lr0.001,0.7527,0.7826,0.7698,0.7421,0.615
K110|ENN3|s7|a0.001|lr0.0005,0.7527,0.7826,0.746,0.7421,0.905
K110|ENN3|s7|a0.0001|lr0.0005,0.7527,0.7826,0.746,0.7421,0.905
K110|ENN2|s0|a0.01|lr0.0003,0.7527,0.7826,0.7222,0.7421,0.88
arch400x200x100x50|s99|a0.0001|lr0.001,0.7527,0.7826,0.7063,0.7421,0.875
arch400x200x100x50|s99|a0.001|lr0.001,0.7527,0.7826,0.7063,0.7421,0.875
arch400x200x100x50|s99|a0.01|lr0.001,0.7527,0.7826,0.7063,0.7421,0.875
arch400x200x100x50|s99|a0.05|lr0.001,0.7527,0.7826,0.7143,0.7421,0.875
K109|ENN4|s33|a0.05|lr0.0005,0.7527,0.7826,0.7302,0.7421,0.57
K109|ENN5|s42|a0.0001|lr0.001,0.7527,0.7826,0.6825,0.7421,0.675
K109|ENN5|s42|a0.001|lr0.001,0.7527,0.7826,0.6825,0.7421,0.675
K109|ENN5|s42|a0.01|lr0.001,0.7527,0.7826,0.6825,0.7421,0.67
K109|ENN5|s42|a0.05|lr0.001,0.7527,0.7826,0.6905,0.7421,0.67
K109|ENN4|s33|a0.0001|lr0.0003,0.7527,0.7826,0.7302,0.7421,0.575
K109|ENN4|s33|a0.0001|lr0.0005,0.7527,0.7826,0.7302,0.7421,0.57
K109|ENN4|s33|a0.001|lr0.0003,0.7527,0.7826,0.7222,0.7421,0.575
K109|ENN4|s33|a0.001|lr0.0005,0.7527,0.7826,0.7381,0.7421,0.57
K109|ENN4|s33|a0.01|lr0.0003,0.7527,0.7826,0.7143,0.7421,0.575
K109|ENN4|s33|a0.01|lr0.0005,0.7527,0.7826,0.7302,0.7421,0.57
K109|ENN4|s33|a0.05|lr0.0003,0.7527,0.7826,0.7222,0.7421,0.575
K109|ENN3|s33|a0.05|lr0.0005,0.7527,0.7826,0.6508,0.7421,0.53
K109|ENN4|s42|a0.0001|lr0.001,0.7527,0.7826,0.7063,0.7421,0.65
K109|ENN4|s42|a0.001|lr0.001,0.7527,0.7826,0.7063,0.7421,0.65
K109|ENN4|s42|a0.01|lr0.001,0.7527,0.7826,0.7063,0.7421,0.65
K109|ENN4|s42|a0.05|lr0.001,0.7527,0.7826,0.7063,0.7421,0.65
K109|ENN3|s33|a0.0001|lr0.0003,0.7527,0.7826,0.6508,0.7421,0.525
K109|ENN3|s33|a0.0001|lr0.0005,0.7527,0.7826,0.6508,0.7421,0.53
K109|ENN3|s33|a0.001|lr0.0003,0.7527,0.7826,0.6508,0.7421,0.525
K109|ENN3|s33|a0.001|lr0.0005,0.7527,0.7826,0.6508,0.7421,0.53
K109|ENN3|s33|a0.01|lr0.0003,0.7527,0.7826,0.6508,0.7421,0.525
K109|ENN3|s33|a0.01|lr0.0005,0.7527,0.7826,0.6508,0.7421,0.53
K109|ENN3|s33|a0.05|lr0.0003,0.7527,0.7826,0.6508,0.7421,0.525
arch400x300x200x100|s7|a0.0001|lr0.001,0.7527,0.7826,0.7698,0.7421,0.685
arch500x250x100x50|s13|a0.05|lr0.001,0.7527,0.7826,0.6746,0.7421,0.65
arch500x250x100x50|s76|a0.0001|lr0.001,0.7527,0.7826,0.7063,0.7421,0.93
arch500x250x100x50|s76|a0.001|lr0.001,0.7527,0.7826,0.7063,0.7421,0.93
K108|ENN5|s7|a0.001|lr0.0003,0.7527,0.7826,0.7381,0.7421,0.55
K108|ENN5|s7|a0.01|lr0.0003,0.7527,0.7826,0.7381,0.7421,0.55
K108|ENN5|s7|a0.05|lr0.0003,0.7527,0.7826,0.7381,0.7421,0.55
K108|ENN5|s7|a0.0001|lr0.0003,0.7527,0.7826,0.7381,0.7421,0.55
K108|ENN4|s21|a0.05|lr0.0003,0.7527,0.7826,0.7143,0.7421,0.68
K108|ENN4|s21|a0.0001|lr0.0003,0.7527,0.7826,0.7143,0.7421,0.68
K108|ENN4|s21|a0.001|lr0.0003,0.7527,0.7826,0.7143,0.7421,0.68
K108|ENN4|s21|a0.01|lr0.0003,0.7527,0.7826,0.7143,0.7421,0.68
K95|ENN2|s21|a0.0001|lr0.0005,0.7527,0.7826,0.7381,0.7421,0.57
K95|ENN2|s21|a0.001|lr0.0005,0.7527,0.7826,0.7381,0.7421,0.57
arch256x128x64x32|s76|a0.0001|lr0.0003,0.7527,0.7826,0.6111,0.7421,0.63
arch256x128x64x32|s76|a0.0001|lr0.001,0.7527,0.7826,0.5794,0.7421,0.63
arch256x128x64x32|s76|a0.001|lr0.0003,0.7527,0.7826,0.6111,0.7421,0.63
arch256x128x64x32|s76|a0.001|lr0.001,0.7527,0.7826,0.5794,0.7421,0.63
arch256x128x64x32|s76|a0.01|lr0.0003,0.7527,0.7826,0.6111,0.7421,0.63
arch256x128x64x32|s76|a0.01|lr0.001,0.7527,0.7826,0.5794,0.7421,0.63
arch256x128x64x32|s76|a0.05|lr0.0003,0.7527,0.7826,0.6111,0.7421,0.63
K95|ENN2|s21|a0.01|lr0.0005,0.7527,0.7826,0.7381,0.7421,0.57
K95|ENN2|s21|a0.05|lr0.0005,0.7527,0.7826,0.7381,0.7421,0.57
arch256x128x64x32|s76|a0.05|lr0.001,0.7527,0.7826,0.5794,0.7421,0.63
arch256x128x64x32|s99|a0.0001|lr0.001,0.7527,0.7826,0.746,0.7421,0.88
arch256x128x64x32|s99|a0.001|lr0.001,0.7527,0.7826,0.746,0.7421,0.88
arch256x128x64x32|s99|a0.01|lr0.001,0.7527,0.7826,0.746,0.7421,0.88
arch256x128x64x32|s99|a0.05|lr0.001,0.7527,0.7826,0.746,0.7421,0.88
K107|ENN4|s99|a0.001|lr0.0003,0.7527,0.7826,0.6825,0.7421,0.87
K107|ENN4|s99|a0.01|lr0.0003,0.7527,0.7826,0.6746,0.7421,0.87
K107|ENN4|s99|a0.0001|lr0.0003,0.7527,0.7826,0.6746,0.7421,0.87
arch512x256x128x64x32|s0|a0.01|lr0.0005,0.7527,0.7826,0.7222,0.7421,0.905
arch512x256x128x64x32|s99|a0.0001|lr0.0003,0.7527,0.7826,0.6508,0.7421,0.91
arch512x256x128x64x32|s99|a0.001|lr0.0003,0.7527,0.7826,0.6508,0.7421,0.91
K107|ENN3|s33|a0.0001|lr0.0003,0.7527,0.7826,0.754,0.7421,0.9
K107|ENN3|s33|a0.0001|lr0.0005,0.7527,0.7826,0.754,0.7421,0.91
K107|ENN3|s33|a0.0001|lr0.001,0.7527,0.7826,0.746,0.7421,0.935
K107|ENN3|s33|a0.001|lr0.0003,0.7527,0.7826,0.754,0.7421,0.9
K107|ENN3|s33|a0.001|lr0.0005,0.7527,0.7826,0.7619,0.7421,0.91
K107|ENN3|s33|a0.001|lr0.001,0.7527,0.7826,0.746,0.7421,0.935
K107|ENN3|s33|a0.01|lr0.0003,0.7527,0.7826,0.754,0.7421,0.9
K107|ENN3|s33|a0.01|lr0.0005,0.7527,0.7826,0.7619,0.7421,0.91
K107|ENN3|s33|a0.01|lr0.001,0.7527,0.7826,0.746,0.7421,0.935
K107|ENN3|s33|a0.05|lr0.0003,0.7527,0.7826,0.746,0.7421,0.895
K107|ENN3|s33|a0.05|lr0.0005,0.7527,0.7826,0.754,0.7421,0.91
K107|ENN3|s33|a0.05|lr0.001,0.7527,0.7826,0.746,0.7421,0.93
K100|ENN3|s13|a0.0001|lr0.0003,0.7527,0.7826,0.7381,0.7421,0.57
K100|ENN3|s13|a0.001|lr0.0003,0.7527,0.7826,0.7381,0.7421,0.57
K100|ENN3|s13|a0.01|lr0.0003,0.7527,0.7826,0.7381,0.7421,0.57
K100|ENN3|s13|a0.05|lr0.0003,0.7527,0.7826,0.7381,0.7421,0.57
K95|ENN3|s21|a0.0001|lr0.0005,0.7527,0.7826,0.7302,0.7421,0.565
K95|ENN3|s21|a0.0001|lr0.001,0.7527,0.7826,0.7381,0.7421,0.6
K95|ENN3|s21|a0.001|lr0.0005,0.7527,0.7826,0.7302,0.7421,0.565
K95|ENN3|s21|a0.001|lr0.001,0.7527,0.7826,0.7381,0.7421,0.6
K95|ENN3|s21|a0.01|lr0.0005,0.7527,0.7826,0.7302,0.7421,0.565
K95|ENN3|s21|a0.01|lr0.001,0.7527,0.7826,0.7381,0.7421,0.6
K95|ENN3|s21|a0.05|lr0.0005,0.7527,0.7826,0.7302,0.7421,0.565
K95|ENN3|s21|a0.05|lr0.001,0.7527,0.7826,0.7381,0.7421,0.6
K107|ENN2|s99|a0.0001|lr0.0003,0.7527,0.7826,0.6905,0.7421,0.595
K107|ENN2|s99|a0.001|lr0.0003,0.7527,0.7826,0.6905,0.7421,0.595
K107|ENN2|s99|a0.01|lr0.0003,0.7527,0.7826,0.6905,0.7421,0.595
K107|ENN2|s99|a0.05|lr0.0003,0.7527,0.7826,0.6905,0.7421,0.595
arch600x300x150x75|s0|a0.01|lr0.0005,0.7527,0.7826,0.7302,0.7421,0.635
arch600x300x150x75|s0|a0.05|lr0.0005,0.7527,0.7826,0.7302,0.7421,0.635
arch600x300x150x75|s99|a0.0001|lr0.0003,0.7527,0.7826,0.7222,0.7421,0.785
arch600x300x150x75|s99|a0.0001|lr0.0005,0.7527,0.7826,0.7302,0.7421,0.815
arch600x300x150x75|s99|a0.0001|lr0.001,0.7527,0.7826,0.7302,0.7421,0.88
arch600x300x150x75|s99|a0.001|lr0.0003,0.7527,0.7826,0.7222,0.7421,0.785
arch600x300x150x75|s99|a0.001|lr0.0005,0.7527,0.7826,0.7302,0.7421,0.815
arch600x300x150x75|s99|a0.001|lr0.001,0.7527,0.7826,0.7302,0.7421,0.88
arch600x300x150x75|s99|a0.01|lr0.0003,0.7527,0.7826,0.7222,0.7421,0.785
arch600x300x150x75|s99|a0.01|lr0.0005,0.7527,0.7826,0.7381,0.7421,0.815
arch600x300x150x75|s99|a0.01|lr0.001,0.7527,0.7826,0.7302,0.7421,0.88
arch600x300x150x75|s99|a0.05|lr0.0003,0.7527,0.7826,0.7222,0.7421,0.785
arch600x300x150x75|s99|a0.05|lr0.0005,0.7527,0.7826,0.7381,0.7421,0.815
arch600x300x150x75|s99|a0.05|lr0.001,0.7527,0.7826,0.7381,0.7421,0.88
K105|ENN4|s0|a0.0001|lr0.0003,0.7527,0.7826,0.6587,0.7421,0.81
K105|ENN4|s0|a0.0001|lr0.0005,0.7527,0.7826,0.6667,0.7421,0.865
K105|ENN4|s0|a0.001|lr0.0003,0.7527,0.7826,0.6587,0.7421,0.81
K105|ENN4|s0|a0.001|lr0.0005,0.7527,0.7826,0.6746,0.7421,0.865
K105|ENN4|s0|a0.01|lr0.0003,0.7527,0.7826,0.6587,0.7421,0.81
K105|ENN4|s0|a0.01|lr0.0005,0.7527,0.7826,0.6746,0.7421,0.845
K105|ENN4|s0|a0.05|lr0.0005,0.7527,0.7826,0.6746,0.7421,0.845
K90|ENN2|s76|a0.01|lr0.0005,0.7527,0.7826,0.754,0.7421,0.595
K90|ENN2|s76|a0.01|lr0.001,0.7527,0.7826,0.754,0.7421,0.59
K90|ENN2|s76|a0.05|lr0.0005,0.7527,0.7826,0.7619,0.7421,0.595
K90|ENN2|s76|a0.05|lr0.001,0.7527,0.7826,0.754,0.7421,0.59
K105|ENN3|s0|a0.01|lr0.001,0.7527,0.7826,0.6746,0.7421,0.915
K105|ENN2|s21|a0.001|lr0.001,0.7527,0.7826,0.6746,0.7421,0.57
K105|ENN2|s21|a0.01|lr0.001,0.7527,0.7826,0.6746,0.7421,0.57
K105|ENN2|s21|a0.05|lr0.001,0.7527,0.7826,0.6746,0.7421,0.57
K105|ENN2|s21|a0.0001|lr0.001,0.7527,0.7826,0.6746,0.7421,0.57
arch400x300x200x100|s42|a0.0001|lr0.001,0.7527,0.7826,0.7381,0.7421,0.925
arch400x300x200x100|s42|a0.001|lr0.001,0.7527,0.7826,0.7381,0.7421,0.925
arch400x300x200x100|s42|a0.01|lr0.001,0.7527,0.7826,0.746,0.7421,0.925
K100|ENN4|s0|a0.0001|lr0.0003,0.7527,0.7826,0.7778,0.7421,0.515
K100|ENN4|s0|a0.0001|lr0.001,0.7527,0.7826,0.8016,0.7421,0.52
K100|ENN4|s0|a0.001|lr0.0003,0.7527,0.7826,0.7778,0.7421,0.515
K100|ENN4|s0|a0.001|lr0.001,0.7527,0.7826,0.8016,0.7421,0.52
K100|ENN4|s0|a0.01|lr0.0003,0.7527,0.7826,0.7698,0.7421,0.515
K100|ENN4|s0|a0.01|lr0.0005,0.7527,0.7826,0.7937,0.7421,0.52
K100|ENN4|s0|a0.01|lr0.001,0.7527,0.7826,0.8016,0.7421,0.52
K100|ENN4|s0|a0.05|lr0.0003,0.7527,0.7826,0.7698,0.7421,0.515
K100|ENN4|s0|a0.05|lr0.0005,0.7527,0.7826,0.7937,0.7421,0.52
K100|ENN4|s0|a0.05|lr0.001,0.7527,0.7826,0.7937,0.7421,0.52
K90|ENN2|s13|a0.0001|lr0.0005,0.7527,0.7826,0.8016,0.7421,0.86
K90|ENN2|s13|a0.0001|lr0.001,0.7527,0.7826,0.8016,0.7421,0.895
SpecMFCC_K110_ENN|s42|a0.001,0.7527,0.7826,0.6905,0.7421,0.655
SpecMFCC_K110_ENN|s42|a0.01,0.7527,0.7826,0.6905,0.7421,0.655
SpecMFCC_K110_ENN|s42|a0.05,0.7527,0.7826,0.6905,0.7421,0.655
Fusion3_K80_ENN|s0|a0.001,0.7527,0.7826,0.5952,0.7421,0.63
Fusion3_K80_ENN|s0|a0.01,0.7527,0.7826,0.5952,0.7421,0.63
Fusion3_K80_ENN|s0|a0.05,0.7527,0.7826,0.5952,0.7421,0.63
K90|ENN2|s13|a0.05|lr0.0003,0.7386,0.7391,0.8016,0.7857,0.695
K100|ENN3|s21|a0.0001|lr0.0003,0.7386,0.7391,0.7302,0.7659,0.515
K105|ENN4|s99|a0.001|lr0.001,0.7386,0.7391,0.7619,0.7659,0.58
K100|ENN3|s0|a0.0001|lr0.0003,0.7386,0.7391,0.7857,0.7659,0.51
arch200x150x100x50|s13|a0.05|lr0.001,0.7386,0.7391,0.746,0.7857,0.57
K110|ENN4|s76|a0.01|lr0.0003,0.7386,0.7391,0.7619,0.7659,0.51
K110|ENN4|s76|a0.01|lr0.0005,0.7386,0.7391,0.7698,0.7659,0.525
K110|ENN4|s76|a0.01|lr0.001,0.7386,0.7391,0.7698,0.7659,0.53
K110|ENN4|s76|a0.05|lr0.0003,0.7386,0.7391,0.7619,0.7659,0.51
K110|ENN4|s76|a0.05|lr0.0005,0.7386,0.7391,0.7698,0.7659,0.525
K100|ENN3|s21|a0.001|lr0.0003,0.7386,0.7391,0.7302,0.7659,0.515
K100|ENN3|s21|a0.01|lr0.0003,0.7386,0.7391,0.7302,0.7659,0.515
K110|ENN4|s76|a0.0001|lr0.0003,0.7386,0.7391,0.7619,0.7659,0.51
K110|ENN4|s76|a0.0001|lr0.0005,0.7386,0.7391,0.7698,0.7659,0.525
K110|ENN4|s76|a0.0001|lr0.001,0.7386,0.7391,0.7778,0.7659,0.53
K110|ENN4|s76|a0.001|lr0.0003,0.7386,0.7391,0.7619,0.7659,0.51
K110|ENN4|s76|a0.001|lr0.0005,0.7386,0.7391,0.7698,0.7659,0.525
K100|ENN3|s0|a0.0001|lr0.0005,0.7386,0.7391,0.7937,0.7659,0.49
K100|ENN3|s0|a0.0001|lr0.001,0.7386,0.7391,0.8016,0.7659,0.5
K105|ENN5|s99|a0.05|lr0.0003,0.7386,0.7391,0.754,0.7659,0.55
K105|ENN4|s99|a0.05|lr0.001,0.7386,0.7391,0.7619,0.7659,0.58
K110|ENN4|s76|a0.001|lr0.001,0.7386,0.7391,0.7778,0.7659,0.53
K100|ENN3|s0|a0.05|lr0.0003,0.7386,0.7391,0.7857,0.7659,0.51
K100|ENN3|s0|a0.05|lr0.0005,0.7386,0.7391,0.7857,0.7659,0.49
K100|ENN3|s0|a0.05|lr0.001,0.7386,0.7391,0.8016,0.7659,0.5
arch200x150x100x50|s13|a0.0001|lr0.001,0.7386,0.7391,0.746,0.7857,0.57
arch200x150x100x50|s13|a0.001|lr0.001,0.7386,0.7391,0.746,0.7857,0.57
arch200x150x100x50|s13|a0.01|lr0.001,0.7386,0.7391,0.746,0.7857,0.57
K115|ENN2|s42|a0.0001|lr0.0003,0.7386,0.7391,0.7222,0.7659,0.575
K115|ENN2|s42|a0.05|lr0.0003,0.7386,0.7391,0.7222,0.7659,0.575
K100|ENN3|s0|a0.001|lr0.0003,0.7386,0.7391,0.7778,0.7659,0.51
K100|ENN3|s0|a0.001|lr0.0005,0.7386,0.7391,0.7937,0.7659,0.49
K100|ENN3|s0|a0.001|lr0.001,0.7386,0.7391,0.8016,0.7659,0.5
K100|ENN3|s0|a0.01|lr0.0003,0.7386,0.7391,0.7778,0.7659,0.51
K100|ENN3|s0|a0.01|lr0.0005,0.7386,0.7391,0.7937,0.7659,0.49
K100|ENN3|s0|a0.01|lr0.001,0.7386,0.7391,0.8016,0.7659,0.5
K105|ENN5|s99|a0.0001|lr0.0003,0.7386,0.7391,0.754,0.7659,0.55
K113|ENN2|s76|a0.05|lr0.001,0.7386,0.7391,0.7698,0.7659,0.72
K115|ENN2|s42|a0.001|lr0.0003,0.7386,0.7391,0.7222,0.7659,0.575
K115|ENN2|s42|a0.01|lr0.0003,0.7386,0.7391,0.7222,0.7659,0.575
K95|ENN5|s33|a0.0001|lr0.0003,0.7386,0.7391,0.7619,0.7659,0.66
K95|ENN5|s33|a0.001|lr0.0003,0.7386,0.7391,0.7619,0.7659,0.66
K95|ENN5|s33|a0.01|lr0.0003,0.7386,0.7391,0.7619,0.7659,0.66
K95|ENN5|s33|a0.05|lr0.0003,0.7386,0.7391,0.7619,0.7659,0.66
K90|ENN2|s13|a0.001|lr0.0003,0.7386,0.7391,0.8095,0.7857,0.695
K110|ENN5|s76|a0.0001|lr0.001,0.7386,0.7391,0.7381,0.7659,0.505
K110|ENN5|s76|a0.001|lr0.001,0.7386,0.7391,0.7381,0.7659,0.505
K105|ENN5|s99|a0.001|lr0.0003,0.7386,0.7391,0.754,0.7659,0.55
K105|ENN5|s99|a0.01|lr0.0003,0.7386,0.7391,0.754,0.7659,0.55
K95|ENN4|s33|a0.0001|lr0.0003,0.7386,0.7391,0.7698,0.7659,0.66
K95|ENN4|s33|a0.001|lr0.0003,0.7386,0.7391,0.7698,0.7659,0.66
K95|ENN4|s33|a0.01|lr0.0003,0.7386,0.7391,0.7698,0.7659,0.66
K95|ENN4|s33|a0.05|lr0.0003,0.7386,0.7391,0.7698,0.7659,0.66
K105|ENN4|s99|a0.0001|lr0.0003,0.7386,0.7391,0.7698,0.7659,0.59
K105|ENN4|s99|a0.0001|lr0.0005,0.7386,0.7391,0.754,0.7659,0.58
K105|ENN4|s99|a0.0001|lr0.001,0.7386,0.7391,0.7619,0.7659,0.58
K105|ENN4|s99|a0.001|lr0.0003,0.7386,0.7391,0.7698,0.7659,0.59
K105|ENN4|s99|a0.001|lr0.0005,0.7386,0.7391,0.754,0.7659,0.58
K105|ENN4|s99|a0.01|lr0.0003,0.7386,0.7391,0.7698,0.7659,0.59
K105|ENN4|s99|a0.01|lr0.0005,0.7386,0.7391,0.754,0.7659,0.58
K110|ENN5|s76|a0.01|lr0.001,0.7386,0.7391,0.7381,0.7659,0.505
K110|ENN5|s76|a0.05|lr0.001,0.7386,0.7391,0.7381,0.7659,0.505
K105|ENN4|s99|a0.01|lr0.001,0.7386,0.7391,0.7619,0.7659,0.58
K105|ENN4|s99|a0.05|lr0.0003,0.7386,0.7391,0.7698,0.7659,0.595
K105|ENN4|s99|a0.05|lr0.0005,0.7386,0.7391,0.7619,0.7659,0.58
K90|ENN2|s13|a0.0001|lr0.0003,0.7386,0.7391,0.8016,0.7857,0.695
K90|ENN4|s76|a0.001|lr0.0005,0.7346,0.7391,0.7619,0.746,0.655
K90|ENN4|s76|a0.001|lr0.001,0.7346,0.7391,0.754,0.746,0.66
K90|ENN4|s76|a0.01|lr0.0003,0.7346,0.7391,0.754,0.746,0.64
K105|ENN5|s13|a0.0001|lr0.0005,0.7346,0.7391,0.6746,0.746,0.62
K113|ENN3|s13|a0.001|lr0.001,0.7346,0.7391,0.7222,0.746,0.91
K90|ENN4|s21|a0.01|lr0.0003,0.7346,0.7391,0.7302,0.746,0.565
K90|ENN4|s21|a0.001|lr0.0003,0.7346,0.7391,0.7302,0.746,0.565
K113|ENN3|s76|a0.05|lr0.0003,0.7346,0.7391,0.6984,0.746,0.545
K130|ENN3|s21|a0.05|lr0.001,0.7346,0.7391,0.627,0.746,0.68
K130|ENN3|s21|a0.05|lr0.0005,0.7346,0.7391,0.6508,0.746,0.66
K130|ENN3|s21|a0.01|lr0.0005,0.7346,0.7391,0.6508,0.746,0.66
K130|ENN3|s21|a0.001|lr0.001,0.7346,0.7391,0.6349,0.746,0.695
K130|ENN3|s21|a0.001|lr0.0005,0.7346,0.7391,0.6508,0.746,0.665
K130|ENN3|s21|a0.0001|lr0.0005,0.7346,0.7391,0.6349,0.746,0.665
K90|ENN4|s76|a0.01|lr0.0005,0.7346,0.7391,0.7619,0.746,0.655
arch600x300x150x75|s42|a0.0001|lr0.0005,0.7346,0.7391,0.7937,0.746,0.595
K105|ENN3|s7|a0.05|lr0.001,0.7346,0.7391,0.7063,0.746,0.8
arch300x200x100x50x25|s99|a0.01|lr0.0005,0.7346,0.7391,0.746,0.746,0.805
arch400x300x200x100|s7|a0.001|lr0.0005,0.7346,0.7391,0.7619,0.746,0.54
K100|ENN2|s13|a0.01|lr0.0005,0.7346,0.7391,0.7302,0.746,0.52
K113|ENN2|s76|a0.0001|lr0.001,0.7346,0.7391,0.746,0.746,0.755
K113|ENN2|s76|a0.0001|lr0.0005,0.7346,0.7391,0.754,0.746,0.705
K113|ENN2|s76|a0.0001|lr0.0003,0.7346,0.7391,0.754,0.746,0.69
arch500x250x100x50|s99|a0.05|lr0.0005,0.7346,0.7391,0.7063,0.746,0.62
arch500x250x100x50|s99|a0.05|lr0.0003,0.7346,0.7391,0.6825,0.746,0.6
K105|ENN3|s7|a0.05|lr0.0005,0.7346,0.7391,0.746,0.746,0.775
K105|ENN3|s7|a0.05|lr0.0003,0.7346,0.7391,0.7143,0.746,0.78
K105|ENN3|s7|a0.01|lr0.001,0.7346,0.7391,0.7143,0.746,0.8
K105|ENN3|s99|a0.05|lr0.0005,0.7346,0.7391,0.7937,0.746,0.605
K90|ENN5|s33|a0.001|lr0.001,0.7346,0.7391,0.6905,0.746,0.575
K90|ENN5|s33|a0.0001|lr0.001,0.7346,0.7391,0.6905,0.746,0.575
arch500x250x100x50|s99|a0.01|lr0.0005,0.7346,0.7391,0.6984,0.746,0.62
arch500x250x100x50|s99|a0.01|lr0.0003,0.7346,0.7391,0.6825,0.746,0.6
arch500x250x100x50|s99|a0.001|lr0.0005,0.7346,0.7391,0.6984,0.746,0.62
arch500x250x100x50|s99|a0.001|lr0.0003,0.7346,0.7391,0.6825,0.746,0.6
arch500x250x100x50|s99|a0.0001|lr0.0005,0.7346,0.7391,0.6984,0.746,0.62
arch300x150x75x50x25|s99|a0.01|lr0.0005,0.7346,0.7391,0.7222,0.746,0.59
arch300x150x75x50x25|s99|a0.001|lr0.001,0.7346,0.7391,0.7143,0.746,0.625
arch300x150x75x50x25|s99|a0.001|lr0.0005,0.7346,0.7391,0.7222,0.746,0.59
arch300x200x100x50x25|s76|a0.001|lr0.0005,0.7346,0.7391,0.7222,0.746,0.575
arch300x200x100x50x25|s76|a0.0001|lr0.0005,0.7346,0.7391,0.7222,0.746,0.575
K100|ENN2|s13|a0.001|lr0.0005,0.7346,0.7391,0.7302,0.746,0.52
K100|ENN2|s13|a0.0001|lr0.0005,0.7346,0.7391,0.7302,0.746,0.52
K90|ENN2|s33|a0.01|lr0.001,0.7346,0.7391,0.7857,0.746,0.585
K100|ENN5|s0|a0.01|lr0.0005,0.7346,0.7391,0.8016,0.746,0.585
K115|ENN2|s42|a0.001|lr0.001,0.7346,0.7391,0.6984,0.746,0.605
K95|ENN2|s33|a0.05|lr0.001,0.7346,0.7391,0.6905,0.746,0.945
arch300x200x100x50x25|s76|a0.01|lr0.0005,0.7346,0.7391,0.7222,0.746,0.575
K115|ENN2|s42|a0.001|lr0.0005,0.7346,0.7391,0.7302,0.746,0.59
K115|ENN2|s42|a0.0001|lr0.001,0.7346,0.7391,0.7063,0.746,0.605
arch300x150x75x50x25|s99|a0.05|lr0.001,0.7346,0.7391,0.7143,0.746,0.625
arch300x150x75x50x25|s99|a0.05|lr0.0005,0.7346,0.7391,0.7222,0.746,0.59
arch300x150x75x50x25|s99|a0.01|lr0.001,0.7346,0.7391,0.7143,0.746,0.625
arch500x250x100x50|s99|a0.0001|lr0.0003,0.7346,0.7391,0.6825,0.746,0.6
K113|ENN2|s76|a0.05|lr0.0005,0.7346,0.7391,0.746,0.746,0.72
K113|ENN2|s76|a0.05|lr0.0003,0.7346,0.7391,0.754,0.746,0.69
K113|ENN2|s76|a0.01|lr0.0005,0.7346,0.7391,0.754,0.746,0.705
K113|ENN2|s76|a0.01|lr0.0003,0.7346,0.7391,0.754,0.746,0.69
K113|ENN2|s76|a0.001|lr0.001,0.7346,0.7391,0.746,0.746,0.755
K113|ENN2|s76|a0.001|lr0.0005,0.7346,0.7391,0.754,0.746,0.705
K113|ENN2|s76|a0.001|lr0.0003,0.7346,0.7391,0.754,0.746,0.69
arch200x150x100x50|s76|a0.05|lr0.0005,0.7346,0.7391,0.6984,0.746,0.5
arch200x150x100x50|s76|a0.05|lr0.0003,0.7346,0.7391,0.7063,0.746,0.5
arch200x150x100x50|s76|a0.01|lr0.0005,0.7346,0.7391,0.6984,0.746,0.5
K111|ENN3|s42|a0.0001|lr0.001,0.7346,0.7391,0.7937,0.746,0.705
K90|ENN2|s33|a0.05|lr0.001,0.7346,0.7391,0.7857,0.746,0.585
arch300x200x100x50x25|s76|a0.05|lr0.0005,0.7346,0.7391,0.7222,0.746,0.575
K105|ENN5|s13|a0.05|lr0.0005,0.7346,0.7391,0.6667,0.746,0.615
K105|ENN5|s13|a0.01|lr0.0005,0.7346,0.7391,0.6746,0.746,0.62
K105|ENN5|s13|a0.001|lr0.0005,0.7346,0.7391,0.6746,0.746,0.62
K90|ENN4|s21|a0.0001|lr0.0003,0.7346,0.7391,0.7302,0.746,0.565
K130|ENN5|s99|a0.001|lr0.0005,0.7346,0.7391,0.7381,0.746,0.565
K130|ENN5|s99|a0.0001|lr0.0005,0.7346,0.7391,0.7381,0.746,0.565
arch600x300x150x75|s42|a0.05|lr0.0005,0.7346,0.7391,0.7937,0.746,0.595
arch600x300x150x75|s42|a0.01|lr0.0005,0.7346,0.7391,0.7937,0.746,0.595
arch600x300x150x75|s42|a0.001|lr0.0005,0.7346,0.7391,0.7937,0.746,0.595
K110|ENN5|s13|a0.001|lr0.0003,0.7346,0.7391,0.6825,0.746,0.775
K90|ENN5|s33|a0.01|lr0.001,0.7346,0.7391,0.6825,0.746,0.575
K90|ENN2|s33|a0.001|lr0.001,0.7346,0.7391,0.7857,0.746,0.585
K90|ENN2|s33|a0.0001|lr0.001,0.7346,0.7391,0.7857,0.746,0.585
K113|ENN4|s76|a0.001|lr0.0003,0.7346,0.7391,0.7222,0.746,0.56
K113|ENN4|s76|a0.0001|lr0.0003,0.7346,0.7391,0.7222,0.746,0.56
arch300x150x75x50x25|s99|a0.0001|lr0.001,0.7346,0.7391,0.7143,0.746,0.625
arch300x150x75x50x25|s99|a0.0001|lr0.0005,0.7346,0.7391,0.7222,0.746,0.59
K100|ENN5|s0|a0.001|lr0.0005,0.7346,0.7391,0.7937,0.746,0.585
K100|ENN5|s0|a0.0001|lr0.0005,0.7346,0.7391,0.8016,0.746,0.585
arch200x150x100x50|s76|a0.01|lr0.0003,0.7346,0.7391,0.6984,0.746,0.5
K90|ENN4|s21|a0.05|lr0.0003,0.7346,0.7391,0.7302,0.746,0.565
K115|ENN2|s42|a0.05|lr0.001,0.7346,0.7391,0.7063,0.746,0.605
K115|ENN2|s42|a0.05|lr0.0005,0.7346,0.7391,0.7302,0.746,0.59
K115|ENN2|s42|a0.01|lr0.001,0.7346,0.7391,0.7063,0.746,0.605
K115|ENN2|s42|a0.01|lr0.0005,0.7346,0.7391,0.7302,0.746,0.59
K115|ENN2|s42|a0.0001|lr0.0005,0.7346,0.7391,0.7302,0.746,0.59
K111|ENN3|s42|a0.05|lr0.001,0.7346,0.7391,0.7937,0.746,0.705
K111|ENN3|s42|a0.01|lr0.001,0.7346,0.7391,0.7937,0.746,0.705
K111|ENN3|s42|a0.001|lr0.001,0.7346,0.7391,0.7937,0.746,0.705
K111|ENN2|s7|a0.05|lr0.0005,0.7346,0.7391,0.6984,0.746,0.81
K111|ENN2|s7|a0.05|lr0.0003,0.7346,0.7391,0.6984,0.746,0.795
K111|ENN2|s7|a0.01|lr0.0005,0.7346,0.7391,0.6984,0.746,0.815
K111|ENN2|s7|a0.01|lr0.0003,0.7346,0.7391,0.6984,0.746,0.805
K111|ENN2|s7|a0.001|lr0.0005,0.7346,0.7391,0.6984,0.746,0.815
K111|ENN2|s7|a0.001|lr0.0003,0.7346,0.7391,0.6984,0.746,0.805
K111|ENN2|s7|a0.0001|lr0.0005,0.7346,0.7391,0.6984,0.746,0.815
K111|ENN2|s7|a0.0001|lr0.0003,0.7346,0.7391,0.6905,0.746,0.805
K115|ENN5|s76|a0.05|lr0.001,0.7346,0.7391,0.7222,0.746,0.555
K115|ENN5|s76|a0.01|lr0.001,0.7346,0.7391,0.7302,0.746,0.555
K115|ENN5|s76|a0.001|lr0.001,0.7346,0.7391,0.7302,0.746,0.555
K115|ENN5|s76|a0.0001|lr0.001,0.7346,0.7391,0.7302,0.746,0.555
arch200x150x100x50|s76|a0.001|lr0.0005,0.7346,0.7391,0.6984,0.746,0.5
arch200x150x100x50|s76|a0.001|lr0.0003,0.7346,0.7391,0.6984,0.746,0.5
K120|ENN4|s76|a0.05|lr0.0003,0.7346,0.7391,0.7063,0.746,0.485
K120|ENN4|s76|a0.01|lr0.0003,0.7346,0.7391,0.7063,0.746,0.485
K120|ENN4|s76|a0.001|lr0.0003,0.7346,0.7391,0.7063,0.746,0.485
K120|ENN4|s76|a0.0001|lr0.0003,0.7346,0.7391,0.7063,0.746,0.485
arch200x150x100x50|s76|a0.0001|lr0.0005,0.7346,0.7391,0.6984,0.746,0.5
arch200x150x100x50|s13|a0.05|lr0.0005,0.7346,0.7391,0.7381,0.746,0.545
arch200x150x100x50|s13|a0.01|lr0.0005,0.7346,0.7391,0.7381,0.746,0.545
arch200x150x100x50|s13|a0.001|lr0.0005,0.7346,0.7391,0.7381,0.746,0.545
arch400x300x200x100|s7|a0.0001|lr0.0005,0.7346,0.7391,0.7619,0.746,0.54
K120|ENN2|s99|a0.05|lr0.0003,0.7346,0.7391,0.6984,0.746,0.515
K90|ENN5|s33|a0.05|lr0.001,0.7346,0.7391,0.6905,0.746,0.575
K110|ENN3|s7|a0.0001|lr0.001,0.7346,0.7391,0.746,0.746,0.77
K110|ENN3|s7|a0.05|lr0.001,0.7346,0.7391,0.7222,0.746,0.745
K110|ENN3|s7|a0.05|lr0.0005,0.7346,0.7391,0.7381,0.746,0.755
K110|ENN3|s7|a0.01|lr0.001,0.7346,0.7391,0.746,0.746,0.77
K110|ENN3|s7|a0.01|lr0.0005,0.7346,0.7391,0.7381,0.746,0.76
K110|ENN3|s7|a0.001|lr0.001,0.7346,0.7391,0.7381,0.746,0.755
K107|ENN4|s76|a0.01|lr0.0003,0.7346,0.7391,0.7222,0.746,0.545
K107|ENN4|s76|a0.001|lr0.0003,0.7346,0.7391,0.7222,0.746,0.545
K107|ENN4|s76|a0.0001|lr0.0003,0.7346,0.7391,0.7222,0.746,0.545
K107|ENN4|s76|a0.05|lr0.0003,0.7346,0.7391,0.7222,0.746,0.545
K109|ENN2|s7|a0.01|lr0.001,0.7346,0.7391,0.6825,0.746,0.895
K113|ENN4|s13|a0.05|lr0.0005,0.7346,0.7391,0.754,0.746,0.94
K113|ENN3|s13|a0.05|lr0.001,0.7346,0.7391,0.7222,0.746,0.9
K113|ENN3|s13|a0.01|lr0.001,0.7346,0.7391,0.7222,0.746,0.905
K105|ENN3|s7|a0.01|lr0.0005,0.7346,0.7391,0.7302,0.746,0.78
K105|ENN3|s7|a0.01|lr0.0003,0.7346,0.7391,0.7222,0.746,0.78
K105|ENN3|s7|a0.001|lr0.0005,0.7346,0.7391,0.7302,0.746,0.78
K105|ENN3|s7|a0.001|lr0.0003,0.7346,0.7391,0.7302,0.746,0.78
K105|ENN3|s7|a0.0001|lr0.001,0.7346,0.7391,0.7302,0.746,0.8
K105|ENN3|s7|a0.0001|lr0.0005,0.7346,0.7391,0.7302,0.746,0.78
K113|ENN4|s76|a0.05|lr0.0003,0.7346,0.7391,0.7222,0.746,0.56
K113|ENN4|s76|a0.01|lr0.0003,0.7346,0.7391,0.7222,0.746,0.56
K110|ENN4|s0|a0.05|lr0.0003,0.7346,0.7391,0.7063,0.746,0.825
K110|ENN4|s0|a0.01|lr0.001,0.7346,0.7391,0.7143,0.746,0.87
K110|ENN4|s0|a0.01|lr0.0005,0.7346,0.7391,0.7222,0.746,0.85
K110|ENN4|s0|a0.01|lr0.0003,0.7346,0.7391,0.7143,0.746,0.83
K110|ENN4|s0|a0.001|lr0.001,0.7346,0.7391,0.7143,0.746,0.875
K110|ENN4|s0|a0.001|lr0.0005,0.7346,0.7391,0.7143,0.746,0.85
K110|ENN4|s0|a0.001|lr0.0003,0.7346,0.7391,0.7143,0.746,0.835
K110|ENN4|s0|a0.0001|lr0.001,0.7346,0.7391,0.7143,0.746,0.875
K110|ENN4|s0|a0.0001|lr0.0005,0.7346,0.7391,0.7222,0.746,0.85
K110|ENN4|s0|a0.0001|lr0.0003,0.7346,0.7391,0.7143,0.746,0.835
arch300x200x100x50x25|s42|a0.0001|lr0.0005,0.7346,0.7391,0.6984,0.746,0.85
arch300x200x100x50x25|s42|a0.0001|lr0.0003,0.7346,0.7391,0.6905,0.746,0.82
K110|ENN4|s0|a0.05|lr0.001,0.7346,0.7391,0.7063,0.746,0.865
arch200x150x100x50|s13|a0.0001|lr0.0005,0.7346,0.7391,0.7381,0.746,0.545
K110|ENN4|s0|a0.05|lr0.0005,0.7346,0.7391,0.7222,0.746,0.845
K120|ENN2|s99|a0.01|lr0.0003,0.7346,0.7391,0.6905,0.746,0.515
K120|ENN2|s99|a0.001|lr0.0003,0.7346,0.7391,0.6905,0.746,0.515
K120|ENN2|s99|a0.0001|lr0.0003,0.7346,0.7391,0.6905,0.746,0.515
arch200x150x100x50|s76|a0.0001|lr0.0003,0.7346,0.7391,0.6984,0.746,0.5
K90|ENN4|s76|a0.05|lr0.0003,0.7346,0.7391,0.754,0.746,0.635
K90|ENN4|s76|a0.01|lr0.001,0.7346,0.7391,0.746,0.746,0.655
K95|ENN2|s33|a0.0001|lr0.0005,0.7346,0.7391,0.7302,0.746,0.925
K100|ENN2|s13|a0.05|lr0.0005,0.7346,0.7391,0.7302,0.746,0.52
K95|ENN2|s33|a0.05|lr0.0005,0.7346,0.7391,0.7143,0.746,0.915
K95|ENN2|s33|a0.01|lr0.0005,0.7346,0.7391,0.7143,0.746,0.92
K90|ENN4|s76|a0.05|lr0.001,0.7346,0.7391,0.746,0.746,0.655
K90|ENN4|s76|a0.05|lr0.0005,0.7346,0.7391,0.7619,0.746,0.655
arch400x300x200x100|s7|a0.05|lr0.0005,0.7346,0.7391,0.754,0.746,0.54
arch400x300x200x100|s7|a0.01|lr0.0005,0.7346,0.7391,0.7619,0.746,0.54
K113|ENN3|s13|a0.0001|lr0.001,0.7346,0.7391,0.7222,0.746,0.905
K113|ENN3|s76|a0.01|lr0.0003,0.7346,0.7391,0.6984,0.746,0.545
K113|ENN3|s76|a0.001|lr0.0003,0.7346,0.7391,0.6984,0.746,0.545
K113|ENN3|s76|a0.0001|lr0.0003,0.7346,0.7391,0.6984,0.746,0.545
arch300x200x100x50x25|s42|a0.05|lr0.0005,0.7346,0.7391,0.6984,0.746,0.85
arch300x200x100x50x25|s42|a0.05|lr0.0003,0.7346,0.7391,0.6905,0.746,0.81
arch300x200x100x50x25|s42|a0.01|lr0.0005,0.7346,0.7391,0.6984,0.746,0.855
arch300x200x100x50x25|s42|a0.01|lr0.0003,0.7346,0.7391,0.6905,0.746,0.825
arch300x200x100x50x25|s42|a0.001|lr0.0005,0.7346,0.7391,0.6984,0.746,0.85
arch300x200x100x50x25|s42|a0.001|lr0.0003,0.7346,0.7391,0.6905,0.746,0.82
K120|ENN2|s76|a0.05|lr0.001,0.7346,0.7391,0.6667,0.746,0.705
K120|ENN2|s76|a0.01|lr0.001,0.7346,0.7391,0.6746,0.746,0.71
K120|ENN2|s76|a0.001|lr0.001,0.7346,0.7391,0.6746,0.746,0.71
K120|ENN2|s76|a0.0001|lr0.001,0.7346,0.7391,0.6825,0.746,0.71
K90|ENN4|s76|a0.001|lr0.0003,0.7346,0.7391,0.754,0.746,0.64
K90|ENN4|s76|a0.0001|lr0.001,0.7346,0.7391,0.754,0.746,0.66
K90|ENN4|s76|a0.0001|lr0.0005,0.7346,0.7391,0.7619,0.746,0.655
K90|ENN4|s76|a0.0001|lr0.0003,0.7346,0.7391,0.754,0.746,0.64
K95|ENN2|s33|a0.001|lr0.0005,0.7346,0.7391,0.7302,0.746,0.925
arch256x128x64x32|s76|a0.0001|lr0.0005,0.7319,0.7826,0.6508,0.7222,0.8
arch256x128x64x32|s76|a0.001|lr0.0005,0.7319,0.7826,0.6508,0.7222,0.8
arch400x300x200x100|s42|a0.001|lr0.0003,0.7319,0.7826,0.7381,0.7222,0.875
arch256x128x64x32|s76|a0.01|lr0.0005,0.7319,0.7826,0.6508,0.7222,0.8
K113|ENN3|s33|a0.0001|lr0.0003,0.7319,0.7826,0.5952,0.7222,0.55
K113|ENN3|s33|a0.0001|lr0.0005,0.7319,0.7826,0.5873,0.7222,0.57
K90|ENN2|s42|a0.0001|lr0.001,0.7319,0.7826,0.754,0.7222,0.575
K90|ENN2|s42|a0.001|lr0.001,0.7319,0.7826,0.7619,0.7222,0.575
K90|ENN2|s42|a0.05|lr0.001,0.7319,0.7826,0.7619,0.7222,0.575
K90|ENN2|s42|a0.01|lr0.001,0.7319,0.7826,0.7698,0.7222,0.575
arch400x300x200x100|s0|a0.05|lr0.001,0.7319,0.7826,0.6825,0.7222,0.645
K107|ENN3|s13|a0.0001|lr0.0005,0.7319,0.7826,0.6825,0.7222,0.705
K107|ENN3|s13|a0.0001|lr0.001,0.7319,0.7826,0.6984,0.7222,0.69
K107|ENN3|s13|a0.001|lr0.0003,0.7319,0.7826,0.6825,0.7222,0.715
K107|ENN3|s13|a0.001|lr0.0005,0.7319,0.7826,0.6825,0.7222,0.705
K107|ENN3|s13|a0.001|lr0.001,0.7319,0.7826,0.6984,0.7222,0.69
K107|ENN3|s13|a0.01|lr0.0003,0.7319,0.7826,0.6905,0.7222,0.715
K107|ENN3|s13|a0.01|lr0.0005,0.7319,0.7826,0.6825,0.7222,0.705
K107|ENN3|s13|a0.01|lr0.001,0.7319,0.7826,0.6905,0.7222,0.69
K107|ENN3|s13|a0.05|lr0.0003,0.7319,0.7826,0.6905,0.7222,0.715
K107|ENN3|s13|a0.05|lr0.0005,0.7319,0.7826,0.6825,0.7222,0.705
K107|ENN3|s13|a0.05|lr0.001,0.7319,0.7826,0.6905,0.7222,0.69
K107|ENN3|s13|a0.0001|lr0.0003,0.7319,0.7826,0.6825,0.7222,0.715
K109|ENN3|s0|a0.05|lr0.001,0.7319,0.7826,0.6508,0.7222,0.74
arch600x300x150x75|s7|a0.05|lr0.0003,0.7319,0.7826,0.6746,0.7222,0.555
arch600x300x150x75|s7|a0.05|lr0.0005,0.7319,0.7826,0.6587,0.7222,0.54
K107|ENN3|s99|a0.01|lr0.001,0.7319,0.7826,0.7143,0.7222,0.91
K107|ENN3|s99|a0.0001|lr0.001,0.7319,0.7826,0.7143,0.7222,0.91
K107|ENN3|s99|a0.001|lr0.001,0.7319,0.7826,0.7143,0.7222,0.91
K107|ENN3|s76|a0.0001|lr0.0003,0.7319,0.7826,0.6984,0.7222,0.69
K107|ENN3|s76|a0.0001|lr0.0005,0.7319,0.7826,0.6984,0.7222,0.705
K107|ENN3|s76|a0.001|lr0.0003,0.7319,0.7826,0.6984,0.7222,0.69
K107|ENN3|s76|a0.001|lr0.0005,0.7319,0.7826,0.6984,0.7222,0.705
K107|ENN3|s76|a0.01|lr0.0003,0.7319,0.7826,0.6984,0.7222,0.69
K107|ENN3|s76|a0.01|lr0.0005,0.7319,0.7826,0.6984,0.7222,0.705
K107|ENN3|s76|a0.05|lr0.0003,0.7319,0.7826,0.6984,0.7222,0.69
K105|ENN2|s0|a0.0001|lr0.0003,0.7319,0.7826,0.6825,0.7222,0.635
arch600x300x150x75|s7|a0.01|lr0.0005,0.7319,0.7826,0.6587,0.7222,0.54
K105|ENN2|s0|a0.001|lr0.0003,0.7319,0.7826,0.6825,0.7222,0.635
K105|ENN2|s0|a0.01|lr0.0003,0.7319,0.7826,0.6825,0.7222,0.635
arch300x150x75x25|s99|a0.0001|lr0.0005,0.7319,0.7826,0.6905,0.7222,0.775
arch300x150x75x25|s99|a0.0001|lr0.001,0.7319,0.7826,0.6984,0.7222,0.805
K107|ENN3|s99|a0.05|lr0.001,0.7319,0.7826,0.7063,0.7222,0.91
arch300x150x75x25|s99|a0.001|lr0.0005,0.7319,0.7826,0.6905,0.7222,0.775
arch300x150x75x25|s99|a0.001|lr0.001,0.7319,0.7826,0.6984,0.7222,0.805
arch300x150x75x25|s99|a0.01|lr0.001,0.7319,0.7826,0.6984,0.7222,0.805
arch300x150x75x25|s99|a0.05|lr0.001,0.7319,0.7826,0.6984,0.7222,0.805
K105|ENN2|s0|a0.05|lr0.0003,0.7319,0.7826,0.6825,0.7222,0.635
arch400x300x200x100|s7|a0.0001|lr0.0003,0.7319,0.7826,0.754,0.7222,0.565
K112|ENN3|s0|a0.01|lr0.0005,0.7319,0.7826,0.5714,0.7222,0.66
K112|ENN3|s0|a0.01|lr0.001,0.7319,0.7826,0.6032,0.7222,0.715
K108|ENN4|s7|a0.01|lr0.001,0.7319,0.7826,0.7302,0.7222,0.81
K108|ENN4|s7|a0.05|lr0.001,0.7319,0.7826,0.7302,0.7222,0.81
K112|ENN3|s0|a0.001|lr0.001,0.7319,0.7826,0.6032,0.7222,0.715
arch300x150x75x50x25|s76|a0.0001|lr0.0003,0.7319,0.7826,0.5556,0.7222,0.535
arch300x150x75x50x25|s76|a0.0001|lr0.0005,0.7319,0.7826,0.5556,0.7222,0.535
arch300x150x75x50x25|s76|a0.0001|lr0.001,0.7319,0.7826,0.5714,0.7222,0.555
arch300x150x75x50x25|s76|a0.001|lr0.0003,0.7319,0.7826,0.5556,0.7222,0.535
arch300x150x75x50x25|s76|a0.001|lr0.0005,0.7319,0.7826,0.5556,0.7222,0.535
K109|ENN3|s0|a0.0001|lr0.001,0.7319,0.7826,0.6508,0.7222,0.74
K109|ENN3|s0|a0.001|lr0.001,0.7319,0.7826,0.6508,0.7222,0.74
K109|ENN3|s0|a0.01|lr0.001,0.7319,0.7826,0.6508,0.7222,0.74
K107|ENN2|s13|a0.01|lr0.0005,0.7319,0.7826,0.6508,0.7222,0.605
K107|ENN2|s13|a0.01|lr0.001,0.7319,0.7826,0.6587,0.7222,0.605
K107|ENN2|s13|a0.05|lr0.0003,0.7319,0.7826,0.6429,0.7222,0.6
K107|ENN2|s13|a0.05|lr0.0005,0.7319,0.7826,0.6508,0.7222,0.605
K107|ENN2|s13|a0.05|lr0.001,0.7319,0.7826,0.6508,0.7222,0.6
arch300x150x75x50x25|s76|a0.01|lr0.0003,0.7319,0.7826,0.5556,0.7222,0.53
arch300x150x75x50x25|s76|a0.01|lr0.0005,0.7319,0.7826,0.5556,0.7222,0.535
arch300x150x75x50x25|s76|a0.01|lr0.001,0.7319,0.7826,0.5714,0.7222,0.555
arch300x150x75x50x25|s76|a0.05|lr0.0003,0.7319,0.7826,0.5476,0.7222,0.53
arch300x150x75x50x25|s76|a0.05|lr0.0005,0.7319,0.7826,0.5556,0.7222,0.535
arch300x150x75x50x25|s76|a0.05|lr0.001,0.7319,0.7826,0.5635,0.7222,0.555
K112|ENN3|s0|a0.05|lr0.0005,0.7319,0.7826,0.5714,0.7222,0.66
K112|ENN3|s0|a0.05|lr0.001,0.7319,0.7826,0.6032,0.7222,0.71
arch300x200x100x50x25|s76|a0.05|lr0.0003,0.7319,0.7826,0.6825,0.7222,0.635
K107|ENN2|s13|a0.001|lr0.0003,0.7319,0.7826,0.6508,0.7222,0.6
K107|ENN2|s13|a0.001|lr0.0005,0.7319,0.7826,0.6508,0.7222,0.605
K107|ENN2|s13|a0.001|lr0.001,0.7319,0.7826,0.6587,0.7222,0.605
K107|ENN2|s13|a0.01|lr0.0003,0.7319,0.7826,0.6429,0.7222,0.6
K115|ENN2|s76|a0.01|lr0.001,0.7319,0.7826,0.7143,0.7222,0.59
arch300x200x100x50x25|s76|a0.01|lr0.0003,0.7319,0.7826,0.6825,0.7222,0.635
K112|ENN3|s0|a0.0001|lr0.0005,0.7319,0.7826,0.5714,0.7222,0.66
K112|ENN3|s0|a0.0001|lr0.001,0.7319,0.7826,0.6032,0.7222,0.715
K112|ENN3|s0|a0.001|lr0.0005,0.7319,0.7826,0.5714,0.7222,0.66
K107|ENN5|s13|a0.0001|lr0.001,0.7319,0.7826,0.619,0.7222,0.61
K107|ENN5|s13|a0.001|lr0.001,0.7319,0.7826,0.619,0.7222,0.61
arch300x150x75x50x25|s76|a0.001|lr0.001,0.7319,0.7826,0.5714,0.7222,0.555
K107|ENN5|s99|a0.0001|lr0.0003,0.7319,0.7826,0.6825,0.7222,0.825
K107|ENN5|s13|a0.01|lr0.0005,0.7319,0.7826,0.6111,0.7222,0.585
K107|ENN5|s13|a0.01|lr0.001,0.7319,0.7826,0.6111,0.7222,0.61
arch300x200x100x50x25|s76|a0.0001|lr0.0003,0.7319,0.7826,0.6825,0.7222,0.635
arch300x200x100x50x25|s76|a0.001|lr0.0003,0.7319,0.7826,0.6825,0.7222,0.635
K115|ENN2|s76|a0.05|lr0.001,0.7319,0.7826,0.7063,0.7222,0.59
arch400x300x200x100|s7|a0.001|lr0.0003,0.7319,0.7826,0.754,0.7222,0.565
K107|ENN5|s99|a0.05|lr0.0003,0.7319,0.7826,0.6825,0.7222,0.825
K107|ENN5|s99|a0.05|lr0.0005,0.7319,0.7826,0.6905,0.7222,0.84
K107|ENN5|s99|a0.05|lr0.001,0.7319,0.7826,0.6984,0.7222,0.87
arch300x200x100x50x25|s99|a0.0001|lr0.0003,0.7319,0.7826,0.7381,0.7222,0.805
arch300x200x100x50x25|s99|a0.01|lr0.0003,0.7319,0.7826,0.7381,0.7222,0.8
arch300x200x100x50x25|s99|a0.05|lr0.0003,0.7319,0.7826,0.746,0.7222,0.795
arch600x300x150x75|s7|a0.0001|lr0.0003,0.7319,0.7826,0.6746,0.7222,0.555
arch600x300x150x75|s7|a0.0001|lr0.0005,0.7319,0.7826,0.6587,0.7222,0.54
arch600x300x150x75|s7|a0.001|lr0.0003,0.7319,0.7826,0.6746,0.7222,0.555
arch600x300x150x75|s7|a0.001|lr0.0005,0.7319,0.7826,0.6587,0.7222,0.54
arch600x300x150x75|s7|a0.01|lr0.0003,0.7319,0.7826,0.6746,0.7222,0.555
K107|ENN2|s13|a0.0001|lr0.0003,0.7319,0.7826,0.6429,0.7222,0.6
K107|ENN2|s13|a0.0001|lr0.0005,0.7319,0.7826,0.6508,0.7222,0.605
K107|ENN2|s13|a0.0001|lr0.001,0.7319,0.7826,0.6587,0.7222,0.605
arch400x200x100x50|s0|a0.001|lr0.001,0.7319,0.7826,0.754,0.7222,0.73
arch400x200x100x50|s0|a0.01|lr0.001,0.7319,0.7826,0.754,0.7222,0.73
arch400x200x100x50|s0|a0.05|lr0.001,0.7319,0.7826,0.754,0.7222,0.735
K111|ENN3|s99|a0.0001|lr0.001,0.7319,0.7826,0.619,0.7222,0.635
K107|ENN5|s99|a0.0001|lr0.0005,0.7319,0.7826,0.6905,0.7222,0.84
K107|ENN5|s99|a0.0001|lr0.001,0.7319,0.7826,0.6905,0.7222,0.87
K107|ENN5|s99|a0.001|lr0.0003,0.7319,0.7826,0.6825,0.7222,0.825
K107|ENN5|s99|a0.001|lr0.0005,0.7319,0.7826,0.6984,0.7222,0.84
K107|ENN5|s99|a0.001|lr0.001,0.7319,0.7826,0.6905,0.7222,0.87
K107|ENN5|s99|a0.01|lr0.0003,0.7319,0.7826,0.6825,0.7222,0.825
K107|ENN5|s99|a0.01|lr0.0005,0.7319,0.7826,0.6905,0.7222,0.84
K107|ENN5|s99|a0.01|lr0.001,0.7319,0.7826,0.6905,0.7222,0.87
K107|ENN5|s13|a0.05|lr0.0005,0.7319,0.7826,0.6111,0.7222,0.585
K107|ENN5|s13|a0.05|lr0.001,0.7319,0.7826,0.6111,0.7222,0.61
K130|ENN5|s7|a0.0001|lr0.0003,0.7319,0.7826,0.6032,0.7222,0.91
K105|ENN5|s0|a0.001|lr0.0003,0.7319,0.7826,0.5794,0.7222,0.555
K110|ENN2|s99|a0.0001|lr0.0003,0.7319,0.7826,0.7063,0.7222,0.705
K110|ENN2|s99|a0.001|lr0.0003,0.7319,0.7826,0.7063,0.7222,0.705
K110|ENN2|s99|a0.01|lr0.0003,0.7319,0.7826,0.7063,0.7222,0.705
K110|ENN2|s99|a0.05|lr0.0003,0.7319,0.7826,0.7063,0.7222,0.705
arch400x300x200x100|s42|a0.001|lr0.0005,0.7319,0.7826,0.7619,0.7222,0.895
arch400x300x200x100|s42|a0.01|lr0.0003,0.7319,0.7826,0.7381,0.7222,0.875
arch400x300x200x100|s42|a0.01|lr0.0005,0.7319,0.7826,0.7619,0.7222,0.895
arch400x300x200x100|s42|a0.05|lr0.0003,0.7319,0.7826,0.746,0.7222,0.875
K130|ENN2|s99|a0.0001|lr0.0003,0.7319,0.7826,0.6667,0.7222,0.645
K130|ENN2|s99|a0.0001|lr0.0005,0.7319,0.7826,0.6984,0.7222,0.63
K130|ENN2|s99|a0.001|lr0.0003,0.7319,0.7826,0.6746,0.7222,0.645
K130|ENN2|s99|a0.001|lr0.0005,0.7319,0.7826,0.6984,0.7222,0.625
K130|ENN2|s99|a0.01|lr0.0003,0.7319,0.7826,0.6746,0.7222,0.645
arch400x200x100x50|s0|a0.0001|lr0.001,0.7319,0.7826,0.754,0.7222,0.73
K105|ENN5|s0|a0.0001|lr0.0003,0.7319,0.7826,0.5794,0.7222,0.555
K130|ENN5|s7|a0.0001|lr0.0005,0.7319,0.7826,0.5952,0.7222,0.925
K130|ENN5|s7|a0.001|lr0.0003,0.7319,0.7826,0.6032,0.7222,0.91
K130|ENN5|s7|a0.001|lr0.0005,0.7319,0.7826,0.5952,0.7222,0.925
K130|ENN5|s7|a0.01|lr0.0003,0.7319,0.7826,0.5952,0.7222,0.91
K130|ENN5|s7|a0.01|lr0.0005,0.7319,0.7826,0.6111,0.7222,0.925
K113|ENN3|s33|a0.01|lr0.0003,0.7319,0.7826,0.5952,0.7222,0.55
K113|ENN3|s33|a0.05|lr0.0003,0.7319,0.7826,0.5952,0.7222,0.545
K105|ENN5|s0|a0.01|lr0.0003,0.7319,0.7826,0.5794,0.7222,0.555
K105|ENN5|s0|a0.05|lr0.0003,0.7319,0.7826,0.5794,0.7222,0.555
K130|ENN5|s7|a0.05|lr0.0005,0.7319,0.7826,0.6111,0.7222,0.925
arch400x300x200x100|s7|a0.01|lr0.0003,0.7319,0.7826,0.754,0.7222,0.565
arch400x300x200x100|s7|a0.05|lr0.0003,0.7319,0.7826,0.754,0.7222,0.565
arch400x300x200x100|s42|a0.0001|lr0.0003,0.7319,0.7826,0.7381,0.7222,0.875
arch400x300x200x100|s42|a0.0001|lr0.0005,0.7319,0.7826,0.754,0.7222,0.895
K111|ENN5|s76|a0.0001|lr0.0003,0.7319,0.7826,0.6111,0.7222,0.685
K111|ENN5|s76|a0.0001|lr0.0005,0.7319,0.7826,0.6111,0.7222,0.68
K111|ENN5|s76|a0.001|lr0.0003,0.7319,0.7826,0.6111,0.7222,0.685
K111|ENN5|s76|a0.001|lr0.0005,0.7319,0.7826,0.6111,0.7222,0.68
K111|ENN5|s76|a0.01|lr0.0003,0.7319,0.7826,0.6111,0.7222,0.685
K111|ENN5|s76|a0.01|lr0.0005,0.7319,0.7826,0.6111,0.7222,0.68
K111|ENN5|s76|a0.05|lr0.0003,0.7319,0.7826,0.6111,0.7222,0.685
K130|ENN2|s99|a0.01|lr0.0005,0.7319,0.7826,0.6984,0.7222,0.63
K130|ENN2|s99|a0.05|lr0.0003,0.7319,0.7826,0.6746,0.7222,0.64
K130|ENN2|s99|a0.05|lr0.0005,0.7319,0.7826,0.6984,0.7222,0.625
K111|ENN5|s76|a0.05|lr0.0005,0.7319,0.7826,0.6111,0.7222,0.68
arch256x128x64x32|s76|a0.05|lr0.0005,0.7319,0.7826,0.6508,0.7222,0.8
K111|ENN3|s99|a0.001|lr0.001,0.7319,0.7826,0.619,0.7222,0.635
K111|ENN3|s99|a0.01|lr0.001,0.7319,0.7826,0.619,0.7222,0.635
arch300x200x100x50x25|s21|a0.01|lr0.0005,0.7319,0.7826,0.6667,0.7222,0.65
arch300x200x100x50x25|s21|a0.05|lr0.0005,0.7319,0.7826,0.6667,0.7222,0.65
K111|ENN3|s99|a0.05|lr0.001,0.7319,0.7826,0.619,0.7222,0.635
arch300x200x100x50x25|s21|a0.0001|lr0.0005,0.7319,0.7826,0.6667,0.7222,0.65
arch300x200x100x50x25|s21|a0.001|lr0.0005,0.7319,0.7826,0.6667,0.7222,0.65
K108|ENN2|s76|a0.0001|lr0.001,0.7319,0.7826,0.7778,0.7222,0.895
arch400x300x200x100|s42|a0.05|lr0.0005,0.7319,0.7826,0.7619,0.7222,0.89
K113|ENN3|s33|a0.001|lr0.0003,0.7319,0.7826,0.5952,0.7222,0.55
K113|ENN3|s7|a0.0001|lr0.0003,0.7319,0.7826,0.6667,0.7222,0.545
K113|ENN3|s7|a0.001|lr0.0003,0.7319,0.7826,0.6667,0.7222,0.545
K113|ENN3|s7|a0.05|lr0.0003,0.7319,0.7826,0.6667,0.7222,0.545
K115|ENN3|s0|a0.01|lr0.001,0.7262,0.7391,0.6825,0.7262,0.875
K115|ENN3|s0|a0.001|lr0.001,0.7262,0.7391,0.6825,0.7262,0.875
K115|ENN3|s0|a0.0001|lr0.001,0.7262,0.7391,0.6746,0.7262,0.875
K100|ENN2|s42|a0.01|lr0.0005,0.7262,0.7391,0.754,0.7262,0.54
K100|ENN2|s42|a0.01|lr0.0003,0.7262,0.7391,0.7302,0.7262,0.54
K100|ENN2|s42|a0.001|lr0.0005,0.7262,0.7391,0.746,0.7262,0.54
K110|ENN5|s0|a0.05|lr0.001,0.7262,0.7391,0.6905,0.7262,0.87
K110|ENN2|s13|a0.01|lr0.0003,0.7262,0.7391,0.7063,0.7262,0.645
K110|ENN2|s13|a0.001|lr0.0003,0.7262,0.7391,0.7063,0.7262,0.645
K110|ENN2|s0|a0.0001|lr0.0003,0.7262,0.7391,0.7222,0.7262,0.84
K110|ENN2|s13|a0.01|lr0.001,0.7262,0.7391,0.6984,0.7262,0.675
K111|ENN3|s76|a0.05|lr0.0003,0.7262,0.7391,0.7143,0.7262,0.565
K111|ENN4|s0|a0.05|lr0.001,0.7262,0.7391,0.7619,0.7262,0.7
K100|ENN2|s42|a0.05|lr0.0005,0.7262,0.7391,0.754,0.7262,0.54
K100|ENN2|s42|a0.05|lr0.0003,0.7262,0.7391,0.7302,0.7262,0.54
K100|ENN3|s76|a0.01|lr0.001,0.7262,0.7391,0.7143,0.7262,0.94
K100|ENN3|s76|a0.001|lr0.001,0.7262,0.7391,0.7063,0.7262,0.94
K100|ENN3|s76|a0.0001|lr0.001,0.7262,0.7391,0.7063,0.7262,0.94
K100|ENN2|s13|a0.05|lr0.001,0.7262,0.7391,0.7302,0.7262,0.525
K100|ENN2|s13|a0.01|lr0.001,0.7262,0.7391,0.7222,0.7262,0.525
K110|ENN5|s0|a0.01|lr0.0003,0.7262,0.7391,0.6905,0.7262,0.835
K110|ENN5|s0|a0.001|lr0.001,0.7262,0.7391,0.6825,0.7262,0.87
K110|ENN5|s0|a0.001|lr0.0005,0.7262,0.7391,0.6825,0.7262,0.86
K110|ENN5|s0|a0.001|lr0.0003,0.7262,0.7391,0.6905,0.7262,0.835
K110|ENN5|s0|a0.0001|lr0.001,0.7262,0.7391,0.6905,0.7262,0.87
K110|ENN5|s0|a0.0001|lr0.0005,0.7262,0.7391,0.6905,0.7262,0.86
K110|ENN5|s0|a0.0001|lr0.0003,0.7262,0.7391,0.6905,0.7262,0.835
K100|ENN2|s0|a0.05|lr0.0003,0.7262,0.7391,0.7778,0.7262,0.535
K100|ENN2|s0|a0.01|lr0.0003,0.7262,0.7391,0.7778,0.7262,0.535
K100|ENN2|s0|a0.001|lr0.0003,0.7262,0.7391,0.7778,0.7262,0.535
K100|ENN2|s0|a0.0001|lr0.0003,0.7262,0.7391,0.7778,0.7262,0.535
K95|ENN4|s7|a0.0001|lr0.0003,0.7262,0.7391,0.619,0.7262,0.53
K115|ENN3|s42|a0.05|lr0.001,0.7262,0.7391,0.6984,0.7262,0.71
K115|ENN3|s42|a0.05|lr0.0005,0.7262,0.7391,0.7063,0.7262,0.705
K110|ENN2|s33|a0.0001|lr0.0005,0.7262,0.7391,0.6746,0.7262,0.59
K110|ENN2|s33|a0.0001|lr0.0003,0.7262,0.7391,0.7063,0.7262,0.61
K100|ENN3|s76|a0.05|lr0.001,0.7262,0.7391,0.7063,0.7262,0.93
K115|ENN3|s42|a0.05|lr0.0003,0.7262,0.7391,0.7063,0.7262,0.705
K105|ENN5|s42|a0.0001|lr0.001,0.7262,0.7391,0.6508,0.7262,0.795
K115|ENN3|s42|a0.01|lr0.0005,0.7262,0.7391,0.7143,0.7262,0.7
K115|ENN3|s42|a0.01|lr0.0003,0.7262,0.7391,0.6984,0.7262,0.71
K115|ENN3|s42|a0.001|lr0.0005,0.7262,0.7391,0.7143,0.7262,0.7
K95|ENN4|s7|a0.01|lr0.0003,0.7262,0.7391,0.619,0.7262,0.53
K95|ENN4|s7|a0.001|lr0.0003,0.7262,0.7391,0.619,0.7262,0.53
K100|ENN3|s42|a0.001|lr0.001,0.7262,0.7391,0.7222,0.7262,0.51
K100|ENN3|s42|a0.001|lr0.0005,0.7262,0.7391,0.7381,0.7262,0.495
K100|ENN3|s42|a0.001|lr0.0003,0.7262,0.7391,0.7143,0.7262,0.525
K100|ENN3|s42|a0.0001|lr0.001,0.7262,0.7391,0.7222,0.7262,0.51
K100|ENN3|s42|a0.0001|lr0.0005,0.7262,0.7391,0.7381,0.7262,0.495
K100|ENN3|s42|a0.0001|lr0.0003,0.7262,0.7391,0.7222,0.7262,0.525
K115|ENN3|s42|a0.0001|lr0.0003,0.7262,0.7391,0.6984,0.7262,0.71
K110|ENN2|s33|a0.05|lr0.0005,0.7262,0.7391,0.6746,0.7262,0.59
K110|ENN2|s33|a0.01|lr0.001,0.7262,0.7391,0.6667,0.7262,0.585
K110|ENN2|s33|a0.01|lr0.0005,0.7262,0.7391,0.6667,0.7262,0.59
K130|ENN2|s76|a0.05|lr0.0003,0.7262,0.7391,0.6032,0.7262,0.5
K130|ENN2|s76|a0.01|lr0.0003,0.7262,0.7391,0.6111,0.7262,0.5
K130|ENN2|s76|a0.001|lr0.0003,0.7262,0.7391,0.6111,0.7262,0.5
K130|ENN2|s76|a0.0001|lr0.0003,0.7262,0.7391,0.6111,0.7262,0.5
K105|ENN3|s7|a0.001|lr0.001,0.7262,0.7391,0.7381,0.7262,0.805
K112|ENN2|s21|a0.05|lr0.0005,0.7262,0.7391,0.7302,0.7262,0.6
K107|ENN5|s7|a0.01|lr0.001,0.7262,0.7391,0.6825,0.7262,0.785
K107|ENN5|s7|a0.001|lr0.001,0.7262,0.7391,0.6825,0.7262,0.79
K90|ENN2|s33|a0.01|lr0.0003,0.7262,0.7391,0.7222,0.7262,0.56
K95|ENN4|s7|a0.05|lr0.0003,0.7262,0.7391,0.619,0.7262,0.53
arch300x150x75x50x25|s7|a0.05|lr0.001,0.7262,0.7391,0.6508,0.7262,0.545
K115|ENN3|s42|a0.001|lr0.0003,0.7262,0.7391,0.6984,0.7262,0.71
K115|ENN3|s42|a0.0001|lr0.0005,0.7262,0.7391,0.7143,0.7262,0.7
K110|ENN2|s33|a0.05|lr0.001,0.7262,0.7391,0.6667,0.7262,0.58
K90|ENN2|s33|a0.001|lr0.0003,0.7262,0.7391,0.7222,0.7262,0.56
K90|ENN2|s33|a0.0001|lr0.0005,0.7262,0.7391,0.7222,0.7262,0.575
K90|ENN2|s33|a0.0001|lr0.0003,0.7262,0.7391,0.7222,0.7262,0.56
K112|ENN2|s21|a0.01|lr0.0005,0.7262,0.7391,0.7302,0.7262,0.6
K112|ENN2|s21|a0.001|lr0.0005,0.7262,0.7391,0.7302,0.7262,0.6
K112|ENN2|s21|a0.0001|lr0.0005,0.7262,0.7391,0.7302,0.7262,0.6
K125|ENN3|s99|a0.05|lr0.001,0.7262,0.7391,0.6746,0.7262,0.75
K130|ENN5|s99|a0.05|lr0.0003,0.7262,0.7391,0.7381,0.7262,0.61
K130|ENN5|s99|a0.01|lr0.001,0.7262,0.7391,0.7698,0.7262,0.485
K130|ENN5|s99|a0.01|lr0.0003,0.7262,0.7391,0.7302,0.7262,0.61
K130|ENN5|s99|a0.001|lr0.001,0.7262,0.7391,0.7778,0.7262,0.485
K130|ENN5|s99|a0.001|lr0.0003,0.7262,0.7391,0.7302,0.7262,0.61
K130|ENN5|s99|a0.0001|lr0.001,0.7262,0.7391,0.7778,0.7262,0.485
K110|ENN5|s0|a0.01|lr0.001,0.7262,0.7391,0.6825,0.7262,0.87
K110|ENN2|s33|a0.0001|lr0.001,0.7262,0.7391,0.6667,0.7262,0.585
K100|ENN2|s21|a0.05|lr0.001,0.7262,0.7391,0.7222,0.7262,0.565
K100|ENN2|s21|a0.01|lr0.001,0.7262,0.7391,0.7143,0.7262,0.565
K100|ENN2|s21|a0.001|lr0.001,0.7262,0.7391,0.7143,0.7262,0.565
K100|ENN2|s21|a0.0001|lr0.001,0.7262,0.7391,0.7143,0.7262,0.565
K110|ENN3|s76|a0.05|lr0.001,0.7262,0.7391,0.746,0.7262,0.61
K115|ENN2|s76|a0.001|lr0.0003,0.7262,0.7391,0.7063,0.7262,0.555
K115|ENN2|s76|a0.0001|lr0.0005,0.7262,0.7391,0.6905,0.7262,0.555
K115|ENN2|s76|a0.0001|lr0.0003,0.7262,0.7391,0.7063,0.7262,0.555
K110|ENN5|s0|a0.05|lr0.0005,0.7262,0.7391,0.6825,0.7262,0.855
K110|ENN5|s0|a0.05|lr0.0003,0.7262,0.7391,0.6825,0.7262,0.835
K113|ENN4|s99|a0.01|lr0.0005,0.7262,0.7391,0.7063,0.7262,0.8
K105|ENN3|s21|a0.05|lr0.001,0.7262,0.7391,0.6905,0.7262,0.55
K105|ENN3|s21|a0.05|lr0.0005,0.7262,0.7391,0.6587,0.7262,0.525
K105|ENN3|s21|a0.01|lr0.0005,0.7262,0.7391,0.6587,0.7262,0.525
K105|ENN4|s13|a0.05|lr0.0003,0.7262,0.7391,0.6984,0.7262,0.625
K130|ENN5|s99|a0.05|lr0.001,0.7262,0.7391,0.7778,0.7262,0.48
K100|ENN2|s13|a0.001|lr0.001,0.7262,0.7391,0.7302,0.7262,0.525
K95|ENN3|s42|a0.01|lr0.001,0.7262,0.7391,0.7857,0.7262,0.87
K95|ENN3|s42|a0.01|lr0.0005,0.7262,0.7391,0.754,0.7262,0.79
K95|ENN3|s42|a0.001|lr0.001,0.7262,0.7391,0.7857,0.7262,0.87
K95|ENN3|s42|a0.001|lr0.0005,0.7262,0.7391,0.746,0.7262,0.79
K95|ENN3|s42|a0.0001|lr0.001,0.7262,0.7391,0.7857,0.7262,0.865
K90|ENN2|s33|a0.001|lr0.0005,0.7262,0.7391,0.7222,0.7262,0.575
K100|ENN5|s0|a0.05|lr0.0003,0.7262,0.7391,0.7778,0.7262,0.605
arch300x150x75x50x25|s7|a0.001|lr0.0005,0.7262,0.7391,0.6349,0.7262,0.525
arch300x150x75x50x25|s7|a0.0001|lr0.001,0.7262,0.7391,0.6508,0.7262,0.545
K111|ENN3|s76|a0.01|lr0.0003,0.7262,0.7391,0.7143,0.7262,0.555
K111|ENN3|s76|a0.001|lr0.0005,0.7262,0.7391,0.7222,0.7262,0.56
K111|ENN3|s76|a0.001|lr0.0003,0.7262,0.7391,0.7143,0.7262,0.56
K111|ENN3|s76|a0.0001|lr0.0005,0.7262,0.7391,0.7222,0.7262,0.56
K111|ENN3|s76|a0.0001|lr0.0003,0.7262,0.7391,0.7143,0.7262,0.56
K100|ENN2|s42|a0.0001|lr0.0005,0.7262,0.7391,0.746,0.7262,0.54
K100|ENN2|s42|a0.0001|lr0.0003,0.7262,0.7391,0.7302,0.7262,0.54
K110|ENN5|s13|a0.0001|lr0.0003,0.7262,0.7391,0.6825,0.7262,0.78
K110|ENN5|s42|a0.01|lr0.001,0.7262,0.7391,0.6825,0.7262,0.64
K105|ENN3|s21|a0.001|lr0.0005,0.7262,0.7391,0.6587,0.7262,0.525
K120|ENN3|s76|a0.01|lr0.001,0.7262,0.7391,0.6825,0.7262,0.755
K110|ENN5|s13|a0.05|lr0.0005,0.7262,0.7391,0.6905,0.7262,0.76
K110|ENN5|s13|a0.05|lr0.0003,0.7262,0.7391,0.6825,0.7262,0.775
K110|ENN5|s13|a0.01|lr0.0003,0.7262,0.7391,0.6746,0.7262,0.78
K113|ENN2|s99|a0.01|lr0.0003,0.7262,0.7391,0.6984,0.7262,0.795
K113|ENN2|s99|a0.001|lr0.0003,0.7262,0.7391,0.6984,0.7262,0.795
K113|ENN2|s99|a0.0001|lr0.0003,0.7262,0.7391,0.6984,0.7262,0.795
arch500x250x100x50|s99|a0.05|lr0.001,0.7262,0.7391,0.7302,0.7262,0.69
K113|ENN4|s99|a0.05|lr0.0005,0.7262,0.7391,0.7063,0.7262,0.8
K105|ENN3|s21|a0.01|lr0.0003,0.7262,0.7391,0.6508,0.7262,0.51
K105|ENN4|s13|a0.0001|lr0.0003,0.7262,0.7391,0.6984,0.7262,0.625
K120|ENN3|s76|a0.001|lr0.001,0.7262,0.7391,0.6746,0.7262,0.755
K113|ENN2|s99|a0.05|lr0.0003,0.7262,0.7391,0.6984,0.7262,0.795
K100|ENN2|s42|a0.001|lr0.0003,0.7262,0.7391,0.7302,0.7262,0.54
K105|ENN3|s76|a0.05|lr0.001,0.7262,0.7391,0.6587,0.7262,0.66
K105|ENN3|s21|a0.001|lr0.0003,0.7262,0.7391,0.6508,0.7262,0.51
K105|ENN3|s21|a0.0001|lr0.0005,0.7262,0.7391,0.6587,0.7262,0.525
K105|ENN3|s21|a0.0001|lr0.0003,0.7262,0.7391,0.6508,0.7262,0.51
K110|ENN5|s13|a0.05|lr0.001,0.7262,0.7391,0.6746,0.7262,0.76
K130|ENN5|s99|a0.0001|lr0.0003,0.7262,0.7391,0.7302,0.7262,0.61
K107|ENN5|s7|a0.0001|lr0.001,0.7262,0.7391,0.6825,0.7262,0.785
K110|ENN2|s33|a0.001|lr0.001,0.7262,0.7391,0.6667,0.7262,0.585
K110|ENN2|s33|a0.001|lr0.0005,0.7262,0.7391,0.6667,0.7262,0.59
K110|ENN2|s33|a0.001|lr0.0003,0.7262,0.7391,0.6984,0.7262,0.61
arch300x150x75x50x25|s99|a0.01|lr0.0003,0.7262,0.7391,0.7063,0.7262,0.59
K95|ENN3|s42|a0.05|lr0.001,0.7262,0.7391,0.7857,0.7262,0.87
K95|ENN3|s42|a0.05|lr0.0005,0.7262,0.7391,0.754,0.7262,0.785
K100|ENN2|s13|a0.0001|lr0.001,0.7262,0.7391,0.7302,0.7262,0.525
K90|ENN2|s33|a0.01|lr0.0005,0.7262,0.7391,0.7302,0.7262,0.575
arch300x150x75x50x25|s7|a0.05|lr0.0005,0.7262,0.7391,0.6349,0.7262,0.525
arch300x150x75x50x25|s7|a0.01|lr0.001,0.7262,0.7391,0.6508,0.7262,0.545
K113|ENN4|s99|a0.01|lr0.0003,0.7262,0.7391,0.7143,0.7262,0.8
K113|ENN4|s99|a0.001|lr0.0005,0.7262,0.7391,0.7063,0.7262,0.8
K113|ENN4|s99|a0.001|lr0.0003,0.7262,0.7391,0.7143,0.7262,0.8
K113|ENN4|s99|a0.0001|lr0.0005,0.7262,0.7391,0.7063,0.7262,0.8
K113|ENN4|s99|a0.0001|lr0.0003,0.7262,0.7391,0.7143,0.7262,0.8
K113|ENN4|s7|a0.0001|lr0.001,0.7262,0.7391,0.6349,0.7262,0.89
K113|ENN4|s99|a0.05|lr0.0003,0.7262,0.7391,0.7063,0.7262,0.8
K105|ENN3|s76|a0.01|lr0.001,0.7262,0.7391,0.6587,0.7262,0.66
K105|ENN3|s76|a0.001|lr0.001,0.7262,0.7391,0.6587,0.7262,0.665
K105|ENN3|s99|a0.01|lr0.0005,0.7262,0.7391,0.8016,0.7262,0.61
K105|ENN3|s99|a0.001|lr0.0005,0.7262,0.7391,0.8016,0.7262,0.61
K105|ENN3|s99|a0.0001|lr0.0005,0.7262,0.7391,0.8016,0.7262,0.61
arch300x150x75x50x25|s7|a0.01|lr0.0005,0.7262,0.7391,0.6349,0.7262,0.525
arch300x150x75x50x25|s7|a0.001|lr0.001,0.7262,0.7391,0.6508,0.7262,0.545
K100|ENN5|s0|a0.01|lr0.0003,0.7262,0.7391,0.7778,0.7262,0.605
K100|ENN5|s0|a0.0001|lr0.0003,0.7262,0.7391,0.7778,0.7262,0.605
arch300x150x75x50x25|s99|a0.0001|lr0.0003,0.7262,0.7391,0.7063,0.7262,0.59
K90|ENN2|s33|a0.05|lr0.0003,0.7262,0.7391,0.7222,0.7262,0.56
K95|ENN3|s42|a0.0001|lr0.0005,0.7262,0.7391,0.7381,0.7262,0.79
K108|ENN5|s13|a0.05|lr0.0003,0.7262,0.7391,0.6587,0.7262,0.615
K108|ENN5|s13|a0.01|lr0.001,0.7262,0.7391,0.6508,0.7262,0.66
K108|ENN5|s13|a0.01|lr0.0005,0.7262,0.7391,0.6746,0.7262,0.615
K108|ENN5|s13|a0.01|lr0.0003,0.7262,0.7391,0.6667,0.7262,0.605
K108|ENN5|s13|a0.001|lr0.001,0.7262,0.7391,0.6508,0.7262,0.665
K108|ENN5|s13|a0.001|lr0.0005,0.7262,0.7391,0.6746,0.7262,0.615
K105|ENN3|s76|a0.0001|lr0.001,0.7262,0.7391,0.6587,0.7262,0.665
K105|ENN3|s0|a0.05|lr0.001,0.7262,0.7391,0.6746,0.7262,0.85
K105|ENN3|s0|a0.05|lr0.0005,0.7262,0.7391,0.6429,0.7262,0.76
K115|ENN2|s76|a0.05|lr0.0003,0.7262,0.7391,0.7143,0.7262,0.555
K115|ENN2|s76|a0.01|lr0.0005,0.7262,0.7391,0.6984,0.7262,0.555
K115|ENN2|s76|a0.01|lr0.0003,0.7262,0.7391,0.7063,0.7262,0.555
K115|ENN2|s76|a0.001|lr0.0005,0.7262,0.7391,0.6905,0.7262,0.555
arch300x150x75x50x25|s99|a0.05|lr0.0003,0.7262,0.7391,0.7063,0.7262,0.59
K105|ENN3|s13|a0.001|lr0.0003,0.7262,0.7391,0.6905,0.7262,0.625
K105|ENN3|s13|a0.0001|lr0.0003,0.7262,0.7391,0.6905,0.7262,0.625
K108|ENN5|s0|a0.05|lr0.001,0.7262,0.7391,0.627,0.7262,0.595
K108|ENN5|s13|a0.05|lr0.0005,0.7262,0.7391,0.6825,0.7262,0.615
K90|ENN2|s33|a0.05|lr0.0005,0.7262,0.7391,0.7381,0.7262,0.575
arch300x150x75x50x25|s99|a0.001|lr0.0003,0.7262,0.7391,0.7063,0.7262,0.59
K100|ENN5|s0|a0.001|lr0.0003,0.7262,0.7391,0.7778,0.7262,0.605
arch300x150x75x50x25|s7|a0.0001|lr0.0005,0.7262,0.7391,0.6349,0.7262,0.525
K108|ENN4|s21|a0.01|lr0.0005,0.7262,0.7391,0.7143,0.7262,0.65
K108|ENN4|s21|a0.001|lr0.0005,0.7262,0.7391,0.7143,0.7262,0.65
K110|ENN3|s76|a0.01|lr0.0005,0.7262,0.7391,0.7381,0.7262,0.61
K110|ENN3|s76|a0.001|lr0.0005,0.7262,0.7391,0.746,0.7262,0.61
arch500x250x100x50|s42|a0.001|lr0.0003,0.7262,0.7391,0.7143,0.7262,0.59
arch500x250x100x50|s42|a0.0001|lr0.001,0.7262,0.7391,0.7143,0.7262,0.595
K113|ENN5|s13|a0.05|lr0.001,0.7262,0.7391,0.627,0.7262,0.585
K113|ENN5|s13|a0.01|lr0.001,0.7262,0.7391,0.627,0.7262,0.585
K110|ENN3|s76|a0.0001|lr0.0005,0.7262,0.7391,0.746,0.7262,0.61
K90|ENN4|s33|a0.001|lr0.0003,0.7262,0.7391,0.7381,0.7262,0.565
K90|ENN4|s33|a0.0001|lr0.0005,0.7262,0.7391,0.7381,0.7262,0.575
K90|ENN4|s33|a0.0001|lr0.0003,0.7262,0.7391,0.7381,0.7262,0.565
K120|ENN3|s33|a0.05|lr0.0005,0.7262,0.7391,0.754,0.7262,0.755
K90|ENN4|s33|a0.05|lr0.0005,0.7262,0.7391,0.7381,0.7262,0.575
K90|ENN4|s33|a0.05|lr0.0003,0.7262,0.7391,0.7381,0.7262,0.565
K90|ENN4|s33|a0.01|lr0.0005,0.7262,0.7391,0.7381,0.7262,0.575
K100|ENN3|s99|a0.01|lr0.001,0.7262,0.7391,0.7063,0.7262,0.81
K100|ENN3|s99|a0.01|lr0.0005,0.7262,0.7391,0.7143,0.7262,0.785
K100|ENN3|s42|a0.01|lr0.0003,0.7262,0.7391,0.7222,0.7262,0.525
K108|ENN4|s21|a0.0001|lr0.0005,0.7262,0.7391,0.7143,0.7262,0.65
K115|ENN5|s99|a0.001|lr0.001,0.7262,0.7391,0.746,0.7262,0.585
arch500x250x100x50|s42|a0.0001|lr0.0005,0.7262,0.7391,0.7063,0.7262,0.595
arch500x250x100x50|s42|a0.0001|lr0.0003,0.7262,0.7391,0.7143,0.7262,0.59
K100|ENN3|s42|a0.01|lr0.0005,0.7262,0.7391,0.7381,0.7262,0.495
K100|ENN3|s99|a0.001|lr0.0005,0.7262,0.7391,0.7143,0.7262,0.79
K100|ENN3|s99|a0.001|lr0.0003,0.7262,0.7391,0.7063,0.7262,0.775
K105|ENN3|s13|a0.05|lr0.0003,0.7262,0.7391,0.6905,0.7262,0.625
K105|ENN3|s13|a0.01|lr0.0003,0.7262,0.7391,0.6905,0.7262,0.625
K95|ENN5|s21|a0.05|lr0.001,0.7262,0.7391,0.754,0.7262,0.57
K95|ENN5|s21|a0.05|lr0.0005,0.7262,0.7391,0.7619,0.7262,0.565
K95|ENN5|s21|a0.01|lr0.001,0.7262,0.7391,0.754,0.7262,0.57
K105|ENN3|s0|a0.01|lr0.0005,0.7262,0.7391,0.6429,0.7262,0.76
K105|ENN3|s0|a0.001|lr0.001,0.7262,0.7391,0.6667,0.7262,0.85
K105|ENN3|s0|a0.001|lr0.0005,0.7262,0.7391,0.6429,0.7262,0.76
K105|ENN3|s0|a0.0001|lr0.001,0.7262,0.7391,0.6746,0.7262,0.85
K105|ENN3|s0|a0.0001|lr0.0005,0.7262,0.7391,0.6508,0.7262,0.78
K90|ENN4|s33|a0.01|lr0.0003,0.7262,0.7391,0.7381,0.7262,0.565
K90|ENN4|s33|a0.001|lr0.0005,0.7262,0.7391,0.7381,0.7262,0.575
arch500x250x100x50|s42|a0.01|lr0.0003,0.7262,0.7391,0.7063,0.7262,0.59
arch500x250x100x50|s42|a0.001|lr0.001,0.7262,0.7391,0.7143,0.7262,0.595
arch500x250x100x50|s42|a0.001|lr0.0005,0.7262,0.7391,0.7063,0.7262,0.595
K95|ENN5|s21|a0.001|lr0.001,0.7262,0.7391,0.754,0.7262,0.57
K95|ENN5|s21|a0.001|lr0.0005,0.7262,0.7391,0.7619,0.7262,0.565
K95|ENN5|s21|a0.0001|lr0.001,0.7262,0.7391,0.754,0.7262,0.57
K95|ENN5|s21|a0.0001|lr0.0005,0.7262,0.7391,0.7619,0.7262,0.565
K120|ENN3|s33|a0.01|lr0.0005,0.7262,0.7391,0.754,0.7262,0.755
K120|ENN3|s33|a0.001|lr0.0005,0.7262,0.7391,0.754,0.7262,0.755
K120|ENN3|s33|a0.0001|lr0.0005,0.7262,0.7391,0.754,0.7262,0.755
K100|ENN3|s99|a0.05|lr0.001,0.7262,0.7391,0.7063,0.7262,0.81
K100|ENN3|s99|a0.05|lr0.0005,0.7262,0.7391,0.7143,0.7262,0.785
K100|ENN3|s99|a0.05|lr0.0003,0.7262,0.7391,0.7063,0.7262,0.77
arch500x250x100x50|s42|a0.05|lr0.001,0.7262,0.7391,0.7143,0.7262,0.595
arch500x250x100x50|s42|a0.05|lr0.0005,0.7262,0.7391,0.7063,0.7262,0.595
K115|ENN5|s99|a0.001|lr0.0005,0.7262,0.7391,0.7063,0.7262,0.585
K115|ENN5|s99|a0.0001|lr0.001,0.7262,0.7391,0.746,0.7262,0.585
K115|ENN5|s99|a0.0001|lr0.0005,0.7262,0.7391,0.7063,0.7262,0.585
K113|ENN4|s7|a0.01|lr0.001,0.7262,0.7391,0.6349,0.7262,0.89
K90|ENN4|s42|a0.01|lr0.001,0.7262,0.7391,0.6429,0.7262,0.535
K90|ENN4|s42|a0.001|lr0.001,0.7262,0.7391,0.6429,0.7262,0.535
K95|ENN5|s21|a0.01|lr0.0005,0.7262,0.7391,0.7619,0.7262,0.565
K120|ENN4|s99|a0.05|lr0.0003,0.7262,0.7391,0.6111,0.7262,0.585
K120|ENN4|s99|a0.0001|lr0.0003,0.7262,0.7391,0.6111,0.7262,0.585
arch500x250x100x50|s42|a0.01|lr0.001,0.7262,0.7391,0.7143,0.7262,0.595
arch500x250x100x50|s42|a0.01|lr0.0005,0.7262,0.7391,0.7063,0.7262,0.595
K100|ENN3|s99|a0.0001|lr0.001,0.7262,0.7391,0.7222,0.7262,0.815
K100|ENN3|s99|a0.0001|lr0.0005,0.7262,0.7391,0.7143,0.7262,0.79
K100|ENN3|s99|a0.0001|lr0.0003,0.7262,0.7391,0.7063,0.7262,0.775
K112|ENN4|s13|a0.01|lr0.001,0.7262,0.7391,0.619,0.7262,0.665
K112|ENN4|s13|a0.0001|lr0.001,0.7262,0.7391,0.6111,0.7262,0.665
K108|ENN5|s13|a0.0001|lr0.0005,0.7262,0.7391,0.6746,0.7262,0.615
K108|ENN5|s13|a0.0001|lr0.0003,0.7262,0.7391,0.6587,0.7262,0.615
K100|ENN3|s42|a0.05|lr0.0005,0.7262,0.7391,0.7381,0.7262,0.495
K100|ENN3|s42|a0.05|lr0.0003,0.7262,0.7391,0.7222,0.7262,0.525
K100|ENN3|s42|a0.01|lr0.001,0.7262,0.7391,0.7222,0.7262,0.51
K90|ENN4|s42|a0.05|lr0.001,0.7262,0.7391,0.6508,0.7262,0.535
K108|ENN5|s13|a0.001|lr0.0003,0.7262,0.7391,0.6587,0.7262,0.615
K108|ENN5|s13|a0.0001|lr0.001,0.7262,0.7391,0.6508,0.7262,0.665
K108|ENN5|s0|a0.01|lr0.001,0.7262,0.7391,0.627,0.7262,0.595
K108|ENN5|s0|a0.001|lr0.001,0.7262,0.7391,0.627,0.7262,0.595
K108|ENN5|s0|a0.0001|lr0.001,0.7262,0.7391,0.627,0.7262,0.595
K115|ENN5|s99|a0.05|lr0.001,0.7262,0.7391,0.754,0.7262,0.585
K115|ENN5|s99|a0.05|lr0.0005,0.7262,0.7391,0.7063,0.7262,0.585
K115|ENN5|s99|a0.01|lr0.001,0.7262,0.7391,0.746,0.7262,0.585
K115|ENN5|s99|a0.01|lr0.0005,0.7262,0.7391,0.7063,0.7262,0.585
K100|ENN3|s42|a0.05|lr0.001,0.7262,0.7391,0.7222,0.7262,0.51
K100|ENN3|s99|a0.01|lr0.0003,0.7262,0.7391,0.7063,0.7262,0.775
K100|ENN3|s99|a0.001|lr0.001,0.7262,0.7391,0.7222,0.7262,0.815
K125|ENN2|s0|a0.0001|lr0.001,0.7262,0.7391,0.6032,0.7262,0.645
K108|ENN5|s13|a0.05|lr0.001,0.7262,0.7391,0.6508,0.7262,0.66
K90|ENN4|s42|a0.0001|lr0.001,0.7262,0.7391,0.6429,0.7262,0.535
K115|ENN3|s0|a0.05|lr0.001,0.7262,0.7391,0.6825,0.7262,0.87
K111|ENN4|s0|a0.001|lr0.001,0.7262,0.7391,0.7619,0.7262,0.7
K111|ENN4|s0|a0.0001|lr0.001,0.7262,0.7391,0.7619,0.7262,0.7
K111|ENN4|s0|a0.01|lr0.001,0.7262,0.7391,0.7619,0.7262,0.7
K110|ENN2|s13|a0.0001|lr0.0003,0.7262,0.7391,0.6984,0.7262,0.635
K110|ENN2|s13|a0.0001|lr0.001,0.7262,0.7391,0.6905,0.7262,0.675
K100|ENN4|s42|a0.001|lr0.0005,0.7125,0.7391,0.6587,0.7063,0.72
arch400x200x100x50|s42|a0.001|lr0.0005,0.7125,0.7391,0.6429,0.7063,0.905
arch400x200x100x50|s42|a0.001|lr0.0003,0.7125,0.7391,0.6587,0.7063,0.9
arch400x200x100x50|s42|a0.0001|lr0.001,0.7125,0.7391,0.6508,0.7063,0.935
arch400x200x100x50|s42|a0.0001|lr0.0005,0.7125,0.7391,0.6429,0.7063,0.905
arch400x200x100x50|s42|a0.0001|lr0.0003,0.7125,0.7391,0.6587,0.7063,0.9
K100|ENN4|s42|a0.01|lr0.001,0.7125,0.7391,0.619,0.7063,0.745
K100|ENN4|s42|a0.01|lr0.0005,0.7125,0.7391,0.6429,0.7063,0.72
K100|ENN4|s42|a0.05|lr0.001,0.7125,0.7391,0.6349,0.7063,0.74
arch400x300x200x100|s13|a0.0001|lr0.0003,0.7125,0.7391,0.7063,0.7063,0.865
K100|ENN4|s42|a0.0001|lr0.0003,0.7125,0.7391,0.6429,0.7063,0.72
K100|ENN4|s42|a0.0001|lr0.0005,0.7125,0.7391,0.6587,0.7063,0.72
K100|ENN4|s42|a0.0001|lr0.001,0.7125,0.7391,0.6111,0.7063,0.745
arch400x200x100x50|s42|a0.01|lr0.001,0.7125,0.7391,0.6429,0.7063,0.935
arch400x200x100x50|s42|a0.01|lr0.0005,0.7125,0.7391,0.6429,0.7063,0.905
K110|ENN2|s0|a0.05|lr0.0005,0.7125,0.7391,0.7143,0.7063,0.86
K110|ENN2|s0|a0.05|lr0.0003,0.7125,0.7391,0.7222,0.7063,0.84
K110|ENN2|s0|a0.01|lr0.001,0.7125,0.7391,0.7222,0.7063,0.89
K110|ENN2|s0|a0.01|lr0.0005,0.7125,0.7391,0.7143,0.7063,0.865
K90|ENN3|s33|a0.0001|lr0.001,0.7125,0.7391,0.619,0.7063,0.93
arch400x300x200x100|s13|a0.001|lr0.0005,0.7125,0.7391,0.6984,0.7063,0.89
arch400x300x200x100|s13|a0.001|lr0.0003,0.7125,0.7391,0.6984,0.7063,0.865
arch400x300x200x100|s13|a0.0001|lr0.001,0.7125,0.7391,0.6825,0.7063,0.925
arch400x300x200x100|s13|a0.0001|lr0.0005,0.7125,0.7391,0.6984,0.7063,0.89
arch400x300x200x100|s21|a0.001|lr0.001,0.7125,0.7391,0.6984,0.7063,0.625
K130|ENN4|s76|a0.0001|lr0.0003,0.7125,0.7391,0.6984,0.7063,0.805
K130|ENN3|s33|a0.05|lr0.001,0.7125,0.7391,0.6984,0.7063,0.74
arch256x128x64x32|s42|a0.001|lr0.0005,0.7125,0.7391,0.7063,0.7063,0.64
arch256x128x64x32|s42|a0.001|lr0.0003,0.7125,0.7391,0.7063,0.7063,0.625
arch512x256x128x64x32|s21|a0.0001|lr0.0003,0.7125,0.7391,0.7222,0.7063,0.87
arch512x256x128x64x32|s21|a0.05|lr0.001,0.7125,0.7391,0.7381,0.7063,0.945
arch512x256x128x64x32|s21|a0.05|lr0.0005,0.7125,0.7391,0.7222,0.7063,0.905
arch512x256x128x64x32|s21|a0.05|lr0.0003,0.7125,0.7391,0.7222,0.7063,0.865
K100|ENN3|s76|a0.0001|lr0.0003,0.7125,0.7391,0.7143,0.7063,0.675
arch500x250x100x50|s21|a0.05|lr0.001,0.7125,0.7391,0.7063,0.7063,0.89
K111|ENN2|s0|a0.01|lr0.0003,0.7125,0.7391,0.6746,0.7063,0.88
K111|ENN2|s0|a0.001|lr0.001,0.7125,0.7391,0.6667,0.7063,0.855
K111|ENN2|s0|a0.001|lr0.0005,0.7125,0.7391,0.6667,0.7063,0.87
K111|ENN2|s0|a0.001|lr0.0003,0.7125,0.7391,0.6746,0.7063,0.88
K111|ENN2|s0|a0.0001|lr0.001,0.7125,0.7391,0.6667,0.7063,0.86
K90|ENN3|s33|a0.05|lr0.001,0.7125,0.7391,0.619,0.7063,0.925
K100|ENN4|s42|a0.01|lr0.0003,0.7125,0.7391,0.6429,0.7063,0.72
K100|ENN4|s42|a0.001|lr0.001,0.7125,0.7391,0.6111,0.7063,0.745
arch512x256x128x64x32|s21|a0.01|lr0.0005,0.7125,0.7391,0.7381,0.7063,0.905
arch512x256x128x64x32|s21|a0.01|lr0.0003,0.7125,0.7391,0.7222,0.7063,0.865
K111|ENN2|s0|a0.0001|lr0.0005,0.7125,0.7391,0.6667,0.7063,0.87
K111|ENN2|s0|a0.0001|lr0.0003,0.7125,0.7391,0.6667,0.7063,0.88
K111|ENN2|s76|a0.05|lr0.001,0.7125,0.7391,0.6905,0.7063,0.57
K111|ENN2|s76|a0.05|lr0.0005,0.7125,0.7391,0.6905,0.7063,0.57
K111|ENN2|s76|a0.05|lr0.0003,0.7125,0.7391,0.6667,0.7063,0.57
K111|ENN2|s76|a0.01|lr0.001,0.7125,0.7391,0.6905,0.7063,0.57
K125|ENN2|s33|a0.05|lr0.0005,0.7125,0.7391,0.627,0.7063,0.755
K125|ENN2|s33|a0.01|lr0.0005,0.7125,0.7391,0.627,0.7063,0.755
K125|ENN2|s33|a0.001|lr0.0005,0.7125,0.7391,0.627,0.7063,0.755
K125|ENN2|s33|a0.0001|lr0.0005,0.7125,0.7391,0.627,0.7063,0.755
K111|ENN2|s76|a0.01|lr0.0005,0.7125,0.7391,0.6905,0.7063,0.57
K111|ENN2|s76|a0.01|lr0.0003,0.7125,0.7391,0.6667,0.7063,0.565
K111|ENN2|s76|a0.001|lr0.001,0.7125,0.7391,0.6905,0.7063,0.57
K111|ENN2|s76|a0.001|lr0.0005,0.7125,0.7391,0.6905,0.7063,0.57
K111|ENN2|s0|a0.05|lr0.001,0.7125,0.7391,0.6667,0.7063,0.855
K111|ENN2|s0|a0.05|lr0.0005,0.7125,0.7391,0.6667,0.7063,0.87
K111|ENN2|s0|a0.01|lr0.001,0.7125,0.7391,0.6667,0.7063,0.86
arch300x200x100x50x25|s13|a0.0001|lr0.001,0.7125,0.7391,0.6984,0.7063,0.57
arch600x300x150x75|s21|a0.05|lr0.0003,0.7125,0.7391,0.6905,0.7063,0.52
K95|ENN3|s7|a0.01|lr0.0003,0.7125,0.7391,0.619,0.7063,0.535
K95|ENN3|s7|a0.001|lr0.0005,0.7125,0.7391,0.6111,0.7063,0.55
K95|ENN3|s7|a0.001|lr0.0003,0.7125,0.7391,0.619,0.7063,0.535
arch512x256x128x64x32|s21|a0.001|lr0.0005,0.7125,0.7391,0.7381,0.7063,0.905
arch512x256x128x64x32|s21|a0.001|lr0.0003,0.7125,0.7391,0.7143,0.7063,0.87
arch512x256x128x64x32|s21|a0.0001|lr0.001,0.7125,0.7391,0.746,0.7063,0.945
arch512x256x128x64x32|s21|a0.0001|lr0.0005,0.7125,0.7391,0.7381,0.7063,0.895
arch500x250x100x50|s21|a0.05|lr0.0005,0.7125,0.7391,0.6984,0.7063,0.885
arch500x250x100x50|s21|a0.05|lr0.0003,0.7125,0.7391,0.6905,0.7063,0.88
arch512x256x128x64x32|s21|a0.01|lr0.001,0.7125,0.7391,0.7381,0.7063,0.945
arch600x300x150x75|s21|a0.01|lr0.0003,0.7125,0.7391,0.6905,0.7063,0.52
arch600x300x150x75|s21|a0.001|lr0.0003,0.7125,0.7391,0.6905,0.7063,0.52
arch600x300x150x75|s21|a0.0001|lr0.0003,0.7125,0.7391,0.6905,0.7063,0.52
K105|ENN2|s76|a0.05|lr0.0005,0.7125,0.7391,0.6349,0.7063,0.645
arch512x256x128x64x32|s99|a0.05|lr0.0005,0.7125,0.7391,0.6429,0.7063,0.925
arch512x256x128x64x32|s99|a0.05|lr0.0003,0.7125,0.7391,0.6429,0.7063,0.895
K105|ENN3|s13|a0.05|lr0.0005,0.7125,0.7391,0.6746,0.7063,0.64
K105|ENN3|s13|a0.01|lr0.0005,0.7125,0.7391,0.6746,0.7063,0.64
K107|ENN2|s99|a0.0001|lr0.001,0.7125,0.7391,0.6825,0.7063,0.93
K107|ENN2|s99|a0.0001|lr0.0005,0.7125,0.7391,0.6905,0.7063,0.91
K120|ENN3|s7|a0.05|lr0.0005,0.7125,0.7391,0.6349,0.7063,0.495
K90|ENN4|s7|a0.0001|lr0.0003,0.7125,0.7391,0.6111,0.7063,0.53
K109|ENN3|s0|a0.05|lr0.0005,0.7125,0.7391,0.6111,0.7063,0.51
K109|ENN3|s0|a0.05|lr0.0003,0.7125,0.7391,0.619,0.7063,0.51
K120|ENN4|s76|a0.05|lr0.0005,0.7125,0.7391,0.6825,0.7063,0.53
K110|ENN4|s33|a0.0001|lr0.0005,0.7125,0.7391,0.627,0.7063,0.55
K95|ENN3|s7|a0.0001|lr0.0005,0.7125,0.7391,0.6111,0.7063,0.55
K95|ENN3|s7|a0.0001|lr0.0003,0.7125,0.7391,0.619,0.7063,0.535
K111|ENN2|s0|a0.05|lr0.0003,0.7125,0.7391,0.6746,0.7063,0.87
K113|ENN5|s7|a0.001|lr0.001,0.7125,0.7391,0.627,0.7063,0.75
K113|ENN5|s7|a0.0001|lr0.001,0.7125,0.7391,0.627,0.7063,0.75
arch400x200x100x50|s7|a0.05|lr0.0003,0.7125,0.7391,0.7063,0.7063,0.65
arch512x256x128x64x32|s99|a0.01|lr0.0005,0.7125,0.7391,0.6429,0.7063,0.925
K120|ENN4|s76|a0.01|lr0.0005,0.7125,0.7391,0.6667,0.7063,0.545
K120|ENN4|s76|a0.001|lr0.0005,0.7125,0.7391,0.6905,0.7063,0.525
K120|ENN4|s76|a0.0001|lr0.0005,0.7125,0.7391,0.6667,0.7063,0.545
K107|ENN2|s99|a0.01|lr0.001,0.7125,0.7391,0.6825,0.7063,0.93
K107|ENN2|s99|a0.001|lr0.001,0.7125,0.7391,0.6825,0.7063,0.93
K107|ENN2|s99|a0.001|lr0.0005,0.7125,0.7391,0.6905,0.7063,0.91
K109|ENN3|s0|a0.01|lr0.0005,0.7125,0.7391,0.6111,0.7063,0.51
arch512x256x128x64x32|s99|a0.01|lr0.0003,0.7125,0.7391,0.6508,0.7063,0.89
arch512x256x128x64x32|s99|a0.001|lr0.0005,0.7125,0.7391,0.6429,0.7063,0.915
arch512x256x128x64x32|s99|a0.0001|lr0.0005,0.7125,0.7391,0.6429,0.7063,0.92
K107|ENN4|s99|a0.0001|lr0.0005,0.7125,0.7391,0.6825,0.7063,0.88
K130|ENN4|s7|a0.001|lr0.0005,0.7125,0.7391,0.6111,0.7063,0.86
K130|ENN4|s7|a0.0001|lr0.0005,0.7125,0.7391,0.627,0.7063,0.86
K130|ENN4|s7|a0.0001|lr0.0003,0.7125,0.7391,0.619,0.7063,0.845
K107|ENN4|s99|a0.05|lr0.0003,0.7125,0.7391,0.6825,0.7063,0.85
K107|ENN4|s99|a0.01|lr0.001,0.7125,0.7391,0.6587,0.7063,0.89
K107|ENN4|s99|a0.01|lr0.0005,0.7125,0.7391,0.6825,0.7063,0.88
K107|ENN4|s99|a0.001|lr0.001,0.7125,0.7391,0.6587,0.7063,0.895
K107|ENN4|s99|a0.001|lr0.0005,0.7125,0.7391,0.6825,0.7063,0.88
K107|ENN4|s99|a0.0001|lr0.001,0.7125,0.7391,0.6587,0.7063,0.895
arch512x256x128x64x32|s76|a0.05|lr0.0003,0.7125,0.7391,0.754,0.7063,0.555
arch512x256x128x64x32|s76|a0.01|lr0.0003,0.7125,0.7391,0.7619,0.7063,0.555
K100|ENN2|s99|a0.05|lr0.0005,0.7125,0.7391,0.5873,0.7063,0.63
K105|ENN2|s76|a0.01|lr0.0005,0.7125,0.7391,0.6349,0.7063,0.645
K105|ENN2|s76|a0.001|lr0.0005,0.7125,0.7391,0.6349,0.7063,0.645
K105|ENN2|s76|a0.0001|lr0.0005,0.7125,0.7391,0.6349,0.7063,0.645
K115|ENN5|s76|a0.05|lr0.0005,0.7125,0.7391,0.6984,0.7063,0.55
K115|ENN5|s76|a0.01|lr0.0005,0.7125,0.7391,0.6984,0.7063,0.55
arch500x250x100x50|s21|a0.0001|lr0.0003,0.7125,0.7391,0.6825,0.7063,0.88
arch512x256x128x64x32|s42|a0.05|lr0.0003,0.7125,0.7391,0.627,0.7063,0.5
arch512x256x128x64x32|s42|a0.01|lr0.0003,0.7125,0.7391,0.6429,0.7063,0.5
arch512x256x128x64x32|s42|a0.001|lr0.0003,0.7125,0.7391,0.6429,0.7063,0.5
arch512x256x128x64x32|s42|a0.0001|lr0.0003,0.7125,0.7391,0.6429,0.7063,0.5
K115|ENN5|s76|a0.001|lr0.0005,0.7125,0.7391,0.6905,0.7063,0.55
K113|ENN5|s7|a0.05|lr0.001,0.7125,0.7391,0.627,0.7063,0.75
K113|ENN5|s7|a0.01|lr0.001,0.7125,0.7391,0.619,0.7063,0.75
K115|ENN5|s76|a0.0001|lr0.0005,0.7125,0.7391,0.6984,0.7063,0.55
K113|ENN5|s33|a0.0001|lr0.001,0.7125,0.7391,0.619,0.7063,0.58
K113|ENN5|s33|a0.05|lr0.001,0.7125,0.7391,0.619,0.7063,0.58
K113|ENN5|s33|a0.01|lr0.001,0.7125,0.7391,0.619,0.7063,0.58
K130|ENN4|s7|a0.001|lr0.0003,0.7125,0.7391,0.619,0.7063,0.845
arch300x200x100x50x25|s13|a0.001|lr0.001,0.7125,0.7391,0.6984,0.7063,0.565
arch400x300x200x100|s76|a0.05|lr0.0003,0.7125,0.7391,0.6746,0.7063,0.875
arch400x300x200x100|s76|a0.01|lr0.0003,0.7125,0.7391,0.6746,0.7063,0.88
K107|ENN4|s99|a0.05|lr0.0005,0.7125,0.7391,0.6825,0.7063,0.88
K112|ENN3|s76|a0.01|lr0.001,0.7125,0.7391,0.6825,0.7063,0.565
K112|ENN3|s76|a0.01|lr0.0005,0.7125,0.7391,0.6746,0.7063,0.565
K112|ENN3|s76|a0.01|lr0.0003,0.7125,0.7391,0.6825,0.7063,0.56
K112|ENN3|s76|a0.001|lr0.001,0.7125,0.7391,0.6825,0.7063,0.565
K109|ENN3|s0|a0.01|lr0.0003,0.7125,0.7391,0.619,0.7063,0.51
K109|ENN3|s0|a0.001|lr0.0005,0.7125,0.7391,0.6111,0.7063,0.51
K109|ENN3|s0|a0.001|lr0.0003,0.7125,0.7391,0.619,0.7063,0.51
K109|ENN3|s0|a0.0001|lr0.0005,0.7125,0.7391,0.6111,0.7063,0.51
K105|ENN3|s13|a0.0001|lr0.0005,0.7125,0.7391,0.6746,0.7063,0.64
arch500x250x100x50|s21|a0.01|lr0.0003,0.7125,0.7391,0.6746,0.7063,0.88
arch500x250x100x50|s21|a0.001|lr0.001,0.7125,0.7391,0.7063,0.7063,0.895
arch500x250x100x50|s21|a0.001|lr0.0005,0.7125,0.7391,0.6984,0.7063,0.885
arch500x250x100x50|s21|a0.001|lr0.0003,0.7125,0.7391,0.6667,0.7063,0.89
arch500x250x100x50|s21|a0.0001|lr0.001,0.7125,0.7391,0.7143,0.7063,0.895
arch500x250x100x50|s21|a0.0001|lr0.0005,0.7125,0.7391,0.6984,0.7063,0.885
arch512x256x128x64x32|s76|a0.0001|lr0.0003,0.7125,0.7391,0.754,0.7063,0.555
K112|ENN3|s76|a0.001|lr0.0005,0.7125,0.7391,0.6825,0.7063,0.565
K112|ENN3|s76|a0.05|lr0.001,0.7125,0.7391,0.6825,0.7063,0.565
K107|ENN2|s99|a0.05|lr0.001,0.7125,0.7391,0.6825,0.7063,0.925
K109|ENN3|s0|a0.0001|lr0.0003,0.7125,0.7391,0.619,0.7063,0.51
K110|ENN5|s42|a0.001|lr0.001,0.7125,0.7391,0.6825,0.7063,0.645
K110|ENN5|s42|a0.0001|lr0.001,0.7125,0.7391,0.6825,0.7063,0.645
K110|ENN4|s33|a0.05|lr0.0005,0.7125,0.7391,0.627,0.7063,0.55
K110|ENN4|s33|a0.01|lr0.0005,0.7125,0.7391,0.619,0.7063,0.55
K110|ENN4|s33|a0.001|lr0.0005,0.7125,0.7391,0.627,0.7063,0.55
K112|ENN3|s76|a0.05|lr0.0005,0.7125,0.7391,0.6746,0.7063,0.565
K112|ENN3|s76|a0.05|lr0.0003,0.7125,0.7391,0.6905,0.7063,0.56
K112|ENN3|s76|a0.001|lr0.0003,0.7125,0.7391,0.6825,0.7063,0.56
K112|ENN3|s76|a0.0001|lr0.001,0.7125,0.7391,0.6825,0.7063,0.565
K112|ENN3|s76|a0.0001|lr0.0005,0.7125,0.7391,0.6825,0.7063,0.565
K107|ENN4|s99|a0.05|lr0.001,0.7125,0.7391,0.6587,0.7063,0.89
K111|ENN2|s76|a0.0001|lr0.001,0.7125,0.7391,0.6825,0.7063,0.57
K130|ENN4|s76|a0.05|lr0.001,0.7125,0.7391,0.6667,0.7063,0.885
K130|ENN4|s76|a0.05|lr0.0005,0.7125,0.7391,0.6746,0.7063,0.855
K130|ENN4|s76|a0.05|lr0.0003,0.7125,0.7391,0.6984,0.7063,0.8
arch300x200x100x50x25|s13|a0.01|lr0.001,0.7125,0.7391,0.6984,0.7063,0.565
K112|ENN3|s76|a0.0001|lr0.0003,0.7125,0.7391,0.6746,0.7063,0.56
arch500x250x100x50|s21|a0.01|lr0.0005,0.7125,0.7391,0.6984,0.7063,0.885
K105|ENN3|s13|a0.001|lr0.0005,0.7125,0.7391,0.6746,0.7063,0.64
K90|ENN5|s33|a0.01|lr0.0003,0.7125,0.7391,0.6825,0.7063,0.57
K90|ENN5|s33|a0.001|lr0.0003,0.7125,0.7391,0.6825,0.7063,0.57
K100|ENN5|s76|a0.001|lr0.0005,0.7125,0.7391,0.6984,0.7063,0.67
K100|ENN5|s76|a0.0001|lr0.0005,0.7125,0.7391,0.6984,0.7063,0.67
Vote7,0.7125,0.7391,0.6905,0.7063,0.775
K100|ENN5|s76|a0.05|lr0.0005,0.7125,0.7391,0.6984,0.7063,0.67
K113|ENN5|s33|a0.001|lr0.001,0.7125,0.7391,0.619,0.7063,0.58
arch512x256x128x64x32|s76|a0.001|lr0.0003,0.7125,0.7391,0.7619,0.7063,0.555
K120|ENN3|s0|a0.0001|lr0.0003,0.7125,0.7391,0.6746,0.7063,0.82
K111|ENN2|s76|a0.0001|lr0.0005,0.7125,0.7391,0.6905,0.7063,0.57
K111|ENN2|s76|a0.0001|lr0.0003,0.7125,0.7391,0.6667,0.7063,0.565
K120|ENN3|s0|a0.05|lr0.001,0.7125,0.7391,0.6746,0.7063,0.87
K120|ENN3|s0|a0.05|lr0.0005,0.7125,0.7391,0.6746,0.7063,0.83
arch400x300x200x100|s21|a0.05|lr0.001,0.7125,0.7391,0.6905,0.7063,0.625
arch400x300x200x100|s21|a0.05|lr0.0005,0.7125,0.7391,0.6825,0.7063,0.62
K130|ENN4|s7|a0.05|lr0.0005,0.7125,0.7391,0.6111,0.7063,0.86
K130|ENN4|s7|a0.05|lr0.0003,0.7125,0.7391,0.619,0.7063,0.845
K130|ENN4|s7|a0.01|lr0.0005,0.7125,0.7391,0.627,0.7063,0.86
K130|ENN4|s7|a0.01|lr0.0003,0.7125,0.7391,0.619,0.7063,0.845
K111|ENN2|s0|a0.01|lr0.0005,0.7125,0.7391,0.6667,0.7063,0.87
arch500x250x100x50|s21|a0.01|lr0.001,0.7125,0.7391,0.7063,0.7063,0.89
K120|ENN3|s0|a0.01|lr0.001,0.7125,0.7391,0.6746,0.7063,0.87
K90|ENN5|s7|a0.0001|lr0.0005,0.7125,0.7391,0.619,0.7063,0.54
K111|ENN2|s76|a0.001|lr0.0003,0.7125,0.7391,0.6667,0.7063,0.565
K108|ENN4|s13|a0.01|lr0.001,0.7125,0.7391,0.627,0.7063,0.71
K90|ENN5|s33|a0.05|lr0.0003,0.7125,0.7391,0.6825,0.7063,0.57
K105|ENN4|s13|a0.05|lr0.0005,0.7125,0.7391,0.6746,0.7063,0.635
arch600x300x150x75|s0|a0.001|lr0.001,0.7125,0.7391,0.7302,0.7063,0.63
arch600x300x150x75|s0|a0.0001|lr0.001,0.7125,0.7391,0.7222,0.7063,0.63
K90|ENN4|s7|a0.05|lr0.0003,0.7125,0.7391,0.6111,0.7063,0.53
K90|ENN4|s7|a0.01|lr0.0003,0.7125,0.7391,0.6111,0.7063,0.53
K90|ENN4|s7|a0.001|lr0.0003,0.7125,0.7391,0.6111,0.7063,0.53
K130|ENN5|s99|a0.05|lr0.0005,0.7125,0.7391,0.7302,0.7063,0.705
K100|ENN5|s76|a0.01|lr0.0005,0.7125,0.7391,0.6984,0.7063,0.67
K120|ENN3|s0|a0.05|lr0.0003,0.7125,0.7391,0.6746,0.7063,0.82
K90|ENN5|s33|a0.0001|lr0.0003,0.7125,0.7391,0.6825,0.7063,0.57
K120|ENN3|s0|a0.01|lr0.0003,0.7125,0.7391,0.6746,0.7063,0.82
K120|ENN3|s0|a0.001|lr0.001,0.7125,0.7391,0.6746,0.7063,0.87
K120|ENN3|s0|a0.001|lr0.0003,0.7125,0.7391,0.6746,0.7063,0.82
K120|ENN3|s0|a0.0001|lr0.001,0.7125,0.7391,0.6746,0.7063,0.87
K125|ENN3|s99|a0.05|lr0.0003,0.7125,0.7391,0.5794,0.7063,0.76
K130|ENN5|s99|a0.01|lr0.0005,0.7125,0.7391,0.7222,0.7063,0.71
K105|ENN4|s76|a0.05|lr0.0003,0.7125,0.7391,0.6111,0.7063,0.61
K105|ENN4|s76|a0.01|lr0.001,0.7125,0.7391,0.6508,0.7063,0.65
K90|ENN5|s7|a0.05|lr0.0005,0.7125,0.7391,0.619,0.7063,0.54
K90|ENN5|s7|a0.01|lr0.0005,0.7125,0.7391,0.619,0.7063,0.54
K105|ENN5|s76|a0.05|lr0.001,0.7125,0.7391,0.619,0.7063,0.53
K105|ENN5|s76|a0.05|lr0.0005,0.7125,0.7391,0.6032,0.7063,0.525
K105|ENN5|s76|a0.01|lr0.001,0.7125,0.7391,0.619,0.7063,0.53
K105|ENN5|s76|a0.01|lr0.0005,0.7125,0.7391,0.6111,0.7063,0.525
K130|ENN4|s76|a0.01|lr0.001,0.7125,0.7391,0.6667,0.7063,0.885
K130|ENN4|s76|a0.01|lr0.0005,0.7125,0.7391,0.6746,0.7063,0.855
K130|ENN4|s76|a0.01|lr0.0003,0.7125,0.7391,0.6984,0.7063,0.8
K108|ENN4|s13|a0.05|lr0.001,0.7125,0.7391,0.6349,0.7063,0.71
K108|ENN4|s13|a0.05|lr0.0005,0.7125,0.7391,0.619,0.7063,0.65
K108|ENN4|s13|a0.05|lr0.0003,0.7125,0.7391,0.6111,0.7063,0.63
arch500x250x100x50|s76|a0.05|lr0.001,0.7125,0.7391,0.6905,0.7063,0.925
K130|ENN2|s42|a0.01|lr0.0005,0.7125,0.7391,0.6667,0.7063,0.58
K130|ENN2|s42|a0.001|lr0.0005,0.7125,0.7391,0.6667,0.7063,0.58
K130|ENN2|s42|a0.0001|lr0.0005,0.7125,0.7391,0.6667,0.7063,0.58
K108|ENN4|s13|a0.01|lr0.0005,0.7125,0.7391,0.627,0.7063,0.65
K108|ENN4|s13|a0.01|lr0.0003,0.7125,0.7391,0.6111,0.7063,0.63
K108|ENN4|s13|a0.001|lr0.001,0.7125,0.7391,0.627,0.7063,0.71
K108|ENN4|s13|a0.001|lr0.0005,0.7125,0.7391,0.619,0.7063,0.65
K108|ENN4|s13|a0.001|lr0.0003,0.7125,0.7391,0.6111,0.7063,0.63
K108|ENN4|s13|a0.0001|lr0.001,0.7125,0.7391,0.627,0.7063,0.71
K108|ENN4|s13|a0.0001|lr0.0005,0.7125,0.7391,0.6349,0.7063,0.65
arch400x200x100x50|s7|a0.01|lr0.0003,0.7125,0.7391,0.7063,0.7063,0.65
arch400x200x100x50|s7|a0.001|lr0.0003,0.7125,0.7391,0.7063,0.7063,0.65
arch400x200x100x50|s7|a0.0001|lr0.0003,0.7125,0.7391,0.7063,0.7063,0.65
K95|ENN4|s7|a0.05|lr0.0005,0.7125,0.7391,0.619,0.7063,0.545
K125|ENN3|s99|a0.05|lr0.0005,0.7125,0.7391,0.6032,0.7063,0.76
K108|ENN4|s13|a0.0001|lr0.0003,0.7125,0.7391,0.6111,0.7063,0.63
K130|ENN2|s42|a0.05|lr0.0005,0.7125,0.7391,0.6667,0.7063,0.58
K105|ENN5|s76|a0.0001|lr0.0005,0.7125,0.7391,0.6111,0.7063,0.525
K105|ENN4|s76|a0.001|lr0.001,0.7125,0.7391,0.6508,0.7063,0.65
K105|ENN4|s76|a0.001|lr0.0005,0.7125,0.7391,0.619,0.7063,0.62
K105|ENN4|s76|a0.0001|lr0.001,0.7125,0.7391,0.6508,0.7063,0.65
K105|ENN4|s76|a0.0001|lr0.0005,0.7125,0.7391,0.619,0.7063,0.62
K105|ENN4|s13|a0.05|lr0.001,0.7125,0.7391,0.7063,0.7063,0.665
K90|ENN5|s7|a0.001|lr0.0005,0.7125,0.7391,0.619,0.7063,0.54
arch400x300x200x100|s13|a0.05|lr0.001,0.7125,0.7391,0.6905,0.7063,0.92
arch400x300x200x100|s13|a0.05|lr0.0005,0.7125,0.7391,0.6825,0.7063,0.885
arch400x300x200x100|s21|a0.0001|lr0.0005,0.7125,0.7391,0.6825,0.7063,0.62
K109|ENN2|s0|a0.05|lr0.0003,0.7125,0.7391,0.627,0.7063,0.52
K109|ENN2|s0|a0.01|lr0.0003,0.7125,0.7391,0.627,0.7063,0.52
K109|ENN2|s0|a0.001|lr0.0003,0.7125,0.7391,0.627,0.7063,0.52
K109|ENN2|s0|a0.0001|lr0.0003,0.7125,0.7391,0.627,0.7063,0.52
K105|ENN5|s76|a0.0001|lr0.001,0.7125,0.7391,0.619,0.7063,0.53
K90|ENN3|s33|a0.01|lr0.001,0.7125,0.7391,0.619,0.7063,0.92
K90|ENN3|s33|a0.001|lr0.001,0.7125,0.7391,0.6111,0.7063,0.93
arch400x300x200x100|s21|a0.0001|lr0.001,0.7125,0.7391,0.6984,0.7063,0.625
K110|ENN5|s0|a0.01|lr0.0005,0.7125,0.7391,0.6905,0.7063,0.865
K95|ENN4|s7|a0.01|lr0.0005,0.7125,0.7391,0.619,0.7063,0.545
K95|ENN4|s7|a0.001|lr0.0005,0.7125,0.7391,0.627,0.7063,0.545
K130|ENN2|s0|a0.05|lr0.0005,0.7125,0.7391,0.627,0.7063,0.575
K130|ENN2|s0|a0.05|lr0.0003,0.7125,0.7391,0.6587,0.7063,0.58
K130|ENN2|s0|a0.01|lr0.0005,0.7125,0.7391,0.627,0.7063,0.575
K130|ENN2|s0|a0.01|lr0.0003,0.7125,0.7391,0.6667,0.7063,0.58
K130|ENN2|s0|a0.001|lr0.0005,0.7125,0.7391,0.627,0.7063,0.575
K130|ENN2|s0|a0.001|lr0.0003,0.7125,0.7391,0.6667,0.7063,0.58
K130|ENN2|s0|a0.0001|lr0.0005,0.7125,0.7391,0.627,0.7063,0.575
K130|ENN2|s0|a0.0001|lr0.0003,0.7125,0.7391,0.6667,0.7063,0.58
K95|ENN4|s7|a0.0001|lr0.0005,0.7125,0.7391,0.627,0.7063,0.545
arch600x300x150x75|s0|a0.01|lr0.001,0.7125,0.7391,0.7302,0.7063,0.63
K100|ENN2|s99|a0.0001|lr0.0005,0.7125,0.7391,0.5873,0.7063,0.63
arch300x200x100x50x25|s21|a0.0001|lr0.001,0.7125,0.7391,0.6508,0.7063,0.87
arch400x300x200x100|s21|a0.01|lr0.001,0.7125,0.7391,0.6905,0.7063,0.625
K110|ENN2|s0|a0.05|lr0.001,0.7125,0.7391,0.7302,0.7063,0.89
K100|ENN3|s76|a0.05|lr0.0003,0.7125,0.7391,0.7222,0.7063,0.675
arch500x250x100x50|s76|a0.01|lr0.001,0.7125,0.7391,0.6984,0.7063,0.925
K105|ENN4|s0|a0.05|lr0.0003,0.7125,0.7391,0.6429,0.7063,0.75
K105|ENN4|s0|a0.01|lr0.001,0.7125,0.7391,0.6984,0.7063,0.88
K105|ENN4|s0|a0.001|lr0.001,0.7125,0.7391,0.6984,0.7063,0.88
K105|ENN4|s0|a0.0001|lr0.001,0.7125,0.7391,0.6905,0.7063,0.88
K105|ENN4|s76|a0.05|lr0.001,0.7125,0.7391,0.6508,0.7063,0.65
K105|ENN4|s76|a0.05|lr0.0005,0.7125,0.7391,0.619,0.7063,0.62
arch400x300x200x100|s21|a0.001|lr0.0005,0.7125,0.7391,0.6825,0.7063,0.62
K105|ENN5|s76|a0.001|lr0.001,0.7125,0.7391,0.619,0.7063,0.53
K105|ENN5|s76|a0.001|lr0.0005,0.7125,0.7391,0.6111,0.7063,0.525
K130|ENN4|s76|a0.001|lr0.0005,0.7125,0.7391,0.6825,0.7063,0.855
K130|ENN4|s76|a0.001|lr0.0003,0.7125,0.7391,0.6984,0.7063,0.8
K130|ENN4|s76|a0.0001|lr0.001,0.7125,0.7391,0.6825,0.7063,0.885
K130|ENN4|s76|a0.0001|lr0.0005,0.7125,0.7391,0.6746,0.7063,0.855
arch400x300x200x100|s42|a0.05|lr0.001,0.7125,0.7391,0.7381,0.7063,0.875
K100|ENN3|s76|a0.01|lr0.0003,0.7125,0.7391,0.7143,0.7063,0.675
K100|ENN3|s76|a0.001|lr0.0003,0.7125,0.7391,0.7143,0.7063,0.675
K100|ENN2|s99|a0.001|lr0.0005,0.7125,0.7391,0.5873,0.7063,0.63
K105|ENN4|s13|a0.01|lr0.001,0.7125,0.7391,0.7063,0.7063,0.665
K105|ENN4|s13|a0.01|lr0.0005,0.7125,0.7391,0.6905,0.7063,0.635
K105|ENN4|s13|a0.001|lr0.001,0.7125,0.7391,0.7063,0.7063,0.665
K105|ENN4|s13|a0.001|lr0.0005,0.7125,0.7391,0.6905,0.7063,0.635
K105|ENN4|s13|a0.0001|lr0.001,0.7125,0.7391,0.7063,0.7063,0.665
K105|ENN4|s13|a0.0001|lr0.0005,0.7125,0.7391,0.6905,0.7063,0.635
K105|ENN4|s0|a0.05|lr0.001,0.7125,0.7391,0.6905,0.7063,0.88
arch600x300x150x75|s0|a0.05|lr0.001,0.7125,0.7391,0.7302,0.7063,0.63
K130|ENN3|s33|a0.01|lr0.001,0.7125,0.7391,0.6984,0.7063,0.74
K130|ENN3|s33|a0.001|lr0.001,0.7125,0.7391,0.6984,0.7063,0.74
K130|ENN3|s33|a0.0001|lr0.001,0.7125,0.7391,0.6984,0.7063,0.74
K110|ENN2|s0|a0.001|lr0.001,0.7125,0.7391,0.7222,0.7063,0.89
K110|ENN2|s0|a0.001|lr0.0005,0.7125,0.7391,0.7143,0.7063,0.86
K110|ENN2|s0|a0.001|lr0.0003,0.7125,0.7391,0.7222,0.7063,0.84
K110|ENN2|s0|a0.0001|lr0.001,0.7125,0.7391,0.7222,0.7063,0.885
K110|ENN2|s0|a0.0001|lr0.0005,0.7125,0.7391,0.7143,0.7063,0.86
arch400x300x200x100|s21|a0.01|lr0.0005,0.7125,0.7391,0.6825,0.7063,0.62
arch256x128x64x32|s42|a0.0001|lr0.001,0.7125,0.7391,0.6905,0.7063,0.64
arch256x128x64x32|s42|a0.0001|lr0.0005,0.7125,0.7391,0.7063,0.7063,0.64
arch256x128x64x32|s42|a0.0001|lr0.0003,0.7125,0.7391,0.7063,0.7063,0.625
arch300x200x100x50x25|s21|a0.05|lr0.001,0.7125,0.7391,0.6508,0.7063,0.87
arch300x200x100x50x25|s21|a0.01|lr0.001,0.7125,0.7391,0.6508,0.7063,0.87
arch300x200x100x50x25|s21|a0.001|lr0.001,0.7125,0.7391,0.6508,0.7063,0.87
K130|ENN4|s76|a0.001|lr0.001,0.7125,0.7391,0.6825,0.7063,0.885
K100|ENN4|s42|a0.001|lr0.0003,0.7125,0.7391,0.6429,0.7063,0.72
K115|ENN3|s0|a0.05|lr0.0005,0.7125,0.7391,0.6746,0.7063,0.85
K115|ENN3|s0|a0.05|lr0.0003,0.7125,0.7391,0.6825,0.7063,0.825
K115|ENN3|s0|a0.0001|lr0.0003,0.7125,0.7391,0.6825,0.7063,0.825
K115|ENN3|s0|a0.01|lr0.0005,0.7125,0.7391,0.6667,0.7063,0.855
K115|ENN3|s0|a0.01|lr0.0003,0.7125,0.7391,0.6825,0.7063,0.825
arch400x200x100x50|s42|a0.01|lr0.0003,0.7125,0.7391,0.6587,0.7063,0.9
K115|ENN3|s0|a0.001|lr0.0005,0.7125,0.7391,0.6746,0.7063,0.85
K115|ENN3|s0|a0.001|lr0.0003,0.7125,0.7391,0.6825,0.7063,0.825
arch256x128x64x32|s42|a0.05|lr0.0003,0.7125,0.7391,0.7143,0.7063,0.625
arch256x128x64x32|s42|a0.01|lr0.001,0.7125,0.7391,0.6905,0.7063,0.635
arch256x128x64x32|s42|a0.01|lr0.0005,0.7125,0.7391,0.7063,0.7063,0.64
arch256x128x64x32|s42|a0.01|lr0.0003,0.7125,0.7391,0.7063,0.7063,0.625
arch256x128x64x32|s42|a0.001|lr0.001,0.7125,0.7391,0.6905,0.7063,0.64
K115|ENN3|s0|a0.0001|lr0.0005,0.7125,0.7391,0.6825,0.7063,0.84
K100|ENN4|s76|a0.05|lr0.0005,0.7125,0.7391,0.6667,0.7063,0.935
K95|ENN3|s7|a0.05|lr0.0005,0.7125,0.7391,0.6111,0.7063,0.55
K95|ENN3|s7|a0.05|lr0.0003,0.7125,0.7391,0.619,0.7063,0.535
K95|ENN3|s7|a0.01|lr0.0005,0.7125,0.7391,0.6111,0.7063,0.55
arch400x200x100x50|s42|a0.001|lr0.001,0.7125,0.7391,0.6508,0.7063,0.935
arch400x300x200x100|s13|a0.05|lr0.0003,0.7125,0.7391,0.7063,0.7063,0.865
arch400x300x200x100|s13|a0.01|lr0.001,0.7125,0.7391,0.6825,0.7063,0.925
arch400x300x200x100|s13|a0.01|lr0.0005,0.7125,0.7391,0.6984,0.7063,0.89
arch400x300x200x100|s13|a0.01|lr0.0003,0.7125,0.7391,0.7063,0.7063,0.865
arch400x300x200x100|s13|a0.001|lr0.001,0.7125,0.7391,0.6905,0.7063,0.925
K100|ENN4|s42|a0.05|lr0.0005,0.7125,0.7391,0.6508,0.7063,0.715
K100|ENN4|s42|a0.05|lr0.0003,0.7125,0.7391,0.6508,0.7063,0.71
arch400x200x100x50|s42|a0.05|lr0.001,0.7125,0.7391,0.6508,0.7063,0.935
arch400x200x100x50|s42|a0.05|lr0.0005,0.7125,0.7391,0.6429,0.7063,0.905
arch400x200x100x50|s42|a0.05|lr0.0003,0.7125,0.7391,0.6587,0.7063,0.895
arch256x128x64x32|s42|a0.05|lr0.001,0.7125,0.7391,0.6905,0.7063,0.635
arch256x128x64x32|s42|a0.05|lr0.0005,0.7125,0.7391,0.7143,0.7063,0.635
K113|ENN2|s76|a0.01|lr0.001,0.6957,0.6957,0.746,0.7302,0.74
K95|ENN4|s13|a0.0001|lr0.001,0.6957,0.6957,0.6905,0.7302,0.755
K113|ENN2|s0|a0.001|lr0.001,0.6957,0.6957,0.619,0.7302,0.27
K100|ENN3|s33|a0.01|lr0.0003,0.6957,0.6957,0.6984,0.7302,0.83
K113|ENN2|s0|a0.01|lr0.001,0.6957,0.6957,0.619,0.7302,0.245
K113|ENN2|s0|a0.05|lr0.001,0.6957,0.6957,0.619,0.7302,0.265
K113|ENN2|s0|a0.0001|lr0.001,0.6957,0.6957,0.619,0.7302,0.27
K100|ENN3|s33|a0.0001|lr0.0005,0.6957,0.6957,0.7063,0.7302,0.835
K105|ENN3|s99|a0.001|lr0.0003,0.6957,0.6957,0.7619,0.7302,0.565
K105|ENN3|s99|a0.01|lr0.0003,0.6957,0.6957,0.7619,0.7302,0.565
K105|ENN3|s99|a0.05|lr0.0003,0.6957,0.6957,0.7619,0.7302,0.565
K105|ENN3|s99|a0.0001|lr0.0003,0.6957,0.6957,0.7619,0.7302,0.565
K105|ENN2|s99|a0.001|lr0.0003,0.6957,0.6957,0.754,0.7302,0.59
K113|ENN5|s76|a0.01|lr0.001,0.6957,0.6957,0.6905,0.7302,0.62
K113|ENN5|s76|a0.05|lr0.0003,0.6957,0.6957,0.6825,0.7302,0.59
K100|ENN3|s33|a0.0001|lr0.0003,0.6957,0.6957,0.6984,0.7302,0.83
K90|ENN2|s7|a0.001|lr0.001,0.6957,0.6957,0.619,0.7302,0.8
K90|ENN2|s7|a0.01|lr0.001,0.6957,0.6957,0.619,0.7302,0.785
K90|ENN2|s7|a0.05|lr0.001,0.6957,0.6957,0.627,0.7302,0.75
K113|ENN5|s76|a0.0001|lr0.0005,0.6957,0.6957,0.6825,0.7302,0.6
K95|ENN2|s33|a0.01|lr0.0003,0.6957,0.6957,0.754,0.7302,0.66
K95|ENN2|s33|a0.05|lr0.0003,0.6957,0.6957,0.754,0.7302,0.66
K113|ENN5|s76|a0.0001|lr0.001,0.6957,0.6957,0.6905,0.7302,0.62
K113|ENN5|s76|a0.001|lr0.0003,0.6957,0.6957,0.6746,0.7302,0.585
K113|ENN5|s76|a0.001|lr0.0005,0.6957,0.6957,0.6825,0.7302,0.6
K113|ENN5|s76|a0.001|lr0.001,0.6957,0.6957,0.6905,0.7302,0.62
K113|ENN5|s76|a0.01|lr0.0003,0.6957,0.6957,0.6746,0.7302,0.59
K113|ENN5|s76|a0.01|lr0.0005,0.6957,0.6957,0.6825,0.7302,0.6
K105|ENN2|s99|a0.0001|lr0.0003,0.6957,0.6957,0.754,0.7302,0.59
K105|ENN2|s99|a0.0001|lr0.0005,0.6957,0.6957,0.754,0.7302,0.595
K105|ENN2|s99|a0.001|lr0.0005,0.6957,0.6957,0.754,0.7302,0.595
K105|ENN2|s99|a0.01|lr0.0003,0.6957,0.6957,0.754,0.7302,0.59
K105|ENN2|s99|a0.01|lr0.0005,0.6957,0.6957,0.754,0.7302,0.595
K105|ENN2|s99|a0.05|lr0.0003,0.6957,0.6957,0.754,0.7302,0.59
K105|ENN2|s99|a0.05|lr0.0005,0.6957,0.6957,0.754,0.7302,0.59
K113|ENN5|s76|a0.0001|lr0.0003,0.6957,0.6957,0.6746,0.7302,0.585
K113|ENN5|s76|a0.05|lr0.0005,0.6957,0.6957,0.6746,0.7302,0.595
K113|ENN5|s76|a0.05|lr0.001,0.6957,0.6957,0.6905,0.7302,0.62
K110|ENN3|s76|a0.01|lr0.001,0.6957,0.6957,0.746,0.7302,0.56
K110|ENN3|s76|a0.05|lr0.0003,0.6957,0.6957,0.7302,0.7302,0.525
K110|ENN3|s76|a0.05|lr0.0005,0.6957,0.6957,0.7302,0.7302,0.555
K115|ENN2|s21|a0.0001|lr0.0005,0.6957,0.6957,0.7381,0.7302,0.605
K95|ENN2|s33|a0.001|lr0.0003,0.6957,0.6957,0.754,0.7302,0.66
K108|ENN2|s76|a0.05|lr0.0005,0.6957,0.6957,0.7619,0.7302,0.675
K95|ENN4|s13|a0.001|lr0.001,0.6957,0.6957,0.7143,0.7302,0.745
K95|ENN4|s13|a0.01|lr0.001,0.6957,0.6957,0.6984,0.7302,0.75
K95|ENN4|s13|a0.05|lr0.001,0.6957,0.6957,0.7063,0.7302,0.74
K108|ENN2|s76|a0.001|lr0.001,0.6957,0.6957,0.754,0.7302,0.69
K108|ENN2|s76|a0.01|lr0.0005,0.6957,0.6957,0.7698,0.7302,0.675
K108|ENN2|s76|a0.0001|lr0.0005,0.6957,0.6957,0.7698,0.7302,0.685
K110|ENN3|s76|a0.0001|lr0.0003,0.6957,0.6957,0.7302,0.7302,0.525
K110|ENN3|s76|a0.0001|lr0.001,0.6957,0.6957,0.746,0.7302,0.56
K110|ENN3|s76|a0.001|lr0.0003,0.6957,0.6957,0.7302,0.7302,0.525
K110|ENN3|s76|a0.001|lr0.001,0.6957,0.6957,0.746,0.7302,0.56
K110|ENN3|s76|a0.01|lr0.0003,0.6957,0.6957,0.7302,0.7302,0.525
K95|ENN2|s33|a0.0001|lr0.0003,0.6957,0.6957,0.754,0.7302,0.66
K108|ENN2|s76|a0.001|lr0.0005,0.6957,0.6957,0.7698,0.7302,0.68
K100|ENN3|s33|a0.05|lr0.0005,0.6957,0.6957,0.6984,0.7302,0.83
K100|ENN3|s33|a0.05|lr0.0003,0.6957,0.6957,0.6984,0.7302,0.83
K100|ENN3|s33|a0.001|lr0.0005,0.6957,0.6957,0.7063,0.7302,0.835
K100|ENN3|s33|a0.001|lr0.0003,0.6957,0.6957,0.6984,0.7302,0.83
K100|ENN3|s33|a0.01|lr0.0005,0.6957,0.6957,0.7143,0.7302,0.835
K111|ENN4|s42|a0.05|lr0.0003,0.6933,0.6957,0.746,0.7103,0.7
K111|ENN4|s42|a0.01|lr0.0005,0.6933,0.6957,0.7302,0.7103,0.705
K105|ENN5|s13|a0.01|lr0.0003,0.6933,0.6957,0.6667,0.7103,0.61
K100|ENN4|s21|a0.001|lr0.001,0.6933,0.6957,0.6508,0.7103,0.595
K109|ENN2|s76|a0.0001|lr0.001,0.6933,0.6957,0.6587,0.7103,0.8
K109|ENN2|s76|a0.001|lr0.0005,0.6933,0.6957,0.6667,0.7103,0.765
K111|ENN4|s42|a0.01|lr0.0003,0.6933,0.6957,0.754,0.7103,0.7
K111|ENN4|s42|a0.05|lr0.0005,0.6933,0.6957,0.7302,0.7103,0.73
SpecMFCC_K120_ENN|s13|a0.05,0.6933,0.6957,0.6825,0.7103,0.485
Fusion3_K150_ENN|s76|a0.05,0.6933,0.6957,0.6667,0.7103,0.49
arch600x300x150x75|s76|a0.05|lr0.0003,0.6933,0.6957,0.7381,0.75,0.555
arch600x300x150x75|s76|a0.01|lr0.0005,0.6933,0.6957,0.7381,0.7103,0.605
K109|ENN2|s13|a0.05|lr0.0003,0.6933,0.6957,0.6587,0.7103,0.71
K109|ENN2|s13|a0.01|lr0.0005,0.6933,0.6957,0.6746,0.7103,0.705
Fusion3_K150_ENN|s76|a0.01,0.6933,0.6957,0.6667,0.7103,0.49
Fusion3_K150_ENN|s76|a0.001,0.6933,0.6957,0.6667,0.7103,0.49
K100|ENN3|s33|a0.05|lr0.001,0.6933,0.6957,0.6825,0.7103,0.875
K130|ENN3|s7|a0.05|lr0.0005,0.6933,0.6957,0.627,0.7103,0.72
K130|ENN3|s7|a0.05|lr0.0003,0.6933,0.6957,0.6429,0.7103,0.695
K130|ENN3|s7|a0.01|lr0.0005,0.6933,0.6957,0.619,0.7103,0.725
K130|ENN3|s7|a0.01|lr0.0003,0.6933,0.6957,0.6429,0.7103,0.7
K130|ENN3|s7|a0.001|lr0.0005,0.6933,0.6957,0.619,0.7103,0.725
K130|ENN3|s7|a0.001|lr0.0003,0.6933,0.6957,0.6349,0.7103,0.7
SpecMFCC_K120_ENN|s13|a0.001,0.6933,0.6957,0.6905,0.7103,0.49
SpecMFCC_K120_ENN|s13|a0.01,0.6933,0.6957,0.6905,0.7103,0.49
K108|ENN3|s42|a0.01|lr0.0005,0.6933,0.6957,0.6429,0.7103,0.885
K108|ENN3|s42|a0.001|lr0.0005,0.6933,0.6957,0.6508,0.7103,0.885
K110|ENN3|s99|a0.01|lr0.0003,0.6933,0.6957,0.6984,0.7103,0.495
K110|ENN3|s99|a0.001|lr0.0005,0.6933,0.6957,0.6905,0.7103,0.51
K111|ENN4|s33|a0.01|lr0.0003,0.6933,0.6957,0.6667,0.7103,0.575
K111|ENN4|s33|a0.001|lr0.0003,0.6933,0.6957,0.6667,0.7103,0.575
K111|ENN4|s33|a0.0001|lr0.0003,0.6933,0.6957,0.6667,0.7103,0.575
K130|ENN3|s76|a0.05|lr0.0005,0.6933,0.6957,0.6349,0.7103,0.68
K130|ENN3|s76|a0.01|lr0.001,0.6933,0.6957,0.627,0.7103,0.67
K130|ENN3|s76|a0.01|lr0.0005,0.6933,0.6957,0.627,0.7103,0.67
K130|ENN3|s76|a0.001|lr0.001,0.6933,0.6957,0.627,0.7103,0.675
K130|ENN3|s76|a0.001|lr0.0005,0.6933,0.6957,0.627,0.7103,0.675
K130|ENN3|s76|a0.0001|lr0.001,0.6933,0.6957,0.627,0.7103,0.67
K130|ENN3|s76|a0.0001|lr0.0005,0.6933,0.6957,0.627,0.7103,0.675
K111|ENN5|s33|a0.001|lr0.0005,0.6933,0.6957,0.619,0.7103,0.545
K111|ENN5|s33|a0.0001|lr0.0005,0.6933,0.6957,0.619,0.7103,0.545
K100|ENN5|s7|a0.01|lr0.001,0.6933,0.6957,0.6111,0.7103,0.595
K100|ENN5|s7|a0.001|lr0.001,0.6933,0.6957,0.6111,0.7103,0.595
K100|ENN5|s7|a0.0001|lr0.001,0.6933,0.6957,0.6111,0.7103,0.595
K109|ENN4|s99|a0.01|lr0.0003,0.6933,0.6957,0.6349,0.7103,0.66
K109|ENN4|s99|a0.001|lr0.0005,0.6933,0.6957,0.6429,0.7103,0.66
K109|ENN4|s99|a0.001|lr0.0003,0.6933,0.6957,0.6349,0.7103,0.66
K109|ENN4|s99|a0.0001|lr0.0005,0.6933,0.6957,0.6349,0.7103,0.66
K115|ENN5|s76|a0.05|lr0.0003,0.6933,0.6957,0.6667,0.7103,0.53
K115|ENN5|s76|a0.01|lr0.0003,0.6933,0.6957,0.6667,0.7103,0.53
K115|ENN5|s76|a0.001|lr0.0003,0.6933,0.6957,0.6667,0.7103,0.53
K109|ENN4|s99|a0.0001|lr0.0003,0.6933,0.6957,0.6349,0.7103,0.66
K110|ENN3|s99|a0.001|lr0.0003,0.6933,0.6957,0.6984,0.7103,0.495
K110|ENN3|s99|a0.0001|lr0.0005,0.6933,0.6957,0.6905,0.7103,0.51
K110|ENN3|s99|a0.0001|lr0.0003,0.6933,0.6957,0.6984,0.7103,0.495
K110|ENN3|s99|a0.05|lr0.0005,0.6933,0.6957,0.6905,0.7103,0.505
K110|ENN3|s99|a0.05|lr0.0003,0.6933,0.6957,0.6984,0.7103,0.495
K109|ENN4|s99|a0.05|lr0.0005,0.6933,0.6957,0.6429,0.7103,0.66
K109|ENN4|s99|a0.05|lr0.0003,0.6933,0.6957,0.6349,0.7103,0.66
K109|ENN4|s99|a0.01|lr0.0005,0.6933,0.6957,0.6429,0.7103,0.66
K110|ENN3|s99|a0.01|lr0.0005,0.6933,0.6957,0.6905,0.7103,0.505
K107|ENN5|s76|a0.05|lr0.0005,0.6933,0.6957,0.6984,0.7103,0.51
K115|ENN3|s42|a0.0001|lr0.001,0.6933,0.6957,0.7063,0.7103,0.675
K110|ENN2|s21|a0.0001|lr0.001,0.6933,0.6957,0.7619,0.7103,0.545
K100|ENN5|s7|a0.05|lr0.001,0.6933,0.6957,0.6111,0.7103,0.595
K111|ENN3|s0|a0.05|lr0.0005,0.6933,0.6957,0.6984,0.7103,0.91
K111|ENN3|s0|a0.01|lr0.0005,0.6933,0.6957,0.6984,0.7103,0.915
K111|ENN3|s0|a0.001|lr0.0005,0.6933,0.6957,0.6984,0.7103,0.92
K111|ENN3|s0|a0.0001|lr0.0005,0.6933,0.6957,0.6984,0.7103,0.92
K111|ENN3|s7|a0.001|lr0.0005,0.6933,0.6957,0.6984,0.7103,0.915
K130|ENN3|s76|a0.05|lr0.001,0.6933,0.6957,0.627,0.7103,0.68
K115|ENN5|s76|a0.0001|lr0.0003,0.6933,0.6957,0.6667,0.7103,0.53
K100|ENN4|s21|a0.001|lr0.0005,0.6933,0.6957,0.6508,0.7103,0.6
K100|ENN4|s21|a0.0001|lr0.001,0.6933,0.6957,0.6508,0.7103,0.595
K100|ENN4|s21|a0.0001|lr0.0005,0.6933,0.6957,0.6508,0.7103,0.6
K109|ENN5|s99|a0.05|lr0.0005,0.6933,0.6957,0.6429,0.7103,0.655
K109|ENN5|s99|a0.05|lr0.0003,0.6933,0.6957,0.6429,0.7103,0.655
K109|ENN5|s99|a0.01|lr0.0005,0.6933,0.6957,0.6429,0.7103,0.655
K109|ENN5|s99|a0.01|lr0.0003,0.6933,0.6957,0.6349,0.7103,0.655
K109|ENN5|s99|a0.001|lr0.0005,0.6933,0.6957,0.6429,0.7103,0.655
K109|ENN5|s99|a0.001|lr0.0003,0.6933,0.6957,0.6429,0.7103,0.655
K109|ENN5|s99|a0.0001|lr0.0005,0.6933,0.6957,0.6429,0.7103,0.655
K110|ENN2|s21|a0.05|lr0.001,0.6933,0.6957,0.7619,0.7103,0.545
K110|ENN2|s21|a0.01|lr0.001,0.6933,0.6957,0.7619,0.7103,0.545
K110|ENN2|s21|a0.001|lr0.001,0.6933,0.6957,0.7619,0.7103,0.545
K95|ENN2|s33|a0.01|lr0.001,0.6933,0.6957,0.6984,0.7103,0.945
K111|ENN2|s7|a0.0001|lr0.001,0.6933,0.6957,0.6825,0.7103,0.8
K112|ENN3|s7|a0.05|lr0.001,0.6933,0.6957,0.627,0.7103,0.775
K112|ENN3|s7|a0.05|lr0.0005,0.6933,0.6957,0.6111,0.7103,0.785
K112|ENN3|s7|a0.05|lr0.0003,0.6933,0.6957,0.627,0.7103,0.765
K112|ENN3|s7|a0.01|lr0.001,0.6933,0.6957,0.627,0.7103,0.78
K112|ENN3|s7|a0.01|lr0.0005,0.6933,0.6957,0.6111,0.7103,0.785
K105|ENN3|s42|a0.05|lr0.0003,0.6933,0.6957,0.6984,0.7103,0.74
K105|ENN3|s13|a0.01|lr0.001,0.6933,0.6957,0.6746,0.7103,0.63
K105|ENN3|s13|a0.0001|lr0.001,0.6933,0.6957,0.6746,0.7103,0.63
K105|ENN3|s13|a0.05|lr0.001,0.6933,0.6957,0.6746,0.7103,0.63
K113|ENN4|s99|a0.001|lr0.001,0.6933,0.6957,0.7302,0.75,0.77
K113|ENN4|s99|a0.0001|lr0.001,0.6933,0.6957,0.7302,0.75,0.77
K113|ENN4|s99|a0.01|lr0.001,0.6933,0.6957,0.7302,0.75,0.77
K105|ENN3|s13|a0.001|lr0.001,0.6933,0.6957,0.6746,0.7103,0.63
K112|ENN3|s7|a0.01|lr0.0003,0.6933,0.6957,0.619,0.7103,0.765
K112|ENN3|s7|a0.001|lr0.001,0.6933,0.6957,0.627,0.7103,0.78
K112|ENN3|s7|a0.001|lr0.0005,0.6933,0.6957,0.6111,0.7103,0.785
K112|ENN3|s7|a0.001|lr0.0003,0.6933,0.6957,0.619,0.7103,0.765
K112|ENN3|s7|a0.0001|lr0.001,0.6933,0.6957,0.627,0.7103,0.78
K112|ENN3|s7|a0.0001|lr0.0005,0.6933,0.6957,0.6111,0.7103,0.785
K112|ENN3|s7|a0.0001|lr0.0003,0.6933,0.6957,0.619,0.7103,0.765
K111|ENN2|s7|a0.01|lr0.001,0.6933,0.6957,0.6825,0.7103,0.8
K111|ENN2|s7|a0.001|lr0.001,0.6933,0.6957,0.6825,0.7103,0.8
K110|ENN5|s76|a0.01|lr0.0003,0.6933,0.6957,0.6587,0.7103,0.47
K110|ENN5|s76|a0.001|lr0.0005,0.6933,0.6957,0.6667,0.7103,0.47
K110|ENN5|s76|a0.001|lr0.0003,0.6933,0.6957,0.6587,0.7103,0.47
K110|ENN5|s76|a0.0001|lr0.0005,0.6933,0.6957,0.6667,0.7103,0.47
K110|ENN5|s76|a0.0001|lr0.0003,0.6933,0.6957,0.6587,0.7103,0.47
K113|ENN4|s76|a0.0001|lr0.0005,0.6933,0.6957,0.7222,0.7103,0.58
K125|ENN2|s0|a0.05|lr0.0003,0.6933,0.6957,0.6429,0.7103,0.61
K107|ENN4|s42|a0.01|lr0.001,0.6933,0.6957,0.619,0.7103,0.565
K107|ENN4|s42|a0.001|lr0.001,0.6933,0.6957,0.619,0.7103,0.565
K107|ENN4|s42|a0.0001|lr0.001,0.6933,0.6957,0.619,0.7103,0.565
K107|ENN4|s42|a0.05|lr0.001,0.6933,0.6957,0.6032,0.7103,0.565
K113|ENN4|s76|a0.05|lr0.0005,0.6933,0.6957,0.7222,0.7103,0.58
K113|ENN4|s76|a0.01|lr0.0005,0.6933,0.6957,0.7222,0.7103,0.58
K113|ENN4|s76|a0.001|lr0.0005,0.6933,0.6957,0.7222,0.7103,0.58
K109|ENN2|s7|a0.0001|lr0.001,0.6933,0.6957,0.6746,0.7103,0.875
K109|ENN2|s21|a0.05|lr0.001,0.6933,0.6957,0.7143,0.7103,0.61
K109|ENN2|s21|a0.01|lr0.001,0.6933,0.6957,0.7143,0.7103,0.61
K109|ENN2|s99|a0.0001|lr0.001,0.6933,0.6957,0.6984,0.7103,0.685
K109|ENN2|s99|a0.0001|lr0.0005,0.6933,0.6957,0.7063,0.7103,0.685
K109|ENN2|s99|a0.0001|lr0.0003,0.6933,0.6957,0.7063,0.7103,0.68
K109|ENN2|s21|a0.001|lr0.001,0.6933,0.6957,0.7143,0.7103,0.61
K109|ENN2|s21|a0.0001|lr0.001,0.6933,0.6957,0.7143,0.7103,0.61
K109|ENN2|s7|a0.001|lr0.001,0.6933,0.6957,0.6746,0.7103,0.88
K110|ENN5|s76|a0.05|lr0.0005,0.6933,0.6957,0.6667,0.7103,0.47
K110|ENN5|s76|a0.05|lr0.0003,0.6933,0.6957,0.6587,0.7103,0.47
K110|ENN5|s76|a0.01|lr0.0005,0.6933,0.6957,0.6667,0.7103,0.47
K100|ENN3|s33|a0.0001|lr0.001,0.6933,0.6957,0.6825,0.7103,0.875
K113|ENN3|s99|a0.05|lr0.001,0.6933,0.6957,0.6746,0.7103,0.915
K107|ENN3|s99|a0.01|lr0.0005,0.6933,0.6957,0.7222,0.7103,0.715
K107|ENN3|s99|a0.01|lr0.0003,0.6933,0.6957,0.7143,0.7103,0.685
K107|ENN3|s99|a0.001|lr0.0005,0.6933,0.6957,0.7222,0.7103,0.715
K107|ENN3|s99|a0.001|lr0.0003,0.6933,0.6957,0.7143,0.7103,0.685
K107|ENN3|s99|a0.0001|lr0.0005,0.6933,0.6957,0.7222,0.7103,0.715
K107|ENN3|s99|a0.0001|lr0.0003,0.6933,0.6957,0.7143,0.7103,0.685
K125|ENN2|s0|a0.01|lr0.0003,0.6933,0.6957,0.6429,0.7103,0.61
K125|ENN2|s0|a0.001|lr0.0003,0.6933,0.6957,0.6429,0.7103,0.61
K125|ENN2|s0|a0.0001|lr0.0003,0.6933,0.6957,0.6429,0.7103,0.61
arch300x200x100x50x25|s42|a0.0001|lr0.001,0.6933,0.6957,0.6825,0.7103,0.84
arch200x150x100x50|s13|a0.0001|lr0.0003,0.6933,0.6957,0.7222,0.7103,0.525
arch300x200x100x50x25|s42|a0.05|lr0.001,0.6933,0.6957,0.6905,0.7103,0.865
arch300x200x100x50x25|s42|a0.01|lr0.001,0.6933,0.6957,0.6905,0.7103,0.855
arch300x200x100x50x25|s42|a0.001|lr0.001,0.6933,0.6957,0.6905,0.7103,0.855
K113|ENN3|s99|a0.01|lr0.001,0.6933,0.6957,0.6905,0.7103,0.93
K113|ENN3|s99|a0.001|lr0.001,0.6933,0.6957,0.6825,0.7103,0.935
K113|ENN3|s99|a0.0001|lr0.001,0.6933,0.6957,0.6825,0.7103,0.935
K105|ENN5|s13|a0.0001|lr0.0003,0.6933,0.6957,0.6667,0.7103,0.61
K109|ENN2|s76|a0.05|lr0.0005,0.6933,0.6957,0.6667,0.7103,0.755
K109|ENN2|s76|a0.01|lr0.001,0.6933,0.6957,0.6587,0.7103,0.8
K109|ENN2|s76|a0.01|lr0.0005,0.6933,0.6957,0.6667,0.7103,0.765
K109|ENN2|s99|a0.05|lr0.001,0.6933,0.6957,0.6984,0.7103,0.685
K109|ENN2|s99|a0.05|lr0.0005,0.6933,0.6957,0.7063,0.7103,0.685
K109|ENN2|s99|a0.01|lr0.001,0.6933,0.6957,0.6984,0.7103,0.685
K109|ENN2|s99|a0.01|lr0.0005,0.6933,0.6957,0.7063,0.7103,0.685
K109|ENN2|s99|a0.01|lr0.0003,0.6933,0.6957,0.7063,0.7103,0.68
K109|ENN2|s99|a0.001|lr0.001,0.6933,0.6957,0.6984,0.7103,0.685
K109|ENN2|s99|a0.001|lr0.0005,0.6933,0.6957,0.7063,0.7103,0.685
arch200x150x100x50|s76|a0.05|lr0.001,0.6933,0.6957,0.7143,0.7103,0.51
arch200x150x100x50|s76|a0.01|lr0.001,0.6933,0.6957,0.7143,0.7103,0.51
arch200x150x100x50|s76|a0.001|lr0.001,0.6933,0.6957,0.7143,0.7103,0.51
K107|ENN2|s76|a0.0001|lr0.0003,0.6933,0.6957,0.6984,0.7103,0.81
arch200x150x100x50|s76|a0.0001|lr0.001,0.6933,0.6957,0.7143,0.7103,0.51
K113|ENN2|s0|a0.0001|lr0.0005,0.6933,0.6957,0.7143,0.7103,0.515
K90|ENN4|s21|a0.05|lr0.0005,0.6933,0.6957,0.6984,0.7103,0.555
K90|ENN4|s21|a0.01|lr0.0005,0.6933,0.6957,0.6984,0.7103,0.555
arch200x150x100x50|s13|a0.05|lr0.0003,0.6933,0.6957,0.7222,0.7103,0.525
arch200x150x100x50|s13|a0.01|lr0.0003,0.6933,0.6957,0.7222,0.7103,0.525
arch200x150x100x50|s13|a0.001|lr0.0003,0.6933,0.6957,0.7222,0.7103,0.525
K130|ENN5|s0|a0.0001|lr0.0005,0.6933,0.6957,0.6984,0.7103,0.555
K107|ENN2|s76|a0.01|lr0.0003,0.6933,0.6957,0.6825,0.7103,0.81
K107|ENN2|s76|a0.001|lr0.0003,0.6933,0.6957,0.6984,0.7103,0.81
K113|ENN2|s0|a0.05|lr0.0005,0.6933,0.6957,0.7143,0.7103,0.515
K113|ENN2|s0|a0.05|lr0.0003,0.6933,0.6957,0.6984,0.7103,0.51
K113|ENN2|s0|a0.01|lr0.0005,0.6933,0.6957,0.7143,0.7103,0.515
arch600x300x150x75|s76|a0.001|lr0.0005,0.6933,0.6957,0.7381,0.7103,0.605
arch600x300x150x75|s76|a0.0001|lr0.0005,0.6933,0.6957,0.7381,0.7103,0.605
K108|ENN5|s21|a0.05|lr0.0005,0.6933,0.6957,0.6587,0.7103,0.48
K108|ENN5|s21|a0.01|lr0.0005,0.6933,0.6957,0.6587,0.7103,0.48
K109|ENN2|s13|a0.0001|lr0.0005,0.6933,0.6957,0.6746,0.7103,0.705
K109|ENN2|s13|a0.0001|lr0.0003,0.6933,0.6957,0.6587,0.7103,0.715
K113|ENN3|s76|a0.01|lr0.0005,0.6933,0.6957,0.7063,0.7103,0.75
K113|ENN3|s76|a0.001|lr0.001,0.6933,0.6957,0.6905,0.7103,0.77
K113|ENN3|s76|a0.001|lr0.0005,0.6933,0.6957,0.7063,0.7103,0.755
K113|ENN3|s76|a0.0001|lr0.001,0.6933,0.6957,0.6905,0.7103,0.765
K113|ENN3|s76|a0.0001|lr0.0005,0.6933,0.6957,0.7063,0.7103,0.76
K109|ENN2|s76|a0.001|lr0.001,0.6933,0.6957,0.6587,0.7103,0.8
K130|ENN3|s7|a0.0001|lr0.0005,0.6933,0.6957,0.619,0.7103,0.725
K130|ENN3|s7|a0.0001|lr0.0003,0.6933,0.6957,0.6349,0.7103,0.7
K108|ENN3|s42|a0.05|lr0.0005,0.6933,0.6957,0.6508,0.7103,0.88
K113|ENN2|s0|a0.01|lr0.0003,0.6933,0.6957,0.6984,0.7103,0.51
K113|ENN2|s0|a0.001|lr0.0005,0.6933,0.6957,0.7143,0.7103,0.515
K107|ENN2|s76|a0.05|lr0.0003,0.6933,0.6957,0.6984,0.7103,0.81
K113|ENN2|s0|a0.0001|lr0.0003,0.6933,0.6957,0.6984,0.7103,0.51
K109|ENN2|s99|a0.001|lr0.0003,0.6933,0.6957,0.7063,0.7103,0.68
K90|ENN4|s21|a0.001|lr0.0005,0.6933,0.6957,0.6984,0.7103,0.555
K90|ENN4|s21|a0.0001|lr0.0005,0.6933,0.6957,0.6984,0.7103,0.555
K113|ENN3|s76|a0.05|lr0.001,0.6933,0.6957,0.6905,0.7103,0.77
K113|ENN3|s76|a0.05|lr0.0005,0.6933,0.6957,0.7063,0.7103,0.765
K109|ENN2|s13|a0.01|lr0.0003,0.6933,0.6957,0.6587,0.7103,0.715
K109|ENN2|s13|a0.001|lr0.0005,0.6933,0.6957,0.6746,0.7103,0.705
K109|ENN2|s13|a0.001|lr0.0003,0.6933,0.6957,0.6587,0.7103,0.715
K109|ENN2|s76|a0.05|lr0.001,0.6933,0.6957,0.6825,0.7103,0.78
K105|ENN5|s13|a0.001|lr0.0003,0.6933,0.6957,0.6667,0.7103,0.61
K113|ENN3|s76|a0.01|lr0.001,0.6933,0.6957,0.6905,0.7103,0.765
K113|ENN2|s0|a0.001|lr0.0003,0.6933,0.6957,0.6984,0.7103,0.51
K130|ENN5|s0|a0.05|lr0.001,0.6933,0.6957,0.7143,0.7103,0.56
K130|ENN5|s0|a0.05|lr0.0005,0.6933,0.6957,0.6984,0.7103,0.555
K130|ENN5|s0|a0.01|lr0.001,0.6933,0.6957,0.7143,0.7103,0.56
K130|ENN5|s0|a0.01|lr0.0005,0.6933,0.6957,0.6984,0.7103,0.56
K130|ENN5|s0|a0.001|lr0.001,0.6933,0.6957,0.7143,0.7103,0.56
K130|ENN5|s0|a0.001|lr0.0005,0.6933,0.6957,0.6984,0.7103,0.555
K108|ENN5|s21|a0.001|lr0.0005,0.6933,0.6957,0.6587,0.7103,0.48
K108|ENN5|s21|a0.0001|lr0.0005,0.6933,0.6957,0.6587,0.7103,0.48
K130|ENN5|s0|a0.0001|lr0.001,0.6933,0.6957,0.7143,0.7103,0.56
K105|ENN5|s13|a0.05|lr0.0003,0.6933,0.6957,0.6667,0.7103,0.61
K100|ENN3|s33|a0.001|lr0.001,0.6933,0.6957,0.6746,0.7103,0.875
K109|ENN2|s76|a0.0001|lr0.0005,0.6933,0.6957,0.6667,0.7103,0.765
K109|ENN2|s13|a0.05|lr0.0005,0.6933,0.6957,0.6746,0.7103,0.705
K108|ENN3|s42|a0.0001|lr0.0005,0.6933,0.6957,0.6429,0.7103,0.885
K111|ENN4|s42|a0.001|lr0.0005,0.6933,0.6957,0.7302,0.7103,0.71
K111|ENN4|s42|a0.001|lr0.0003,0.6933,0.6957,0.746,0.7103,0.7
K111|ENN4|s42|a0.0001|lr0.0005,0.6933,0.6957,0.7302,0.7103,0.71
K111|ENN4|s42|a0.0001|lr0.0003,0.6933,0.6957,0.754,0.7103,0.7
K109|ENN5|s99|a0.0001|lr0.0003,0.6933,0.6957,0.6429,0.7103,0.655
K100|ENN4|s21|a0.05|lr0.001,0.6933,0.6957,0.6508,0.7103,0.59
K100|ENN4|s21|a0.05|lr0.0005,0.6933,0.6957,0.6508,0.7103,0.595
K115|ENN3|s42|a0.01|lr0.001,0.6933,0.6957,0.7063,0.7103,0.675
K115|ENN3|s42|a0.001|lr0.001,0.6933,0.6957,0.7063,0.7103,0.675
K100|ENN4|s21|a0.01|lr0.001,0.6933,0.6957,0.6508,0.7103,0.59
K100|ENN4|s21|a0.01|lr0.0005,0.6933,0.6957,0.6508,0.7103,0.6
K100|ENN3|s33|a0.01|lr0.001,0.6933,0.6957,0.6825,0.7103,0.875
K115|ENN3|s33|a0.0001|lr0.0003,0.692,0.7391,0.5794,0.6865,0.535
K90|ENN2|s42|a0.01|lr0.0005,0.692,0.7391,0.6984,0.6865,0.555
K90|ENN2|s42|a0.05|lr0.0005,0.692,0.7391,0.6984,0.6865,0.555
K90|ENN2|s42|a0.0001|lr0.0005,0.692,0.7391,0.6905,0.6865,0.555
arch256x128x64x32|s13|a0.0001|lr0.0003,0.692,0.7391,0.6111,0.6865,0.71
arch256x128x64x32|s13|a0.0001|lr0.0005,0.692,0.7391,0.6905,0.6865,0.92
K111|ENN4|s76|a0.0001|lr0.0003,0.692,0.7391,0.6667,0.6865,0.565
K111|ENN4|s76|a0.0001|lr0.0005,0.692,0.7391,0.6587,0.6865,0.57
K111|ENN4|s76|a0.0001|lr0.001,0.692,0.7391,0.6587,0.6865,0.655
K111|ENN4|s76|a0.001|lr0.0003,0.692,0.7391,0.6667,0.6865,0.57
K90|ENN2|s42|a0.001|lr0.0005,0.692,0.7391,0.6984,0.6865,0.555
K90|ENN2|s42|a0.01|lr0.0003,0.692,0.7391,0.7063,0.6865,0.55
K111|ENN4|s76|a0.01|lr0.001,0.692,0.7391,0.6587,0.6865,0.655
K111|ENN4|s76|a0.01|lr0.0003,0.692,0.7391,0.6667,0.6865,0.565
K111|ENN4|s76|a0.001|lr0.001,0.692,0.7391,0.6587,0.6865,0.655
K111|ENN4|s76|a0.001|lr0.0005,0.692,0.7391,0.6587,0.6865,0.57
K110|ENN2|s42|a0.0001|lr0.001,0.692,0.7391,0.746,0.6865,0.67
K110|ENN2|s42|a0.0001|lr0.0005,0.692,0.7391,0.6508,0.6865,0.645
K110|ENN2|s42|a0.0001|lr0.0003,0.692,0.7391,0.6111,0.6865,0.64
K109|ENN5|s7|a0.05|lr0.001,0.692,0.7391,0.5873,0.6865,0.585
K109|ENN5|s7|a0.01|lr0.001,0.692,0.7391,0.5952,0.6865,0.585
K109|ENN5|s7|a0.001|lr0.001,0.692,0.7391,0.5952,0.6865,0.585
K109|ENN5|s7|a0.0001|lr0.001,0.692,0.7391,0.5952,0.6865,0.585
arch300x150x75x50x25|s21|a0.05|lr0.001,0.692,0.7391,0.6825,0.6865,0.775
K111|ENN4|s7|a0.0001|lr0.0005,0.692,0.7391,0.627,0.6865,0.635
K111|ENN4|s99|a0.05|lr0.001,0.692,0.7391,0.6349,0.6865,0.625
K111|ENN4|s99|a0.01|lr0.001,0.692,0.7391,0.6349,0.6865,0.625
K111|ENN4|s99|a0.001|lr0.001,0.692,0.7391,0.6349,0.6865,0.625
arch200x150x100x50|s99|a0.05|lr0.0005,0.692,0.7391,0.6349,0.6865,0.815
arch200x150x100x50|s99|a0.01|lr0.001,0.692,0.7391,0.6746,0.6865,0.865
arch300x150x75x25|s42|a0.0001|lr0.0003,0.692,0.7391,0.6429,0.6865,0.78
K105|ENN5|s76|a0.01|lr0.0003,0.692,0.7391,0.5794,0.6865,0.53
K105|ENN5|s76|a0.001|lr0.0003,0.692,0.7391,0.5873,0.6865,0.53
K130|ENN5|s7|a0.05|lr0.0003,0.692,0.7391,0.6032,0.6865,0.905
K105|ENN5|s0|a0.01|lr0.0005,0.692,0.7391,0.5873,0.6865,0.555
K120|ENN3|s76|a0.05|lr0.0005,0.692,0.7391,0.5873,0.6865,0.84
K120|ENN3|s76|a0.01|lr0.0005,0.692,0.7391,0.5952,0.6865,0.83
K120|ENN3|s76|a0.001|lr0.0005,0.692,0.7391,0.5952,0.6865,0.83
K120|ENN3|s76|a0.0001|lr0.0005,0.692,0.7391,0.5952,0.6865,0.825
Vote3,0.692,0.7391,0.6349,0.6865,0.805
K90|ENN5|s7|a0.0001|lr0.0003,0.692,0.7391,0.5714,0.6865,0.53
K105|ENN5|s13|a0.01|lr0.001,0.692,0.7391,0.6825,0.6865,0.665
K105|ENN5|s13|a0.001|lr0.001,0.692,0.7391,0.6825,0.6865,0.665
arch600x300x150x75|s76|a0.05|lr0.0005,0.692,0.7391,0.7381,0.6865,0.645
K120|ENN5|s21|a0.05|lr0.001,0.692,0.7391,0.6032,0.6865,0.645
K120|ENN5|s21|a0.01|lr0.001,0.692,0.7391,0.6032,0.6865,0.645
K120|ENN5|s21|a0.001|lr0.001,0.692,0.7391,0.6111,0.6865,0.645
K125|ENN2|s42|a0.05|lr0.0005,0.692,0.7391,0.6905,0.6865,0.685
K125|ENN2|s42|a0.05|lr0.0003,0.692,0.7391,0.6825,0.6865,0.68
K125|ENN2|s42|a0.01|lr0.0005,0.692,0.7391,0.6905,0.6865,0.685
K125|ENN2|s42|a0.01|lr0.0003,0.692,0.7391,0.6905,0.6865,0.68
K125|ENN2|s42|a0.001|lr0.0005,0.692,0.7391,0.6905,0.6865,0.685
K125|ENN2|s42|a0.001|lr0.0003,0.692,0.7391,0.6905,0.6865,0.68
K125|ENN2|s42|a0.0001|lr0.0005,0.692,0.7391,0.6905,0.6865,0.685
K125|ENN2|s42|a0.0001|lr0.0003,0.692,0.7391,0.6905,0.6865,0.68
K105|ENN5|s13|a0.0001|lr0.001,0.692,0.7391,0.6825,0.6865,0.665
K109|ENN2|s99|a0.05|lr0.0003,0.692,0.7391,0.7063,0.6865,0.73
arch200x150x100x50|s99|a0.001|lr0.001,0.692,0.7391,0.6667,0.6865,0.865
arch200x150x100x50|s99|a0.0001|lr0.001,0.692,0.7391,0.6746,0.6865,0.87
arch200x150x100x50|s99|a0.05|lr0.001,0.692,0.7391,0.6429,0.6865,0.865
K109|ENN2|s33|a0.01|lr0.0005,0.692,0.7391,0.5952,0.6865,0.54
K109|ENN2|s33|a0.001|lr0.0005,0.692,0.7391,0.5952,0.6865,0.54
K109|ENN2|s33|a0.0001|lr0.0005,0.692,0.7391,0.5952,0.6865,0.54
K113|ENN3|s33|a0.01|lr0.0005,0.692,0.7391,0.5873,0.6865,0.56
K113|ENN3|s33|a0.001|lr0.0005,0.692,0.7391,0.5873,0.6865,0.56
K113|ENN4|s13|a0.05|lr0.0003,0.692,0.7391,0.6746,0.6865,0.595
K113|ENN4|s13|a0.01|lr0.0003,0.692,0.7391,0.6746,0.6865,0.595
K90|ENN5|s7|a0.001|lr0.0003,0.692,0.7391,0.5714,0.6865,0.53
K113|ENN3|s33|a0.05|lr0.0005,0.692,0.7391,0.5873,0.6865,0.56
K107|ENN3|s99|a0.05|lr0.0005,0.692,0.7391,0.6984,0.6865,0.855
K107|ENN3|s99|a0.05|lr0.0003,0.692,0.7391,0.6984,0.6865,0.83
K125|ENN2|s33|a0.05|lr0.0003,0.692,0.7391,0.5873,0.6865,0.755
K125|ENN2|s33|a0.01|lr0.0003,0.692,0.7391,0.5873,0.6865,0.755
K125|ENN2|s33|a0.001|lr0.0003,0.692,0.7391,0.5873,0.6865,0.755
K125|ENN2|s33|a0.0001|lr0.0003,0.692,0.7391,0.5873,0.6865,0.755
K120|ENN5|s21|a0.0001|lr0.001,0.692,0.7391,0.6111,0.6865,0.645
K125|ENN2|s7|a0.05|lr0.0005,0.692,0.7391,0.6508,0.6865,0.565
K125|ENN2|s7|a0.01|lr0.0005,0.692,0.7391,0.6429,0.6865,0.565
K125|ENN2|s7|a0.001|lr0.0005,0.692,0.7391,0.6429,0.6865,0.565
K125|ENN2|s7|a0.0001|lr0.0005,0.692,0.7391,0.6429,0.6865,0.565
K111|ENN2|s7|a0.05|lr0.001,0.692,0.7391,0.6825,0.6865,0.89
K112|ENN4|s42|a0.001|lr0.0005,0.692,0.7391,0.5317,0.6865,0.505
K112|ENN4|s42|a0.0001|lr0.001,0.692,0.7391,0.5238,0.6865,0.505
K112|ENN4|s42|a0.0001|lr0.0005,0.692,0.7391,0.5317,0.6865,0.505
K112|ENN4|s42|a0.05|lr0.001,0.692,0.7391,0.5238,0.6865,0.505
K112|ENN4|s42|a0.05|lr0.0005,0.692,0.7391,0.5317,0.6865,0.505
K107|ENN4|s13|a0.0001|lr0.001,0.692,0.7391,0.5952,0.6865,0.595
K113|ENN4|s13|a0.001|lr0.0003,0.692,0.7391,0.6746,0.6865,0.595
K113|ENN4|s13|a0.0001|lr0.0003,0.692,0.7391,0.6746,0.6865,0.595
K105|ENN3|s33|a0.05|lr0.0005,0.692,0.7391,0.6746,0.6865,0.71
K105|ENN3|s33|a0.05|lr0.0003,0.692,0.7391,0.6746,0.6865,0.69
K109|ENN2|s7|a0.001|lr0.0005,0.692,0.7391,0.6508,0.6865,0.575
K112|ENN3|s99|a0.05|lr0.001,0.692,0.7391,0.619,0.6865,0.9
K112|ENN3|s99|a0.05|lr0.0005,0.692,0.7391,0.627,0.6865,0.85
K112|ENN3|s99|a0.05|lr0.0003,0.692,0.7391,0.6429,0.6865,0.825
K112|ENN4|s42|a0.01|lr0.001,0.692,0.7391,0.5238,0.6865,0.505
K112|ENN4|s42|a0.01|lr0.0005,0.692,0.7391,0.5317,0.6865,0.505
K112|ENN4|s42|a0.001|lr0.001,0.692,0.7391,0.5238,0.6865,0.505
K110|ENN5|s42|a0.01|lr0.0003,0.692,0.7391,0.6111,0.6865,0.635
K109|ENN2|s33|a0.05|lr0.0005,0.692,0.7391,0.5952,0.6865,0.54
K105|ENN3|s33|a0.01|lr0.0005,0.692,0.7391,0.6746,0.6865,0.71
K105|ENN3|s33|a0.01|lr0.0003,0.692,0.7391,0.6746,0.6865,0.69
K105|ENN3|s33|a0.001|lr0.0005,0.692,0.7391,0.6746,0.6865,0.71
K105|ENN3|s33|a0.001|lr0.0003,0.692,0.7391,0.6746,0.6865,0.69
K105|ENN3|s33|a0.0001|lr0.0005,0.692,0.7391,0.6746,0.6865,0.71
K105|ENN3|s33|a0.0001|lr0.0003,0.692,0.7391,0.6746,0.6865,0.69
arch500x250x100x50|s13|a0.05|lr0.0005,0.692,0.7391,0.6032,0.6865,0.61
arch500x250x100x50|s13|a0.01|lr0.0005,0.692,0.7391,0.6032,0.6865,0.61
K110|ENN5|s42|a0.0001|lr0.0005,0.692,0.7391,0.619,0.6865,0.65
K110|ENN5|s42|a0.0001|lr0.0003,0.692,0.7391,0.6111,0.6865,0.635
K110|ENN4|s33|a0.05|lr0.0003,0.692,0.7391,0.627,0.6865,0.565
K110|ENN4|s33|a0.01|lr0.0003,0.692,0.7391,0.619,0.6865,0.565
K110|ENN4|s33|a0.001|lr0.0003,0.692,0.7391,0.619,0.6865,0.565
arch500x250x100x50|s13|a0.001|lr0.0005,0.692,0.7391,0.6032,0.6865,0.61
K105|ENN3|s76|a0.05|lr0.0003,0.692,0.7391,0.6032,0.6865,0.61
K105|ENN3|s76|a0.01|lr0.0005,0.692,0.7391,0.6429,0.6865,0.675
K105|ENN3|s76|a0.01|lr0.0003,0.692,0.7391,0.5952,0.6865,0.605
K105|ENN3|s76|a0.001|lr0.0005,0.692,0.7391,0.6111,0.6865,0.635
K109|ENN3|s76|a0.001|lr0.0003,0.692,0.7391,0.6667,0.6865,0.575
K109|ENN3|s76|a0.0001|lr0.0003,0.692,0.7391,0.6667,0.6865,0.575
K110|ENN5|s42|a0.05|lr0.0005,0.692,0.7391,0.619,0.6865,0.65
K110|ENN5|s42|a0.05|lr0.0003,0.692,0.7391,0.6111,0.6865,0.635
K110|ENN5|s42|a0.01|lr0.0005,0.692,0.7391,0.619,0.6865,0.65
K107|ENN4|s13|a0.001|lr0.001,0.692,0.7391,0.5952,0.6865,0.595
Vote4,0.692,0.7391,0.6746,0.6865,0.82
K95|ENN5|s21|a0.05|lr0.0003,0.692,0.7391,0.7381,0.6865,0.59
K95|ENN5|s21|a0.01|lr0.0003,0.692,0.7391,0.7381,0.6865,0.59
K109|ENN3|s99|a0.01|lr0.0003,0.692,0.7391,0.6905,0.6865,0.745
K109|ENN3|s99|a0.001|lr0.0005,0.692,0.7391,0.6905,0.6865,0.745
K109|ENN3|s99|a0.001|lr0.0003,0.692,0.7391,0.6905,0.6865,0.745
K109|ENN3|s99|a0.0001|lr0.0005,0.692,0.7391,0.6905,0.6865,0.745
K109|ENN3|s99|a0.0001|lr0.0003,0.692,0.7391,0.6905,0.6865,0.745
K105|ENN3|s76|a0.05|lr0.0005,0.692,0.7391,0.6429,0.6865,0.675
K105|ENN3|s76|a0.001|lr0.0003,0.692,0.7391,0.5952,0.6865,0.61
K105|ENN3|s76|a0.0001|lr0.0005,0.692,0.7391,0.6111,0.6865,0.635
K105|ENN3|s76|a0.0001|lr0.0003,0.692,0.7391,0.6032,0.6865,0.605
K109|ENN3|s76|a0.05|lr0.0003,0.692,0.7391,0.6587,0.6865,0.575
arch300x150x75x25|s42|a0.0001|lr0.0005,0.692,0.7391,0.6429,0.6865,0.81
K110|ENN5|s42|a0.001|lr0.0005,0.692,0.7391,0.619,0.6865,0.65
K110|ENN5|s42|a0.001|lr0.0003,0.692,0.7391,0.6111,0.6865,0.635
K95|ENN5|s21|a0.0001|lr0.0003,0.692,0.7391,0.7381,0.6865,0.59
arch300x150x75x25|s42|a0.001|lr0.0005,0.692,0.7391,0.6349,0.6865,0.81
arch300x150x75x25|s42|a0.001|lr0.0003,0.692,0.7391,0.6429,0.6865,0.78
arch300x150x75x25|s42|a0.0001|lr0.001,0.692,0.7391,0.6508,0.6865,0.855
K109|ENN3|s7|a0.05|lr0.001,0.692,0.7391,0.627,0.6865,0.585
K109|ENN3|s7|a0.01|lr0.001,0.692,0.7391,0.627,0.6865,0.585
K109|ENN3|s7|a0.001|lr0.001,0.692,0.7391,0.619,0.6865,0.585
K109|ENN3|s7|a0.0001|lr0.001,0.692,0.7391,0.619,0.6865,0.585
arch500x250x100x50|s13|a0.0001|lr0.0005,0.692,0.7391,0.6032,0.6865,0.61
K109|ENN3|s76|a0.01|lr0.0003,0.692,0.7391,0.6587,0.6865,0.575
K109|ENN3|s99|a0.05|lr0.0005,0.692,0.7391,0.6905,0.6865,0.745
K109|ENN3|s99|a0.05|lr0.0003,0.692,0.7391,0.6905,0.6865,0.745
K109|ENN3|s99|a0.01|lr0.0005,0.692,0.7391,0.6905,0.6865,0.745
K120|ENN2|s21|a0.001|lr0.001,0.692,0.7391,0.5635,0.6865,0.66
Vote6,0.692,0.7391,0.6746,0.6865,0.795
Vote5,0.692,0.7391,0.6984,0.6865,0.855
K105|ENN2|s21|a0.05|lr0.0005,0.692,0.7391,0.6508,0.6865,0.55
arch400x300x200x100|s76|a0.05|lr0.0005,0.692,0.7391,0.6587,0.6865,0.945
K112|ENN3|s99|a0.01|lr0.001,0.692,0.7391,0.619,0.6865,0.9
K112|ENN3|s99|a0.01|lr0.0005,0.692,0.7391,0.6349,0.6865,0.855
K112|ENN3|s99|a0.01|lr0.0003,0.692,0.7391,0.6429,0.6865,0.825
K112|ENN3|s99|a0.001|lr0.001,0.692,0.7391,0.619,0.6865,0.9
K112|ENN3|s99|a0.001|lr0.0005,0.692,0.7391,0.6349,0.6865,0.855
K112|ENN3|s99|a0.001|lr0.0003,0.692,0.7391,0.6429,0.6865,0.825
K112|ENN3|s99|a0.0001|lr0.001,0.692,0.7391,0.619,0.6865,0.9
K112|ENN3|s99|a0.0001|lr0.0005,0.692,0.7391,0.6349,0.6865,0.855
K112|ENN3|s99|a0.0001|lr0.0003,0.692,0.7391,0.6429,0.6865,0.825
K105|ENN2|s21|a0.05|lr0.0003,0.692,0.7391,0.6349,0.6865,0.55
K105|ENN2|s21|a0.01|lr0.0005,0.692,0.7391,0.6508,0.6865,0.55
K105|ENN2|s21|a0.01|lr0.0003,0.692,0.7391,0.6349,0.6865,0.55
K105|ENN2|s21|a0.001|lr0.0005,0.692,0.7391,0.6508,0.6865,0.55
K95|ENN5|s21|a0.001|lr0.0003,0.692,0.7391,0.7381,0.6865,0.59
arch300x200x100x50x25|s7|a0.05|lr0.0003,0.692,0.7391,0.6508,0.6865,0.915
arch300x200x100x50x25|s7|a0.01|lr0.0005,0.692,0.7391,0.6349,0.6865,0.93
arch300x200x100x50x25|s7|a0.01|lr0.0003,0.692,0.7391,0.6349,0.6865,0.93
arch300x200x100x50x25|s7|a0.001|lr0.0005,0.692,0.7391,0.6349,0.6865,0.93
arch300x200x100x50x25|s7|a0.001|lr0.0003,0.692,0.7391,0.6429,0.6865,0.93
K113|ENN5|s13|a0.001|lr0.001,0.692,0.7391,0.6349,0.6865,0.63
K113|ENN5|s13|a0.0001|lr0.001,0.692,0.7391,0.627,0.6865,0.63
K105|ENN2|s21|a0.001|lr0.0003,0.692,0.7391,0.6349,0.6865,0.55
K110|ENN4|s33|a0.0001|lr0.0003,0.692,0.7391,0.619,0.6865,0.565
arch300x150x75x25|s42|a0.05|lr0.001,0.692,0.7391,0.6429,0.6865,0.84
arch300x150x75x25|s42|a0.05|lr0.0005,0.692,0.7391,0.6349,0.6865,0.805
arch300x150x75x25|s42|a0.05|lr0.0003,0.692,0.7391,0.6349,0.6865,0.78
arch300x150x75x25|s42|a0.01|lr0.001,0.692,0.7391,0.6508,0.6865,0.835
arch300x150x75x25|s42|a0.01|lr0.0005,0.692,0.7391,0.6349,0.6865,0.805
arch300x150x75x25|s42|a0.01|lr0.0003,0.692,0.7391,0.6429,0.6865,0.78
arch300x150x75x25|s42|a0.001|lr0.001,0.692,0.7391,0.6429,0.6865,0.84
K110|ENN4|s42|a0.0001|lr0.0005,0.692,0.7391,0.619,0.6865,0.65
K110|ENN4|s42|a0.0001|lr0.0003,0.692,0.7391,0.6111,0.6865,0.635
K105|ENN2|s13|a0.05|lr0.001,0.692,0.7391,0.6746,0.6865,0.775
K105|ENN2|s13|a0.05|lr0.0005,0.692,0.7391,0.6667,0.6865,0.74
K105|ENN2|s13|a0.05|lr0.0003,0.692,0.7391,0.6746,0.6865,0.725
K105|ENN2|s13|a0.01|lr0.001,0.692,0.7391,0.6667,0.6865,0.78
K105|ENN2|s21|a0.0001|lr0.0005,0.692,0.7391,0.6508,0.6865,0.55
K105|ENN2|s21|a0.0001|lr0.0003,0.692,0.7391,0.6349,0.6865,0.55
K107|ENN5|s13|a0.001|lr0.0005,0.692,0.7391,0.6111,0.6865,0.555
K107|ENN5|s13|a0.001|lr0.0003,0.692,0.7391,0.6032,0.6865,0.545
K107|ENN5|s13|a0.0001|lr0.0005,0.692,0.7391,0.6111,0.6865,0.555
K107|ENN5|s13|a0.0001|lr0.0003,0.692,0.7391,0.6032,0.6865,0.545
K95|ENN3|s42|a0.0001|lr0.0003,0.692,0.7391,0.6905,0.6865,0.61
K112|ENN3|s13|a0.0001|lr0.0005,0.692,0.7391,0.7222,0.6865,0.54
arch300x200x100x50x25|s13|a0.05|lr0.001,0.692,0.7391,0.6905,0.6865,0.61
arch300x200x100x50x25|s7|a0.05|lr0.0005,0.692,0.7391,0.6349,0.6865,0.93
K105|ENN2|s13|a0.0001|lr0.001,0.692,0.7391,0.6746,0.6865,0.78
K113|ENN5|s7|a0.001|lr0.0003,0.692,0.7391,0.5476,0.6865,0.515
K113|ENN5|s7|a0.0001|lr0.0003,0.692,0.7391,0.5476,0.6865,0.515
arch300x150x75x25|s99|a0.05|lr0.0005,0.692,0.7391,0.6825,0.6865,0.73
arch300x150x75x25|s99|a0.05|lr0.0003,0.692,0.7391,0.6667,0.6865,0.75
arch300x150x75x25|s99|a0.01|lr0.0005,0.692,0.7391,0.6905,0.6865,0.73
arch300x150x75x25|s99|a0.01|lr0.0003,0.692,0.7391,0.6746,0.6865,0.75
arch400x200x100x50|s7|a0.05|lr0.001,0.692,0.7391,0.6825,0.6865,0.77
arch300x150x75x25|s99|a0.001|lr0.0003,0.692,0.7391,0.6746,0.6865,0.75
arch300x150x75x25|s99|a0.0001|lr0.0003,0.692,0.7391,0.6746,0.6865,0.75
K110|ENN4|s42|a0.05|lr0.0005,0.692,0.7391,0.619,0.6865,0.65
K110|ENN4|s42|a0.05|lr0.0003,0.692,0.7391,0.619,0.6865,0.635
K110|ENN4|s42|a0.01|lr0.0005,0.692,0.7391,0.619,0.6865,0.65
K110|ENN4|s42|a0.01|lr0.0003,0.692,0.7391,0.6111,0.6865,0.635
K110|ENN4|s42|a0.001|lr0.0005,0.692,0.7391,0.619,0.6865,0.65
K110|ENN4|s42|a0.001|lr0.0003,0.692,0.7391,0.6111,0.6865,0.635
K100|ENN2|s13|a0.001|lr0.0003,0.692,0.7391,0.7063,0.6865,0.55
K100|ENN2|s13|a0.0001|lr0.0003,0.692,0.7391,0.7063,0.6865,0.55
K112|ENN3|s13|a0.05|lr0.0005,0.692,0.7391,0.7222,0.6865,0.54
K130|ENN4|s0|a0.05|lr0.0003,0.692,0.7391,0.6587,0.6865,0.61
K130|ENN4|s0|a0.01|lr0.0003,0.692,0.7391,0.6508,0.6865,0.61
K130|ENN4|s0|a0.001|lr0.0003,0.692,0.7391,0.6508,0.6865,0.61
K130|ENN4|s0|a0.0001|lr0.0003,0.692,0.7391,0.6508,0.6865,0.61
K125|ENN3|s99|a0.0001|lr0.001,0.692,0.7391,0.627,0.6865,0.805
K125|ENN3|s99|a0.0001|lr0.0005,0.692,0.7391,0.5873,0.6865,0.8
K100|ENN2|s13|a0.01|lr0.0003,0.692,0.7391,0.7063,0.6865,0.55
K107|ENN5|s13|a0.05|lr0.0003,0.692,0.7391,0.6032,0.6865,0.545
K95|ENN3|s42|a0.05|lr0.0003,0.692,0.7391,0.6905,0.6865,0.61
K105|ENN2|s13|a0.01|lr0.0003,0.692,0.7391,0.6746,0.6865,0.74
K105|ENN2|s13|a0.001|lr0.001,0.692,0.7391,0.6746,0.6865,0.78
K105|ENN2|s13|a0.001|lr0.0005,0.692,0.7391,0.6667,0.6865,0.74
K105|ENN2|s13|a0.001|lr0.0003,0.692,0.7391,0.6746,0.6865,0.74
K125|ENN3|s99|a0.001|lr0.0005,0.692,0.7391,0.5952,0.6865,0.795
K112|ENN2|s0|a0.05|lr0.001,0.692,0.7391,0.6587,0.6865,0.66
K112|ENN2|s0|a0.01|lr0.001,0.692,0.7391,0.6587,0.6865,0.66
K112|ENN2|s0|a0.001|lr0.001,0.692,0.7391,0.6587,0.6865,0.66
K112|ENN2|s0|a0.0001|lr0.001,0.692,0.7391,0.6587,0.6865,0.66
K108|ENN2|s76|a0.01|lr0.001,0.692,0.7391,0.7619,0.6865,0.905
K95|ENN2|s42|a0.01|lr0.0003,0.692,0.7391,0.6905,0.6865,0.93
K95|ENN2|s42|a0.001|lr0.0003,0.692,0.7391,0.6905,0.6865,0.93
K95|ENN2|s42|a0.0001|lr0.0003,0.692,0.7391,0.6905,0.6865,0.93
K109|ENN4|s7|a0.0001|lr0.0005,0.692,0.7391,0.5714,0.6865,0.565
K95|ENN2|s42|a0.05|lr0.0005,0.692,0.7391,0.6667,0.6865,0.945
K95|ENN2|s42|a0.05|lr0.0003,0.692,0.7391,0.6825,0.6865,0.93
K105|ENN2|s13|a0.01|lr0.0005,0.692,0.7391,0.6667,0.6865,0.74
arch300x200x100x50x25|s7|a0.0001|lr0.0005,0.692,0.7391,0.6349,0.6865,0.93
arch300x200x100x50x25|s7|a0.0001|lr0.0003,0.692,0.7391,0.6429,0.6865,0.93
K107|ENN5|s13|a0.01|lr0.0003,0.692,0.7391,0.6032,0.6865,0.545
K109|ENN4|s7|a0.001|lr0.001,0.692,0.7391,0.6111,0.6865,0.58
K109|ENN4|s7|a0.001|lr0.0005,0.692,0.7391,0.5714,0.6865,0.565
K109|ENN4|s7|a0.0001|lr0.001,0.692,0.7391,0.6111,0.6865,0.58
K109|ENN4|s21|a0.05|lr0.001,0.692,0.7391,0.5952,0.6865,0.645
K109|ENN4|s21|a0.001|lr0.001,0.692,0.7391,0.5952,0.6865,0.645
K109|ENN4|s21|a0.0001|lr0.001,0.692,0.7391,0.5952,0.6865,0.645
K109|ENN4|s7|a0.05|lr0.001,0.692,0.7391,0.6111,0.6865,0.58
arch256x128x64x32|s0|a0.001|lr0.0005,0.692,0.7391,0.6905,0.6865,0.6
arch256x128x64x32|s0|a0.001|lr0.0003,0.692,0.7391,0.6984,0.6865,0.59
arch256x128x64x32|s0|a0.0001|lr0.0005,0.692,0.7391,0.6905,0.6865,0.6
arch256x128x64x32|s0|a0.0001|lr0.0003,0.692,0.7391,0.6984,0.6865,0.59
K95|ENN3|s42|a0.01|lr0.0003,0.692,0.7391,0.6905,0.6865,0.61
K95|ENN3|s42|a0.001|lr0.0003,0.692,0.7391,0.6905,0.6865,0.61
K125|ENN3|s99|a0.01|lr0.001,0.692,0.7391,0.619,0.6865,0.805
K125|ENN3|s99|a0.01|lr0.0005,0.692,0.7391,0.5794,0.6865,0.795
K125|ENN3|s99|a0.001|lr0.001,0.692,0.7391,0.6349,0.6865,0.805
K108|ENN4|s42|a0.05|lr0.001,0.692,0.7391,0.6349,0.6865,0.83
K108|ENN4|s42|a0.01|lr0.001,0.692,0.7391,0.6349,0.6865,0.83
K108|ENN4|s42|a0.001|lr0.001,0.692,0.7391,0.6429,0.6865,0.83
K108|ENN4|s42|a0.0001|lr0.001,0.692,0.7391,0.6429,0.6865,0.83
K111|ENN3|s99|a0.0001|lr0.0005,0.692,0.7391,0.5238,0.6865,0.595
K100|ENN2|s13|a0.05|lr0.0003,0.692,0.7391,0.7063,0.6865,0.55
arch300x200x100x50x25|s21|a0.001|lr0.0003,0.692,0.7391,0.6746,0.6865,0.625
arch300x200x100x50x25|s21|a0.0001|lr0.0003,0.692,0.7391,0.6746,0.6865,0.625
K100|ENN2|s76|a0.001|lr0.0005,0.692,0.7391,0.6905,0.6865,0.69
K100|ENN2|s76|a0.0001|lr0.0005,0.692,0.7391,0.6905,0.6865,0.69
K105|ENN2|s13|a0.0001|lr0.0005,0.692,0.7391,0.6667,0.6865,0.74
K105|ENN2|s13|a0.0001|lr0.0003,0.692,0.7391,0.6746,0.6865,0.74
K113|ENN5|s33|a0.05|lr0.0005,0.692,0.7391,0.5714,0.6865,0.535
K109|ENN4|s7|a0.05|lr0.0005,0.692,0.7391,0.5714,0.6865,0.565
K109|ENN4|s7|a0.01|lr0.001,0.692,0.7391,0.6111,0.6865,0.58
K109|ENN4|s7|a0.01|lr0.0005,0.692,0.7391,0.5714,0.6865,0.565
K110|ENN2|s99|a0.05|lr0.0005,0.692,0.7391,0.7143,0.6865,0.71
K110|ENN3|s42|a0.01|lr0.0003,0.692,0.7391,0.627,0.6865,0.64
K110|ENN3|s42|a0.001|lr0.001,0.692,0.7391,0.6746,0.6865,0.67
K110|ENN3|s42|a0.001|lr0.0005,0.692,0.7391,0.6508,0.6865,0.65
K110|ENN3|s42|a0.001|lr0.0003,0.692,0.7391,0.627,0.6865,0.64
K110|ENN3|s42|a0.0001|lr0.001,0.692,0.7391,0.6746,0.6865,0.67
K110|ENN3|s42|a0.0001|lr0.0005,0.692,0.7391,0.6508,0.6865,0.65
K110|ENN3|s42|a0.0001|lr0.0003,0.692,0.7391,0.627,0.6865,0.64
K110|ENN2|s33|a0.01|lr0.0003,0.692,0.7391,0.6905,0.6865,0.63
K109|ENN4|s21|a0.01|lr0.001,0.692,0.7391,0.5952,0.6865,0.645
K110|ENN3|s42|a0.05|lr0.0005,0.692,0.7391,0.6508,0.6865,0.65
K110|ENN3|s42|a0.05|lr0.0003,0.692,0.7391,0.627,0.6865,0.64
K110|ENN3|s42|a0.01|lr0.0005,0.692,0.7391,0.6508,0.6865,0.65
MFCC_K100_ENN|s0|a0.05,0.692,0.7391,0.5397,0.6865,0.575
MFCC_K100_ENN|s0|a0.01,0.692,0.7391,0.5397,0.6865,0.575
MFCC_K100_ENN|s0|a0.001,0.692,0.7391,0.5397,0.6865,0.575
arch256x128x64x32|s0|a0.05|lr0.0003,0.692,0.7391,0.7063,0.6865,0.59
arch256x128x64x32|s0|a0.01|lr0.0005,0.692,0.7391,0.6825,0.6865,0.6
arch256x128x64x32|s0|a0.01|lr0.0003,0.692,0.7391,0.6984,0.6865,0.59
arch300x200x100x50x25|s21|a0.05|lr0.0003,0.692,0.7391,0.6667,0.6865,0.625
arch300x200x100x50x25|s21|a0.01|lr0.0003,0.692,0.7391,0.6746,0.6865,0.625
K111|ENN3|s99|a0.01|lr0.0005,0.692,0.7391,0.5238,0.6865,0.595
K111|ENN3|s99|a0.001|lr0.0005,0.692,0.7391,0.5238,0.6865,0.595
K115|ENN2|s7|a0.001|lr0.001,0.692,0.7391,0.5556,0.6865,0.545
K115|ENN2|s7|a0.0001|lr0.001,0.692,0.7391,0.5556,0.6865,0.545
K95|ENN4|s21|a0.0001|lr0.001,0.692,0.7391,0.6587,0.6865,0.61
K95|ENN4|s21|a0.0001|lr0.0005,0.692,0.7391,0.6746,0.6865,0.56
arch300x150x75x50x25|s21|a0.01|lr0.001,0.692,0.7391,0.6825,0.6865,0.775
arch300x150x75x50x25|s21|a0.001|lr0.001,0.692,0.7391,0.6825,0.6865,0.775
arch300x150x75x50x25|s21|a0.0001|lr0.001,0.692,0.7391,0.6825,0.6865,0.775
K115|ENN2|s7|a0.05|lr0.001,0.692,0.7391,0.5556,0.6865,0.545
K115|ENN2|s7|a0.01|lr0.001,0.692,0.7391,0.5556,0.6865,0.545
K115|ENN3|s33|a0.01|lr0.0003,0.692,0.7391,0.5794,0.6865,0.535
K115|ENN3|s33|a0.001|lr0.001,0.692,0.7391,0.619,0.6865,0.55
K115|ENN3|s33|a0.001|lr0.0005,0.692,0.7391,0.5794,0.6865,0.54
K115|ENN3|s33|a0.001|lr0.0003,0.692,0.7391,0.5794,0.6865,0.535
arch400x200x100x50|s0|a0.0001|lr0.0003,0.692,0.7391,0.7143,0.6865,0.61
arch400x200x100x50|s0|a0.05|lr0.0005,0.692,0.7391,0.7143,0.6865,0.6
arch400x200x100x50|s0|a0.05|lr0.0003,0.692,0.7391,0.7143,0.6865,0.61
arch400x200x100x50|s0|a0.01|lr0.0005,0.692,0.7391,0.7143,0.6865,0.6
arch400x200x100x50|s0|a0.01|lr0.0003,0.692,0.7391,0.7143,0.6865,0.61
arch400x200x100x50|s0|a0.001|lr0.0005,0.692,0.7391,0.7143,0.6865,0.6
arch400x200x100x50|s0|a0.001|lr0.0003,0.692,0.7391,0.7143,0.6865,0.61
arch400x200x100x50|s0|a0.0001|lr0.0005,0.692,0.7391,0.7143,0.6865,0.6
K111|ENN4|s7|a0.01|lr0.0005,0.692,0.7391,0.627,0.6865,0.635
K111|ENN4|s7|a0.001|lr0.0005,0.692,0.7391,0.627,0.6865,0.635
K108|ENN2|s76|a0.05|lr0.001,0.692,0.7391,0.7381,0.6865,0.9
arch256x128x64x32|s0|a0.05|lr0.0005,0.692,0.7391,0.6905,0.6865,0.595
K111|ENN4|s99|a0.0001|lr0.001,0.692,0.7391,0.6349,0.6865,0.625
K100|ENN2|s76|a0.05|lr0.0005,0.692,0.7391,0.6905,0.6865,0.69
K100|ENN2|s76|a0.01|lr0.0005,0.692,0.7391,0.6905,0.6865,0.69
arch256x128x64x32|s13|a0.01|lr0.0003,0.692,0.7391,0.6111,0.6865,0.71
arch256x128x64x32|s13|a0.001|lr0.0005,0.692,0.7391,0.6825,0.6865,0.92
arch256x128x64x32|s13|a0.001|lr0.0003,0.692,0.7391,0.6111,0.6865,0.71
arch256x128x64x32|s13|a0.05|lr0.0005,0.692,0.7391,0.6905,0.6865,0.925
arch256x128x64x32|s13|a0.05|lr0.0003,0.692,0.7391,0.6111,0.6865,0.71
arch256x128x64x32|s13|a0.01|lr0.0005,0.692,0.7391,0.6905,0.6865,0.92
K95|ENN4|s21|a0.001|lr0.001,0.692,0.7391,0.6587,0.6865,0.61
K95|ENN4|s21|a0.001|lr0.0005,0.692,0.7391,0.6746,0.6865,0.56
K115|ENN3|s33|a0.05|lr0.001,0.692,0.7391,0.619,0.6865,0.55
K115|ENN3|s33|a0.05|lr0.0005,0.692,0.7391,0.5794,0.6865,0.54
K115|ENN3|s33|a0.05|lr0.0003,0.692,0.7391,0.5794,0.6865,0.535
K115|ENN3|s33|a0.01|lr0.001,0.692,0.7391,0.619,0.6865,0.55
K115|ENN3|s33|a0.01|lr0.0005,0.692,0.7391,0.5794,0.6865,0.54
K109|ENN5|s33|a0.0001|lr0.0003,0.692,0.7391,0.5873,0.6865,0.53
K115|ENN3|s33|a0.0001|lr0.0005,0.692,0.7391,0.5794,0.6865,0.54
SpecMFCC_K100_ENN|s42|a0.01,0.692,0.7391,0.5873,0.6865,0.53
SpecMFCC_K100_ENN|s42|a0.001,0.692,0.7391,0.5873,0.6865,0.53
K95|ENN4|s21|a0.05|lr0.001,0.692,0.7391,0.6587,0.6865,0.61
K95|ENN4|s21|a0.05|lr0.0005,0.692,0.7391,0.6825,0.6865,0.56
K95|ENN4|s21|a0.01|lr0.001,0.692,0.7391,0.6587,0.6865,0.61
K95|ENN4|s21|a0.01|lr0.0005,0.692,0.7391,0.6825,0.6865,0.56
K110|ENN2|s42|a0.01|lr0.001,0.692,0.7391,0.746,0.6865,0.67
K110|ENN2|s42|a0.01|lr0.0005,0.692,0.7391,0.6508,0.6865,0.645
K110|ENN2|s42|a0.01|lr0.0003,0.692,0.7391,0.6111,0.6865,0.64
K110|ENN2|s42|a0.001|lr0.001,0.692,0.7391,0.746,0.6865,0.67
K110|ENN2|s42|a0.001|lr0.0005,0.692,0.7391,0.6508,0.6865,0.645
K110|ENN2|s42|a0.001|lr0.0003,0.692,0.7391,0.6111,0.6865,0.64
K111|ENN4|s76|a0.05|lr0.001,0.692,0.7391,0.6667,0.6865,0.655
K111|ENN4|s76|a0.05|lr0.0003,0.692,0.7391,0.6667,0.6865,0.565
arch600x300x150x75|s76|a0.01|lr0.0003,0.692,0.7391,0.7381,0.6865,0.615
arch600x300x150x75|s76|a0.001|lr0.0003,0.692,0.7391,0.7381,0.6865,0.615
arch600x300x150x75|s76|a0.0001|lr0.0003,0.692,0.7391,0.7381,0.6865,0.615
K90|ENN5|s7|a0.05|lr0.0003,0.692,0.7391,0.5714,0.6865,0.53
K90|ENN5|s7|a0.01|lr0.0003,0.692,0.7391,0.5714,0.6865,0.53
K105|ENN5|s76|a0.0001|lr0.0003,0.692,0.7391,0.5873,0.6865,0.53
K105|ENN5|s13|a0.05|lr0.001,0.692,0.7391,0.6825,0.6865,0.665
K115|ENN3|s33|a0.0001|lr0.001,0.692,0.7391,0.619,0.6865,0.55
SpecMFCC_K100_ENN|s42|a0.05,0.692,0.7391,0.5873,0.6865,0.53
WINNER_v64,0.692,0.7391,0.6349,0.6865,0.81
K110|ENN2|s42|a0.05|lr0.001,0.692,0.7391,0.746,0.6865,0.67
K110|ENN2|s42|a0.05|lr0.0005,0.692,0.7391,0.6429,0.6865,0.645
K110|ENN2|s42|a0.05|lr0.0003,0.692,0.7391,0.6111,0.6865,0.64
K109|ENN5|s33|a0.05|lr0.0003,0.692,0.7391,0.5873,0.6865,0.53
K109|ENN5|s33|a0.01|lr0.0003,0.692,0.7391,0.5873,0.6865,0.535
K109|ENN5|s33|a0.001|lr0.0003,0.692,0.7391,0.5873,0.6865,0.53
K105|ENN5|s42|a0.01|lr0.0005,0.6862,0.6957,0.6508,0.6905,0.745
Fusion3_K120_ENN|s13|a0.001,0.6862,0.6957,0.6667,0.6905,0.47
K105|ENN5|s42|a0.01|lr0.001,0.6862,0.6957,0.6667,0.6905,0.77
Fusion3_K120_ENN|s13|a0.01,0.6862,0.6957,0.6667,0.6905,0.47
K105|ENN5|s42|a0.01|lr0.0003,0.6862,0.6957,0.6429,0.6905,0.715
K108|ENN3|s21|a0.001|lr0.001,0.6862,0.6957,0.6825,0.6905,0.62
arch400x200x100x50|s76|a0.01|lr0.0003,0.6862,0.6957,0.6508,0.6905,0.56
arch400x200x100x50|s76|a0.01|lr0.0005,0.6862,0.6957,0.6349,0.6905,0.575
arch400x200x100x50|s76|a0.01|lr0.001,0.6862,0.6957,0.6984,0.6905,0.61
arch400x200x100x50|s76|a0.05|lr0.0003,0.6862,0.6957,0.6508,0.6905,0.56
arch400x200x100x50|s76|a0.05|lr0.0005,0.6862,0.6957,0.6349,0.6905,0.575
arch400x200x100x50|s76|a0.05|lr0.001,0.6862,0.6957,0.6984,0.6905,0.605
K110|ENN2|s21|a0.001|lr0.0003,0.6862,0.6957,0.7381,0.6905,0.53
K110|ENN2|s21|a0.001|lr0.0005,0.6862,0.6957,0.754,0.6905,0.545
K110|ENN2|s21|a0.01|lr0.0003,0.6862,0.6957,0.7381,0.6905,0.53
K110|ENN2|s21|a0.01|lr0.0005,0.6862,0.6957,0.754,0.6905,0.545
K108|ENN3|s21|a0.01|lr0.001,0.6862,0.6957,0.6825,0.6905,0.62
K120|ENN3|s99|a0.001|lr0.0005,0.6862,0.6957,0.6508,0.6905,0.5
K107|ENN5|s76|a0.01|lr0.0003,0.6862,0.6957,0.6746,0.6905,0.53
K108|ENN3|s21|a0.0001|lr0.001,0.6862,0.6957,0.6825,0.6905,0.615
K108|ENN3|s13|a0.05|lr0.0003,0.6862,0.6957,0.6587,0.6905,0.64
K108|ENN4|s76|a0.001|lr0.001,0.6862,0.6957,0.6032,0.6905,0.675
K108|ENN4|s76|a0.01|lr0.001,0.6862,0.6957,0.6032,0.6905,0.675
K108|ENN4|s7|a0.0001|lr0.0005,0.6862,0.6957,0.6984,0.6905,0.73
K108|ENN3|s21|a0.05|lr0.001,0.6862,0.6957,0.6905,0.6905,0.615
K113|ENN3|s99|a0.05|lr0.0005,0.6862,0.6957,0.7302,0.6905,0.785
K105|ENN5|s42|a0.0001|lr0.0003,0.6862,0.6957,0.6429,0.6905,0.72
K105|ENN5|s42|a0.0001|lr0.0005,0.6862,0.6957,0.6508,0.6905,0.745
K105|ENN5|s42|a0.001|lr0.0003,0.6862,0.6957,0.6429,0.6905,0.72
arch400x200x100x50|s76|a0.001|lr0.0005,0.6862,0.6957,0.6429,0.6905,0.575
arch400x200x100x50|s76|a0.001|lr0.001,0.6862,0.6957,0.6984,0.6905,0.61
K108|ENN4|s7|a0.001|lr0.0005,0.6862,0.6957,0.6984,0.6905,0.73
K107|ENN2|s99|a0.05|lr0.0005,0.6862,0.6957,0.6905,0.6905,0.795
K120|ENN3|s99|a0.0001|lr0.001,0.6862,0.6957,0.6905,0.6905,0.525
K130|ENN4|s99|a0.05|lr0.0005,0.6862,0.6957,0.6746,0.6905,0.89
K130|ENN4|s99|a0.05|lr0.001,0.6862,0.6957,0.6746,0.6905,0.905
K130|ENN4|s99|a0.0001|lr0.0005,0.6862,0.6957,0.6667,0.6905,0.895
K130|ENN4|s99|a0.0001|lr0.001,0.6862,0.6957,0.6746,0.6905,0.91
K130|ENN4|s99|a0.001|lr0.0005,0.6862,0.6957,0.6667,0.6905,0.895
K115|ENN4|s42|a0.0001|lr0.0003,0.6862,0.6957,0.6508,0.6905,0.615
K110|ENN2|s21|a0.0001|lr0.0003,0.6862,0.6957,0.7381,0.6905,0.53
K110|ENN2|s21|a0.0001|lr0.0005,0.6862,0.6957,0.754,0.6905,0.545
K113|ENN3|s99|a0.001|lr0.0005,0.6862,0.6957,0.7302,0.6905,0.785
K113|ENN3|s99|a0.01|lr0.0005,0.6862,0.6957,0.7302,0.6905,0.785
K130|ENN4|s99|a0.001|lr0.001,0.6862,0.6957,0.6746,0.6905,0.91
K130|ENN4|s99|a0.01|lr0.0005,0.6862,0.6957,0.6667,0.6905,0.89
K130|ENN4|s99|a0.01|lr0.001,0.6862,0.6957,0.6746,0.6905,0.91
K108|ENN4|s76|a0.05|lr0.001,0.6862,0.6957,0.6111,0.6905,0.67
K108|ENN4|s76|a0.0001|lr0.001,0.6862,0.6957,0.6032,0.6905,0.675
K108|ENN3|s13|a0.0001|lr0.0003,0.6862,0.6957,0.6667,0.6905,0.64
K108|ENN3|s13|a0.001|lr0.0003,0.6862,0.6957,0.6667,0.6905,0.64
K108|ENN3|s13|a0.01|lr0.0003,0.6862,0.6957,0.6667,0.6905,0.64
K105|ENN5|s42|a0.001|lr0.0005,0.6862,0.6957,0.6508,0.6905,0.745
K90|ENN2|s0|a0.01|lr0.001,0.6862,0.6957,0.6032,0.6905,0.67
K108|ENN4|s7|a0.01|lr0.0005,0.6862,0.6957,0.6984,0.6905,0.73
K108|ENN4|s7|a0.05|lr0.0005,0.6862,0.6957,0.6984,0.6905,0.73
K105|ENN3|s42|a0.001|lr0.0003,0.6862,0.6957,0.6905,0.6905,0.755
K105|ENN3|s42|a0.001|lr0.0005,0.6862,0.6957,0.6905,0.6905,0.77
K105|ENN3|s42|a0.001|lr0.001,0.6862,0.6957,0.7063,0.6905,0.805
K105|ENN3|s42|a0.01|lr0.0003,0.6862,0.6957,0.6825,0.6905,0.755
K105|ENN3|s42|a0.01|lr0.0005,0.6862,0.6957,0.6905,0.6905,0.77
K105|ENN3|s42|a0.01|lr0.001,0.6862,0.6957,0.6984,0.6905,0.805
K105|ENN3|s42|a0.05|lr0.0005,0.6862,0.6957,0.6905,0.6905,0.77
K105|ENN3|s42|a0.05|lr0.001,0.6862,0.6957,0.7143,0.6905,0.805
K90|ENN2|s0|a0.001|lr0.001,0.6862,0.6957,0.6032,0.6905,0.67
K90|ENN2|s7|a0.05|lr0.0003,0.6862,0.6957,0.6984,0.6905,0.56
K90|ENN2|s7|a0.05|lr0.0005,0.6862,0.6957,0.6905,0.6905,0.57
K105|ENN3|s42|a0.0001|lr0.0003,0.6862,0.6957,0.6905,0.6905,0.755
K105|ENN3|s42|a0.0001|lr0.0005,0.6862,0.6957,0.6984,0.6905,0.765
K105|ENN3|s42|a0.0001|lr0.001,0.6862,0.6957,0.6984,0.6905,0.805
K113|ENN4|s99|a0.05|lr0.001,0.6862,0.6957,0.7302,0.6905,0.8
K90|ENN2|s0|a0.0001|lr0.001,0.6862,0.6957,0.6032,0.6905,0.67
K107|ENN5|s76|a0.05|lr0.0003,0.6862,0.6957,0.6746,0.6905,0.53
K107|ENN5|s76|a0.0001|lr0.0003,0.6862,0.6957,0.6746,0.6905,0.53
K107|ENN5|s76|a0.001|lr0.0003,0.6862,0.6957,0.6746,0.6905,0.53
K107|ENN5|s7|a0.0001|lr0.0003,0.6862,0.6957,0.6587,0.6905,0.705
K115|ENN4|s42|a0.001|lr0.0003,0.6862,0.6957,0.6508,0.6905,0.615
K115|ENN4|s42|a0.01|lr0.0003,0.6862,0.6957,0.6508,0.6905,0.615
K115|ENN4|s42|a0.05|lr0.0003,0.6862,0.6957,0.6429,0.6905,0.62
K110|ENN3|s0|a0.001|lr0.0003,0.6862,0.6957,0.6984,0.6905,0.795
K110|ENN3|s0|a0.05|lr0.0003,0.6862,0.6957,0.6984,0.6905,0.795
K110|ENN3|s99|a0.0001|lr0.001,0.6862,0.6957,0.6905,0.6905,0.555
K110|ENN3|s0|a0.0001|lr0.0003,0.6862,0.6957,0.7063,0.6905,0.795
K105|ENN3|s21|a0.05|lr0.0003,0.6862,0.6957,0.6508,0.6905,0.505
K107|ENN2|s76|a0.01|lr0.0005,0.6862,0.6957,0.6825,0.6905,0.865
K90|ENN2|s0|a0.05|lr0.001,0.6862,0.6957,0.6032,0.6905,0.67
K90|ENN2|s7|a0.0001|lr0.0003,0.6862,0.6957,0.6984,0.6905,0.56
K90|ENN2|s7|a0.0001|lr0.0005,0.6862,0.6957,0.6905,0.6905,0.57
K90|ENN2|s7|a0.0001|lr0.001,0.6862,0.6957,0.6905,0.6905,0.575
K108|ENN5|s21|a0.05|lr0.001,0.6862,0.6957,0.619,0.6905,0.81
K90|ENN3|s7|a0.0001|lr0.001,0.6862,0.6957,0.6508,0.6905,0.56
K125|ENN2|s0|a0.0001|lr0.0005,0.6862,0.6957,0.6349,0.6905,0.625
K113|ENN3|s99|a0.0001|lr0.0005,0.6862,0.6957,0.7302,0.6905,0.785
K111|ENN5|s99|a0.05|lr0.001,0.6862,0.6957,0.5873,0.6905,0.59
K125|ENN2|s0|a0.001|lr0.0005,0.6862,0.6957,0.6349,0.6905,0.625
K125|ENN2|s0|a0.01|lr0.0005,0.6862,0.6957,0.6349,0.6905,0.625
K125|ENN2|s0|a0.05|lr0.0005,0.6862,0.6957,0.6349,0.6905,0.625
K90|ENN2|s7|a0.001|lr0.0003,0.6862,0.6957,0.6984,0.6905,0.56
K108|ENN2|s99|a0.0001|lr0.001,0.6862,0.6957,0.6429,0.6905,0.595
K108|ENN2|s99|a0.001|lr0.001,0.6862,0.6957,0.6429,0.6905,0.595
K110|ENN3|s99|a0.05|lr0.001,0.6862,0.6957,0.6905,0.6905,0.55
K110|ENN3|s0|a0.01|lr0.0003,0.6862,0.6957,0.6984,0.6905,0.795
K110|ENN3|s99|a0.001|lr0.001,0.6862,0.6957,0.6905,0.6905,0.555
arch400x200x100x50|s21|a0.01|lr0.0003,0.6862,0.6957,0.6587,0.6905,0.575
arch400x200x100x50|s21|a0.01|lr0.0005,0.6862,0.6957,0.6667,0.6905,0.57
K110|ENN3|s99|a0.01|lr0.001,0.6862,0.6957,0.6905,0.6905,0.55
K90|ENN2|s7|a0.001|lr0.0005,0.6862,0.6957,0.6825,0.6905,0.57
K90|ENN2|s7|a0.01|lr0.0003,0.6862,0.6957,0.6984,0.6905,0.56
K90|ENN2|s7|a0.01|lr0.0005,0.6862,0.6957,0.6905,0.6905,0.57
K108|ENN5|s21|a0.01|lr0.001,0.6862,0.6957,0.619,0.6905,0.815
K108|ENN5|s21|a0.0001|lr0.001,0.6862,0.6957,0.619,0.6905,0.82
K108|ENN5|s21|a0.001|lr0.001,0.6862,0.6957,0.619,0.6905,0.82
K120|ENN3|s99|a0.05|lr0.0005,0.6862,0.6957,0.6508,0.6905,0.495
K120|ENN3|s99|a0.05|lr0.001,0.6862,0.6957,0.6905,0.6905,0.52
K130|ENN5|s21|a0.0001|lr0.0003,0.6862,0.6957,0.6905,0.6905,0.47
K130|ENN5|s21|a0.001|lr0.0003,0.6862,0.6957,0.6905,0.6905,0.47
K109|ENN2|s0|a0.0001|lr0.001,0.6862,0.6957,0.6349,0.6905,0.885
K109|ENN2|s0|a0.001|lr0.001,0.6862,0.6957,0.6349,0.6905,0.88
K109|ENN2|s0|a0.01|lr0.001,0.6862,0.6957,0.6349,0.6905,0.885
K112|ENN2|s21|a0.0001|lr0.0003,0.6862,0.6957,0.7302,0.6905,0.545
K112|ENN2|s21|a0.001|lr0.0003,0.6862,0.6957,0.7302,0.6905,0.545
K113|ENN2|s99|a0.001|lr0.0005,0.6862,0.6957,0.6984,0.6905,0.79
K107|ENN2|s76|a0.0001|lr0.0005,0.6862,0.6957,0.6905,0.6905,0.865
K107|ENN2|s76|a0.0001|lr0.001,0.6862,0.6957,0.6746,0.6905,0.905
K107|ENN2|s76|a0.001|lr0.0005,0.6862,0.6957,0.6825,0.6905,0.865
arch400x200x100x50|s21|a0.001|lr0.0005,0.6862,0.6957,0.6667,0.6905,0.57
arch300x150x75x25|s0|a0.0001|lr0.0003,0.6862,0.6957,0.7222,0.6905,0.835
arch300x150x75x25|s0|a0.0001|lr0.0005,0.6862,0.6957,0.7063,0.6905,0.86
arch300x150x75x25|s0|a0.0001|lr0.001,0.6862,0.6957,0.7063,0.6905,0.9
arch300x150x75x25|s0|a0.001|lr0.0003,0.6862,0.6957,0.7222,0.6905,0.835
arch300x150x75x25|s0|a0.001|lr0.0005,0.6862,0.6957,0.7063,0.6905,0.86
arch300x150x75x25|s0|a0.001|lr0.001,0.6862,0.6957,0.7063,0.6905,0.9
arch300x150x75x25|s0|a0.01|lr0.0003,0.6862,0.6957,0.7222,0.6905,0.835
arch300x150x75x25|s0|a0.01|lr0.0005,0.6862,0.6957,0.7143,0.6905,0.86
K105|ENN5|s42|a0.05|lr0.0005,0.6862,0.6957,0.6429,0.6905,0.745
K105|ENN5|s42|a0.05|lr0.001,0.6862,0.6957,0.6508,0.6905,0.765
arch400x200x100x50|s21|a0.0001|lr0.0003,0.6862,0.6957,0.6587,0.6905,0.575
arch400x200x100x50|s21|a0.0001|lr0.0005,0.6862,0.6957,0.6667,0.6905,0.57
arch400x200x100x50|s21|a0.001|lr0.0003,0.6862,0.6957,0.6587,0.6905,0.575
K112|ENN4|s13|a0.05|lr0.001,0.6862,0.6957,0.6032,0.6905,0.64
K90|ENN3|s7|a0.001|lr0.001,0.6862,0.6957,0.6587,0.6905,0.56
K107|ENN2|s76|a0.001|lr0.001,0.6862,0.6957,0.6746,0.6905,0.9
K113|ENN2|s99|a0.001|lr0.001,0.6862,0.6957,0.7143,0.6905,0.78
K120|ENN3|s99|a0.001|lr0.001,0.6862,0.6957,0.6905,0.6905,0.525
K107|ENN2|s76|a0.05|lr0.0005,0.6862,0.6957,0.6905,0.6905,0.865
K107|ENN2|s76|a0.05|lr0.001,0.6862,0.6957,0.6667,0.6905,0.895
K120|ENN3|s99|a0.01|lr0.0005,0.6862,0.6957,0.6508,0.6905,0.5
K120|ENN3|s99|a0.01|lr0.001,0.6862,0.6957,0.6905,0.6905,0.52
K109|ENN2|s7|a0.0001|lr0.0005,0.6862,0.6957,0.6508,0.6905,0.565
K109|ENN2|s7|a0.01|lr0.0005,0.6862,0.6957,0.6508,0.6905,0.565
K109|ENN2|s7|a0.05|lr0.0005,0.6862,0.6957,0.6508,0.6905,0.565
K109|ENN2|s0|a0.05|lr0.001,0.6862,0.6957,0.6349,0.6905,0.88
arch500x250x100x50|s76|a0.05|lr0.0003,0.6862,0.6957,0.6667,0.6905,0.525
arch300x150x75x25|s0|a0.01|lr0.001,0.6862,0.6957,0.7063,0.6905,0.895
arch300x150x75x25|s0|a0.05|lr0.0003,0.6862,0.6957,0.7222,0.6905,0.835
arch300x150x75x25|s0|a0.05|lr0.0005,0.6862,0.6957,0.7063,0.6905,0.86
arch300x150x75x25|s0|a0.05|lr0.001,0.6862,0.6957,0.7063,0.6905,0.895
arch400x200x100x50|s21|a0.05|lr0.0005,0.6862,0.6957,0.6667,0.6905,0.57
arch500x250x100x50|s76|a0.05|lr0.0005,0.6862,0.6957,0.6349,0.6905,0.51
K113|ENN2|s99|a0.05|lr0.0005,0.6862,0.6957,0.6984,0.6905,0.79
K113|ENN2|s99|a0.0001|lr0.0005,0.6862,0.6957,0.6905,0.6905,0.79
K113|ENN2|s99|a0.0001|lr0.001,0.6862,0.6957,0.7143,0.6905,0.78
K107|ENN5|s7|a0.0001|lr0.0005,0.6862,0.6957,0.6587,0.6905,0.725
K107|ENN5|s7|a0.001|lr0.0003,0.6862,0.6957,0.6587,0.6905,0.705
K107|ENN5|s7|a0.001|lr0.0005,0.6862,0.6957,0.6587,0.6905,0.725
K107|ENN5|s7|a0.05|lr0.0005,0.6862,0.6957,0.6667,0.6905,0.72
K107|ENN5|s7|a0.05|lr0.001,0.6862,0.6957,0.6825,0.6905,0.755
arch500x250x100x50|s76|a0.0001|lr0.0003,0.6862,0.6957,0.6667,0.6905,0.525
arch500x250x100x50|s76|a0.0001|lr0.0005,0.6862,0.6957,0.627,0.6905,0.51
arch500x250x100x50|s76|a0.001|lr0.0003,0.6862,0.6957,0.6667,0.6905,0.525
arch500x250x100x50|s76|a0.001|lr0.0005,0.6862,0.6957,0.627,0.6905,0.51
K112|ENN4|s13|a0.001|lr0.001,0.6862,0.6957,0.6111,0.6905,0.635
K115|ENN2|s21|a0.0001|lr0.001,0.6862,0.6957,0.7381,0.6905,0.665
K109|ENN4|s42|a0.0001|lr0.0005,0.6862,0.6957,0.6349,0.6905,0.6
K109|ENN4|s42|a0.01|lr0.0005,0.6862,0.6957,0.627,0.6905,0.6
K109|ENN4|s42|a0.05|lr0.0005,0.6862,0.6957,0.627,0.6905,0.6
K109|ENN3|s21|a0.05|lr0.001,0.6862,0.6957,0.6032,0.6905,0.6
arch500x250x100x50|s76|a0.01|lr0.0003,0.6862,0.6957,0.6667,0.6905,0.525
arch500x250x100x50|s76|a0.01|lr0.0005,0.6862,0.6957,0.627,0.6905,0.51
K109|ENN3|s42|a0.0001|lr0.0005,0.6862,0.6957,0.6111,0.6905,0.6
K109|ENN3|s42|a0.001|lr0.0005,0.6862,0.6957,0.6111,0.6905,0.6
K109|ENN3|s42|a0.01|lr0.0005,0.6862,0.6957,0.6111,0.6905,0.6
K109|ENN3|s42|a0.05|lr0.0005,0.6862,0.6957,0.6111,0.6905,0.6
K130|ENN5|s21|a0.01|lr0.0003,0.6862,0.6957,0.6905,0.6905,0.47
K130|ENN5|s21|a0.05|lr0.0003,0.6862,0.6957,0.6905,0.6905,0.47
K130|ENN2|s99|a0.05|lr0.001,0.6862,0.6957,0.6429,0.6905,0.79
K111|ENN5|s99|a0.0001|lr0.001,0.6862,0.6957,0.5873,0.6905,0.59
K111|ENN5|s99|a0.001|lr0.001,0.6862,0.6957,0.5873,0.6905,0.59
K111|ENN5|s99|a0.01|lr0.001,0.6862,0.6957,0.5873,0.6905,0.59
K120|ENN3|s99|a0.0001|lr0.0005,0.6862,0.6957,0.6508,0.6905,0.5
K113|ENN2|s99|a0.01|lr0.0005,0.6862,0.6957,0.6984,0.6905,0.79
K113|ENN2|s99|a0.01|lr0.001,0.6862,0.6957,0.7063,0.6905,0.78
K109|ENN4|s42|a0.001|lr0.0005,0.6862,0.6957,0.6349,0.6905,0.6
K112|ENN2|s21|a0.01|lr0.0003,0.6862,0.6957,0.7302,0.6905,0.545
K107|ENN5|s7|a0.01|lr0.0003,0.6862,0.6957,0.6587,0.6905,0.705
K107|ENN5|s7|a0.01|lr0.0005,0.6862,0.6957,0.6587,0.6905,0.725
K107|ENN5|s7|a0.05|lr0.0003,0.6862,0.6957,0.6508,0.6905,0.705
K112|ENN2|s21|a0.05|lr0.0003,0.6862,0.6957,0.7302,0.6905,0.545
arch400x200x100x50|s21|a0.05|lr0.0003,0.6862,0.6957,0.6508,0.6905,0.57
K105|ENN5|s42|a0.05|lr0.0003,0.6862,0.6957,0.6349,0.6905,0.715
arch400x200x100x50|s76|a0.0001|lr0.0005,0.6862,0.6957,0.6349,0.6905,0.575
arch400x200x100x50|s76|a0.0001|lr0.001,0.6862,0.6957,0.6984,0.6905,0.61
K110|ENN2|s21|a0.05|lr0.0005,0.6862,0.6957,0.7619,0.6905,0.545
arch400x200x100x50|s76|a0.001|lr0.0003,0.6862,0.6957,0.6508,0.6905,0.56
K105|ENN5|s42|a0.001|lr0.001,0.6862,0.6957,0.6667,0.6905,0.77
arch400x200x100x50|s76|a0.0001|lr0.0003,0.6862,0.6957,0.6508,0.6905,0.56
K100|ENN4|s76|a0.05|lr0.001,0.6734,0.6957,0.6587,0.6706,0.94
K100|ENN4|s76|a0.0001|lr0.0005,0.6734,0.6957,0.6587,0.6706,0.93
K109|ENN5|s21|a0.05|lr0.0003,0.6734,0.6957,0.5159,0.6706,0.605
K109|ENN5|s21|a0.05|lr0.0005,0.6734,0.6957,0.5159,0.6706,0.6
K109|ENN5|s21|a0.05|lr0.001,0.6734,0.6957,0.5397,0.6706,0.63
K100|ENN4|s76|a0.01|lr0.0005,0.6734,0.6957,0.6587,0.6706,0.93
K100|ENN4|s76|a0.01|lr0.0003,0.6734,0.6957,0.7222,0.6706,0.665
K100|ENN4|s76|a0.001|lr0.001,0.6734,0.6957,0.6667,0.6706,0.945
K100|ENN4|s76|a0.001|lr0.0005,0.6734,0.6957,0.6587,0.6706,0.93
K100|ENN4|s76|a0.001|lr0.0003,0.6734,0.6957,0.7222,0.6706,0.665
K100|ENN4|s76|a0.0001|lr0.001,0.6734,0.6957,0.6508,0.6706,0.945
K90|ENN4|s42|a0.001|lr0.0005,0.6734,0.6957,0.6111,0.6706,0.515
K90|ENN4|s42|a0.01|lr0.0005,0.6734,0.6957,0.6111,0.6706,0.515
K90|ENN4|s42|a0.05|lr0.0005,0.6734,0.6957,0.619,0.6706,0.515
K108|ENN3|s99|a0.05|lr0.001,0.6734,0.6957,0.6111,0.6706,0.6
K95|ENN2|s7|a0.001|lr0.0003,0.6734,0.6957,0.5952,0.6706,0.565
K95|ENN2|s7|a0.01|lr0.0003,0.6734,0.6957,0.5952,0.6706,0.565
K95|ENN2|s7|a0.05|lr0.0003,0.6734,0.6957,0.5952,0.6706,0.565
K130|ENN3|s33|a0.05|lr0.0005,0.6734,0.6957,0.6587,0.6706,0.7
K108|ENN3|s0|a0.0001|lr0.001,0.6734,0.6957,0.6349,0.6706,0.605
K90|ENN4|s7|a0.0001|lr0.0005,0.6734,0.6957,0.5952,0.6706,0.54
K108|ENN3|s33|a0.05|lr0.0005,0.6734,0.6957,0.5873,0.6706,0.635
K95|ENN2|s21|a0.0001|lr0.0003,0.6734,0.6957,0.7222,0.6706,0.555
K95|ENN2|s21|a0.001|lr0.0003,0.6734,0.6957,0.7222,0.6706,0.555
K95|ENN2|s21|a0.01|lr0.0003,0.6734,0.6957,0.7222,0.6706,0.555
K108|ENN3|s21|a0.0001|lr0.0005,0.6734,0.6957,0.6746,0.6706,0.64
K108|ENN3|s21|a0.05|lr0.0005,0.6734,0.6957,0.6667,0.6706,0.64
K90|ENN5|s33|a0.001|lr0.0005,0.6734,0.6957,0.6746,0.6706,0.56
K107|ENN4|s7|a0.0001|lr0.0005,0.6734,0.6957,0.6032,0.6706,0.87
K107|ENN4|s7|a0.0001|lr0.001,0.6734,0.6957,0.6349,0.6706,0.9
MFCC_K100_ENN|s76|a0.001,0.6734,0.6957,0.5952,0.6706,0.68
MFCC_K100_ENN|s76|a0.01,0.6734,0.6957,0.6032,0.6706,0.68
MFCC_K100_ENN|s76|a0.05,0.6734,0.6957,0.6032,0.6706,0.68
K108|ENN2|s0|a0.001|lr0.001,0.6734,0.6957,0.6429,0.6706,0.605
K108|ENN2|s0|a0.01|lr0.001,0.6734,0.6957,0.6429,0.6706,0.605
K108|ENN2|s0|a0.05|lr0.001,0.6734,0.6957,0.6429,0.6706,0.6
K108|ENN2|s13|a0.001|lr0.001,0.6734,0.6957,0.6349,0.6706,0.93
K105|ENN5|s7|a0.001|lr0.001,0.6734,0.6957,0.5952,0.6706,0.685
K105|ENN5|s7|a0.01|lr0.001,0.6734,0.6957,0.5952,0.6706,0.685
K90|ENN2|s21|a0.05|lr0.0003,0.6734,0.6957,0.6905,0.6706,0.57
K115|ENN4|s99|a0.0001|lr0.0003,0.6734,0.6957,0.7302,0.6706,0.54
arch500x250x100x50|s42|a0.05|lr0.0003,0.6734,0.6957,0.7143,0.6706,0.59
K120|ENN3|s7|a0.001|lr0.0003,0.6734,0.6957,0.6111,0.6706,0.48
K105|ENN4|s76|a0.0001|lr0.0003,0.6734,0.6957,0.6111,0.6706,0.6
K105|ENN4|s76|a0.001|lr0.0003,0.6734,0.6957,0.6111,0.6706,0.6
K105|ENN4|s76|a0.01|lr0.0003,0.6734,0.6957,0.6111,0.6706,0.6
K105|ENN5|s7|a0.05|lr0.001,0.6734,0.6957,0.5952,0.6706,0.685
K120|ENN3|s7|a0.0001|lr0.001,0.6734,0.6957,0.627,0.6706,0.49
K109|ENN3|s76|a0.0001|lr0.001,0.6734,0.6957,0.7143,0.6706,0.57
K109|ENN3|s76|a0.001|lr0.001,0.6734,0.6957,0.7143,0.6706,0.57
K109|ENN3|s76|a0.01|lr0.001,0.6734,0.6957,0.7143,0.6706,0.57
K115|ENN4|s99|a0.001|lr0.0003,0.6734,0.6957,0.7302,0.6706,0.54
K115|ENN4|s99|a0.01|lr0.0003,0.6734,0.6957,0.7302,0.6706,0.54
K115|ENN4|s99|a0.05|lr0.0003,0.6734,0.6957,0.7302,0.6706,0.54
arch400x300x200x100|s99|a0.0001|lr0.0005,0.6734,0.6957,0.6984,0.6706,0.66
arch400x300x200x100|s99|a0.001|lr0.0005,0.6734,0.6957,0.6984,0.6706,0.66
arch300x150x75x25|s13|a0.01|lr0.0003,0.6734,0.6957,0.6508,0.6706,0.57
arch300x150x75x25|s13|a0.05|lr0.0003,0.6734,0.6957,0.6508,0.6706,0.57
K109|ENN3|s76|a0.05|lr0.001,0.6734,0.6957,0.6984,0.6706,0.57
K112|ENN5|s33|a0.0001|lr0.0003,0.6734,0.6957,0.6746,0.6706,0.705
K112|ENN5|s33|a0.001|lr0.0003,0.6734,0.6957,0.6746,0.6706,0.705
K120|ENN3|s7|a0.01|lr0.0003,0.6734,0.6957,0.6111,0.6706,0.48
K120|ENN3|s7|a0.01|lr0.0005,0.6734,0.6957,0.627,0.6706,0.485
K120|ENN3|s7|a0.01|lr0.001,0.6734,0.6957,0.627,0.6706,0.49
K120|ENN3|s7|a0.05|lr0.0003,0.6734,0.6957,0.6032,0.6706,0.48
arch400x300x200x100|s99|a0.01|lr0.0005,0.6734,0.6957,0.6984,0.6706,0.66
arch400x300x200x100|s99|a0.05|lr0.0005,0.6734,0.6957,0.6984,0.6706,0.66
arch300x150x75x25|s13|a0.0001|lr0.0003,0.6734,0.6957,0.6508,0.6706,0.57
arch300x150x75x25|s13|a0.001|lr0.0003,0.6734,0.6957,0.6508,0.6706,0.57
K108|ENN2|s0|a0.0001|lr0.001,0.6734,0.6957,0.6429,0.6706,0.605
K120|ENN3|s7|a0.05|lr0.001,0.6734,0.6957,0.627,0.6706,0.485
K120|ENN3|s76|a0.05|lr0.001,0.6734,0.6957,0.6429,0.6706,0.785
K111|ENN4|s33|a0.0001|lr0.001,0.6734,0.6957,0.6667,0.6706,0.91
K111|ENN4|s33|a0.001|lr0.001,0.6734,0.6957,0.6667,0.6706,0.91
K95|ENN2|s21|a0.05|lr0.0003,0.6734,0.6957,0.7222,0.6706,0.555
K115|ENN2|s33|a0.05|lr0.001,0.6734,0.6957,0.6587,0.6706,0.56
arch400x200x100x50|s21|a0.01|lr0.001,0.6734,0.6957,0.6508,0.6706,0.62
K112|ENN3|s33|a0.01|lr0.0005,0.6734,0.6957,0.6984,0.6706,0.89
K112|ENN3|s33|a0.01|lr0.001,0.6734,0.6957,0.6984,0.6706,0.91
K112|ENN3|s33|a0.05|lr0.0003,0.6734,0.6957,0.6825,0.6706,0.86
K112|ENN3|s33|a0.05|lr0.0005,0.6734,0.6957,0.6984,0.6706,0.89
K125|ENN3|s13|a0.001|lr0.0005,0.6734,0.6957,0.619,0.6706,0.535
K125|ENN3|s13|a0.001|lr0.001,0.6734,0.6957,0.627,0.6706,0.54
K90|ENN5|s33|a0.0001|lr0.0005,0.6734,0.6957,0.6746,0.6706,0.56
K112|ENN3|s33|a0.001|lr0.0005,0.6734,0.6957,0.6984,0.6706,0.895
K107|ENN4|s7|a0.001|lr0.0005,0.6734,0.6957,0.6032,0.6706,0.87
K107|ENN4|s7|a0.001|lr0.001,0.6734,0.6957,0.6349,0.6706,0.9
K95|ENN3|s0|a0.001|lr0.0003,0.6734,0.6957,0.5635,0.6706,0.59
K95|ENN3|s0|a0.01|lr0.0003,0.6734,0.6957,0.5635,0.6706,0.59
K112|ENN3|s33|a0.05|lr0.001,0.6734,0.6957,0.6905,0.6706,0.9
K112|ENN3|s33|a0.0001|lr0.0003,0.6734,0.6957,0.6825,0.6706,0.865
K125|ENN3|s13|a0.01|lr0.0005,0.6734,0.6957,0.619,0.6706,0.535
K125|ENN3|s13|a0.01|lr0.001,0.6734,0.6957,0.627,0.6706,0.54
K125|ENN3|s13|a0.05|lr0.0005,0.6734,0.6957,0.6111,0.6706,0.535
K125|ENN3|s13|a0.05|lr0.001,0.6734,0.6957,0.619,0.6706,0.54
K90|ENN3|s7|a0.05|lr0.0003,0.6734,0.6957,0.6111,0.6706,0.54
K90|ENN3|s7|a0.05|lr0.0005,0.6734,0.6957,0.6032,0.6706,0.53
K120|ENN3|s76|a0.0001|lr0.001,0.6734,0.6957,0.6429,0.6706,0.79
K105|ENN4|s76|a0.01|lr0.0005,0.6734,0.6957,0.619,0.6706,0.61
arch400x300x200x100|s76|a0.0001|lr0.0003,0.6734,0.6957,0.6746,0.6706,0.875
arch400x300x200x100|s76|a0.0001|lr0.0005,0.6734,0.6957,0.6587,0.6706,0.91
arch400x200x100x50|s21|a0.05|lr0.001,0.6734,0.6957,0.6508,0.6706,0.62
K90|ENN5|s33|a0.01|lr0.0005,0.6734,0.6957,0.6746,0.6706,0.56
K105|ENN4|s42|a0.0001|lr0.001,0.6734,0.6957,0.6587,0.6706,0.89
K90|ENN5|s33|a0.05|lr0.0005,0.6734,0.6957,0.6746,0.6706,0.56
K115|ENN2|s33|a0.001|lr0.001,0.6734,0.6957,0.6508,0.6706,0.56
K115|ENN2|s33|a0.01|lr0.001,0.6734,0.6957,0.6508,0.6706,0.56
K109|ENN4|s0|a0.0001|lr0.001,0.6734,0.6957,0.627,0.6706,0.665
K109|ENN4|s0|a0.01|lr0.001,0.6734,0.6957,0.619,0.6706,0.665
arch400x200x100x50|s21|a0.0001|lr0.001,0.6734,0.6957,0.6508,0.6706,0.62
K115|ENN2|s33|a0.0001|lr0.001,0.6734,0.6957,0.6508,0.6706,0.56
K115|ENN2|s33|a0.001|lr0.0005,0.6734,0.6957,0.6032,0.6706,0.545
K112|ENN3|s33|a0.001|lr0.001,0.6734,0.6957,0.6984,0.6706,0.9
K112|ENN3|s33|a0.01|lr0.0003,0.6734,0.6957,0.6905,0.6706,0.87
K108|ENN2|s42|a0.05|lr0.001,0.6734,0.6957,0.6508,0.6706,0.92
K90|ENN3|s7|a0.001|lr0.0003,0.6734,0.6957,0.6111,0.6706,0.54
K90|ENN3|s7|a0.001|lr0.0005,0.6734,0.6957,0.6032,0.6706,0.53
K90|ENN3|s7|a0.01|lr0.0003,0.6734,0.6957,0.6111,0.6706,0.54
K90|ENN3|s7|a0.01|lr0.0005,0.6734,0.6957,0.6032,0.6706,0.53
K107|ENN2|s99|a0.01|lr0.0005,0.6734,0.6957,0.6905,0.6706,0.835
arch400x300x200x100|s76|a0.001|lr0.0003,0.6734,0.6957,0.6746,0.6706,0.875
arch400x300x200x100|s76|a0.001|lr0.0005,0.6734,0.6957,0.6587,0.6706,0.91
K105|ENN2|s42|a0.05|lr0.001,0.6734,0.6957,0.6746,0.6706,0.855
arch256x128x64x32|s0|a0.001|lr0.001,0.6734,0.6957,0.6825,0.6706,0.565
arch256x128x64x32|s0|a0.01|lr0.001,0.6734,0.6957,0.6825,0.6706,0.565
arch256x128x64x32|s0|a0.05|lr0.001,0.6734,0.6957,0.6905,0.6706,0.565
K120|ENN3|s7|a0.0001|lr0.0003,0.6734,0.6957,0.6111,0.6706,0.475
K120|ENN3|s7|a0.0001|lr0.0005,0.6734,0.6957,0.627,0.6706,0.485
K112|ENN3|s33|a0.0001|lr0.0005,0.6734,0.6957,0.6984,0.6706,0.895
K112|ENN3|s33|a0.0001|lr0.001,0.6734,0.6957,0.6984,0.6706,0.9
K112|ENN3|s33|a0.001|lr0.0003,0.6734,0.6957,0.6825,0.6706,0.865
K113|ENN5|s99|a0.01|lr0.0003,0.6734,0.6957,0.6984,0.6706,0.79
K113|ENN5|s99|a0.05|lr0.0003,0.6734,0.6957,0.7063,0.6706,0.79
K105|ENN2|s76|a0.001|lr0.0003,0.6734,0.6957,0.6032,0.6706,0.595
K105|ENN2|s76|a0.01|lr0.0003,0.6734,0.6957,0.6032,0.6706,0.61
arch400x200x100x50|s21|a0.001|lr0.001,0.6734,0.6957,0.6508,0.6706,0.62
K125|ENN3|s42|a0.001|lr0.0003,0.6734,0.6957,0.6746,0.6706,0.9
K125|ENN3|s42|a0.01|lr0.0003,0.6734,0.6957,0.6746,0.6706,0.9
K125|ENN3|s13|a0.0001|lr0.0005,0.6734,0.6957,0.619,0.6706,0.535
K105|ENN3|s21|a0.01|lr0.001,0.6734,0.6957,0.627,0.6706,0.505
K130|ENN5|s0|a0.0001|lr0.0003,0.6734,0.6957,0.5794,0.6706,0.56
K130|ENN5|s0|a0.001|lr0.0003,0.6734,0.6957,0.5794,0.6706,0.56
K108|ENN5|s33|a0.0001|lr0.0003,0.6734,0.6957,0.619,0.6706,0.63
K108|ENN5|s33|a0.001|lr0.0003,0.6734,0.6957,0.619,0.6706,0.63
K130|ENN5|s0|a0.01|lr0.0003,0.6734,0.6957,0.5794,0.6706,0.56
K130|ENN5|s0|a0.05|lr0.0003,0.6734,0.6957,0.5794,0.6706,0.56
K105|ENN2|s42|a0.0001|lr0.0005,0.6734,0.6957,0.6746,0.6706,0.82
K105|ENN2|s42|a0.01|lr0.0005,0.6734,0.6957,0.6667,0.6706,0.815
K105|ENN2|s42|a0.05|lr0.0005,0.6734,0.6957,0.6667,0.6706,0.805
K113|ENN5|s99|a0.001|lr0.0003,0.6734,0.6957,0.6984,0.6706,0.79
K111|ENN4|s7|a0.01|lr0.0003,0.6734,0.6957,0.5952,0.6706,0.625
K111|ENN4|s7|a0.05|lr0.0003,0.6734,0.6957,0.5952,0.6706,0.625
K111|ENN4|s7|a0.0001|lr0.0003,0.6734,0.6957,0.5952,0.6706,0.625
K108|ENN2|s21|a0.01|lr0.0005,0.6734,0.6957,0.6825,0.6706,0.915
arch256x128x64x32|s0|a0.0001|lr0.001,0.6734,0.6957,0.6825,0.6706,0.565
K107|ENN4|s7|a0.05|lr0.001,0.6734,0.6957,0.619,0.6706,0.895
K108|ENN2|s21|a0.0001|lr0.0005,0.6734,0.6957,0.6825,0.6706,0.915
K108|ENN2|s21|a0.001|lr0.0005,0.6734,0.6957,0.6825,0.6706,0.915
K105|ENN4|s42|a0.001|lr0.001,0.6734,0.6957,0.6508,0.6706,0.89
K105|ENN4|s42|a0.01|lr0.001,0.6734,0.6957,0.6587,0.6706,0.89
K109|ENN4|s0|a0.001|lr0.001,0.6734,0.6957,0.627,0.6706,0.665
K110|ENN3|s0|a0.01|lr0.0005,0.6734,0.6957,0.6825,0.6706,0.8
K108|ENN2|s42|a0.001|lr0.0003,0.6734,0.6957,0.6667,0.6706,0.855
K108|ENN2|s42|a0.001|lr0.0005,0.6734,0.6957,0.6667,0.6706,0.88
K108|ENN2|s42|a0.01|lr0.0003,0.6734,0.6957,0.6667,0.6706,0.855
K108|ENN2|s42|a0.01|lr0.0005,0.6734,0.6957,0.6667,0.6706,0.88
K108|ENN2|s42|a0.05|lr0.0003,0.6734,0.6957,0.6667,0.6706,0.855
K108|ENN2|s42|a0.05|lr0.0005,0.6734,0.6957,0.6667,0.6706,0.88
K109|ENN4|s21|a0.0001|lr0.0003,0.6734,0.6957,0.5476,0.6706,0.59
K125|ENN3|s13|a0.0001|lr0.001,0.6734,0.6957,0.627,0.6706,0.54
K105|ENN3|s21|a0.001|lr0.001,0.6734,0.6957,0.6349,0.6706,0.505
K90|ENN3|s7|a0.0001|lr0.0005,0.6734,0.6957,0.6032,0.6706,0.53
K108|ENN2|s13|a0.0001|lr0.001,0.6734,0.6957,0.6349,0.6706,0.93
K130|ENN2|s42|a0.05|lr0.001,0.6734,0.6957,0.6905,0.6706,0.58
K108|ENN2|s42|a0.0001|lr0.0005,0.6734,0.6957,0.6667,0.6706,0.885
K105|ENN4|s7|a0.05|lr0.0005,0.6734,0.6957,0.6111,0.6706,0.945
K125|ENN4|s99|a0.001|lr0.0005,0.6734,0.6957,0.5635,0.6706,0.84
K125|ENN3|s42|a0.0001|lr0.0003,0.6734,0.6957,0.6746,0.6706,0.905
K120|ENN5|s13|a0.0001|lr0.0003,0.6734,0.6957,0.5952,0.6706,0.695
K105|ENN2|s76|a0.05|lr0.0003,0.6734,0.6957,0.6032,0.6706,0.61
K130|ENN4|s21|a0.001|lr0.0003,0.6734,0.6957,0.6429,0.6706,0.835
K130|ENN4|s21|a0.001|lr0.001,0.6734,0.6957,0.619,0.6706,0.895
K130|ENN4|s21|a0.01|lr0.0003,0.6734,0.6957,0.6429,0.6706,0.835
K130|ENN4|s21|a0.01|lr0.0005,0.6734,0.6957,0.6349,0.6706,0.765
arch500x250x100x50|s7|a0.0001|lr0.0003,0.6734,0.6957,0.6667,0.6706,0.51
K107|ENN4|s7|a0.01|lr0.0005,0.6734,0.6957,0.6032,0.6706,0.87
K107|ENN4|s7|a0.01|lr0.001,0.6734,0.6957,0.619,0.6706,0.895
K130|ENN4|s21|a0.05|lr0.0003,0.6734,0.6957,0.6429,0.6706,0.83
K130|ENN4|s21|a0.05|lr0.0005,0.6734,0.6957,0.627,0.6706,0.765
K130|ENN4|s21|a0.05|lr0.001,0.6734,0.6957,0.627,0.6706,0.89
K108|ENN5|s7|a0.0001|lr0.0005,0.6734,0.6957,0.6429,0.6706,0.905
arch500x250x100x50|s7|a0.01|lr0.0005,0.6734,0.6957,0.6825,0.6706,0.525
K108|ENN5|s7|a0.05|lr0.0005,0.6734,0.6957,0.6429,0.6706,0.89
K105|ENN2|s76|a0.0001|lr0.0003,0.6734,0.6957,0.6111,0.6706,0.61
K111|ENN4|s33|a0.01|lr0.001,0.6734,0.6957,0.6667,0.6706,0.91
K111|ENN4|s33|a0.05|lr0.001,0.6734,0.6957,0.6667,0.6706,0.91
K111|ENN4|s7|a0.001|lr0.0003,0.6734,0.6957,0.5952,0.6706,0.625
K108|ENN5|s33|a0.01|lr0.0003,0.6734,0.6957,0.619,0.6706,0.63
K108|ENN5|s33|a0.05|lr0.0003,0.6734,0.6957,0.6111,0.6706,0.63
K108|ENN5|s7|a0.001|lr0.0005,0.6734,0.6957,0.6429,0.6706,0.895
K108|ENN5|s7|a0.01|lr0.0005,0.6734,0.6957,0.6429,0.6706,0.895
K108|ENN5|s33|a0.05|lr0.0005,0.6734,0.6957,0.6508,0.6706,0.65
K90|ENN3|s7|a0.0001|lr0.0003,0.6734,0.6957,0.6111,0.6706,0.54
K95|ENN2|s42|a0.01|lr0.0005,0.6734,0.6957,0.6746,0.6706,0.925
K109|ENN4|s21|a0.001|lr0.0005,0.6734,0.6957,0.5556,0.6706,0.605
K109|ENN4|s0|a0.05|lr0.001,0.6734,0.6957,0.619,0.6706,0.665
K110|ENN3|s0|a0.0001|lr0.0005,0.6734,0.6957,0.6825,0.6706,0.8
K109|ENN4|s21|a0.01|lr0.0003,0.6734,0.6957,0.5476,0.6706,0.59
K109|ENN4|s21|a0.01|lr0.0005,0.6734,0.6957,0.5556,0.6706,0.605
K130|ENN4|s7|a0.001|lr0.001,0.6734,0.6957,0.627,0.6706,0.865
K130|ENN4|s7|a0.01|lr0.001,0.6734,0.6957,0.627,0.6706,0.86
K130|ENN4|s7|a0.05|lr0.001,0.6734,0.6957,0.6349,0.6706,0.865
K130|ENN4|s21|a0.0001|lr0.0003,0.6734,0.6957,0.6429,0.6706,0.835
K130|ENN4|s21|a0.0001|lr0.001,0.6734,0.6957,0.619,0.6706,0.895
arch500x250x100x50|s7|a0.0001|lr0.0005,0.6734,0.6957,0.6905,0.6706,0.525
arch500x250x100x50|s7|a0.001|lr0.0003,0.6734,0.6957,0.6667,0.6706,0.51
arch500x250x100x50|s7|a0.001|lr0.0005,0.6734,0.6957,0.6905,0.6706,0.525
arch500x250x100x50|s7|a0.01|lr0.0003,0.6734,0.6957,0.6667,0.6706,0.51
K130|ENN4|s21|a0.01|lr0.001,0.6734,0.6957,0.627,0.6706,0.895
arch300x200x100x50x25|s13|a0.0001|lr0.0005,0.6734,0.6957,0.6825,0.6706,0.54
K95|ENN2|s7|a0.0001|lr0.0003,0.6734,0.6957,0.5952,0.6706,0.565
K120|ENN2|s99|a0.001|lr0.0005,0.6734,0.6957,0.6746,0.6706,0.53
K113|ENN5|s99|a0.0001|lr0.0003,0.6734,0.6957,0.6984,0.6706,0.79
K90|ENN2|s21|a0.0001|lr0.0003,0.6734,0.6957,0.6905,0.6706,0.57
K90|ENN2|s21|a0.001|lr0.0003,0.6734,0.6957,0.6905,0.6706,0.57
K90|ENN2|s21|a0.01|lr0.0003,0.6734,0.6957,0.6905,0.6706,0.57
K108|ENN2|s21|a0.05|lr0.0005,0.6734,0.6957,0.6825,0.6706,0.91
K105|ENN3|s21|a0.0001|lr0.001,0.6734,0.6957,0.6349,0.6706,0.505
K120|ENN2|s99|a0.0001|lr0.0005,0.6734,0.6957,0.6746,0.6706,0.53
arch400x300x200x100|s76|a0.05|lr0.001,0.6734,0.6957,0.6746,0.6706,0.93
arch500x250x100x50|s7|a0.05|lr0.0003,0.6734,0.6957,0.6667,0.6706,0.51
arch500x250x100x50|s7|a0.05|lr0.0005,0.6734,0.6957,0.6905,0.6706,0.525
K115|ENN2|s33|a0.0001|lr0.0005,0.6734,0.6957,0.6032,0.6706,0.545
K95|ENN2|s42|a0.0001|lr0.0005,0.6734,0.6957,0.6825,0.6706,0.925
K95|ENN2|s42|a0.001|lr0.0005,0.6734,0.6957,0.6825,0.6706,0.925
K120|ENN5|s13|a0.0001|lr0.001,0.6734,0.6957,0.5952,0.6706,0.685
K120|ENN5|s13|a0.001|lr0.0003,0.6734,0.6957,0.6032,0.6706,0.695
K120|ENN5|s13|a0.001|lr0.0005,0.6734,0.6957,0.5873,0.6706,0.705
K120|ENN5|s13|a0.001|lr0.001,0.6734,0.6957,0.5952,0.6706,0.685
K130|ENN3|s33|a0.0001|lr0.0003,0.6734,0.6957,0.6667,0.6706,0.7
K100|ENN3|s21|a0.01|lr0.001,0.6734,0.6957,0.6111,0.6706,0.49
K100|ENN3|s21|a0.05|lr0.0003,0.6734,0.6957,0.5952,0.6706,0.48
K100|ENN3|s21|a0.05|lr0.0005,0.6734,0.6957,0.6111,0.6706,0.485
K100|ENN3|s21|a0.05|lr0.001,0.6734,0.6957,0.6111,0.6706,0.49
K120|ENN2|s13|a0.0001|lr0.0003,0.6734,0.6957,0.619,0.6706,0.59
K120|ENN2|s13|a0.001|lr0.0003,0.6734,0.6957,0.619,0.6706,0.59
K120|ENN2|s13|a0.01|lr0.0003,0.6734,0.6957,0.6429,0.6706,0.59
K120|ENN2|s13|a0.05|lr0.0003,0.6734,0.6957,0.619,0.6706,0.59
arch300x200x100x50x25|s13|a0.001|lr0.0005,0.6734,0.6957,0.6825,0.6706,0.54
K130|ENN4|s7|a0.0001|lr0.001,0.6734,0.6957,0.627,0.6706,0.865
arch300x200x100x50x25|s13|a0.0001|lr0.0003,0.6734,0.6957,0.6111,0.6706,0.51
K100|ENN3|s21|a0.01|lr0.0005,0.6734,0.6957,0.6111,0.6706,0.485
K108|ENN3|s21|a0.05|lr0.0003,0.6734,0.6957,0.6746,0.6706,0.63
K120|ENN2|s99|a0.01|lr0.0005,0.6734,0.6957,0.6905,0.6706,0.53
K120|ENN2|s99|a0.05|lr0.0005,0.6734,0.6957,0.6746,0.6706,0.53
K108|ENN3|s0|a0.05|lr0.001,0.6734,0.6957,0.6349,0.6706,0.605
K109|ENN4|s21|a0.05|lr0.0003,0.6734,0.6957,0.5556,0.6706,0.59
K90|ENN4|s7|a0.001|lr0.0005,0.6734,0.6957,0.5952,0.6706,0.54
K90|ENN4|s7|a0.01|lr0.0005,0.6734,0.6957,0.5952,0.6706,0.54
K90|ENN4|s7|a0.05|lr0.0005,0.6734,0.6957,0.5952,0.6706,0.54
K108|ENN2|s42|a0.0001|lr0.0003,0.6734,0.6957,0.6667,0.6706,0.855
K125|ENN4|s99|a0.0001|lr0.0003,0.6734,0.6957,0.5794,0.6706,0.835
K125|ENN4|s99|a0.0001|lr0.0005,0.6734,0.6957,0.5635,0.6706,0.84
K125|ENN4|s99|a0.0001|lr0.001,0.6734,0.6957,0.5397,0.6706,0.84
K125|ENN4|s99|a0.001|lr0.0003,0.6734,0.6957,0.5794,0.6706,0.84
K109|ENN4|s21|a0.05|lr0.0005,0.6734,0.6957,0.5556,0.6706,0.605
K120|ENN5|s13|a0.0001|lr0.0005,0.6734,0.6957,0.5952,0.6706,0.705
K112|ENN5|s33|a0.05|lr0.0003,0.6734,0.6957,0.6746,0.6706,0.705
arch400x300x200x100|s76|a0.01|lr0.0005,0.6734,0.6957,0.6587,0.6706,0.91
K120|ENN5|s13|a0.01|lr0.0003,0.6734,0.6957,0.6032,0.6706,0.695
K120|ENN5|s13|a0.01|lr0.0005,0.6734,0.6957,0.5873,0.6706,0.705
K120|ENN5|s13|a0.01|lr0.001,0.6734,0.6957,0.5952,0.6706,0.685
K120|ENN5|s13|a0.05|lr0.0003,0.6734,0.6957,0.6032,0.6706,0.715
K120|ENN5|s13|a0.05|lr0.0005,0.6734,0.6957,0.6032,0.6706,0.705
K120|ENN5|s13|a0.05|lr0.001,0.6734,0.6957,0.6032,0.6706,0.685
K120|ENN5|s0|a0.0001|lr0.0003,0.6734,0.6957,0.5476,0.6706,0.805
K109|ENN4|s21|a0.0001|lr0.0005,0.6734,0.6957,0.5556,0.6706,0.605
K109|ENN4|s21|a0.001|lr0.0003,0.6734,0.6957,0.5476,0.6706,0.59
K105|ENN5|s7|a0.0001|lr0.001,0.6734,0.6957,0.5873,0.6706,0.685
K105|ENN5|s76|a0.05|lr0.0003,0.6734,0.6957,0.5794,0.6706,0.505
K100|ENN3|s21|a0.0001|lr0.001,0.6734,0.6957,0.6111,0.6706,0.49
K100|ENN3|s21|a0.001|lr0.0005,0.6734,0.6957,0.6111,0.6706,0.485
K100|ENN3|s21|a0.001|lr0.001,0.6734,0.6957,0.6111,0.6706,0.49
K120|ENN3|s42|a0.0001|lr0.001,0.6734,0.6957,0.5794,0.6706,0.92
K120|ENN3|s42|a0.001|lr0.0003,0.6734,0.6957,0.5952,0.6706,0.85
K130|ENN2|s42|a0.0001|lr0.001,0.6734,0.6957,0.6905,0.6706,0.58
K130|ENN2|s42|a0.001|lr0.001,0.6734,0.6957,0.6905,0.6706,0.58
K130|ENN2|s42|a0.01|lr0.001,0.6734,0.6957,0.6905,0.6706,0.58
K120|ENN3|s42|a0.05|lr0.0003,0.6734,0.6957,0.6032,0.6706,0.86
K109|ENN5|s21|a0.001|lr0.0005,0.6734,0.6957,0.5159,0.6706,0.6
K109|ENN5|s21|a0.001|lr0.001,0.6734,0.6957,0.5397,0.6706,0.63
K95|ENN2|s0|a0.0001|lr0.0005,0.6734,0.6957,0.6032,0.6706,0.605
K95|ENN2|s0|a0.001|lr0.0003,0.6734,0.6957,0.5714,0.6706,0.59
K108|ENN3|s33|a0.01|lr0.0005,0.6734,0.6957,0.5952,0.6706,0.635
K108|ENN3|s33|a0.05|lr0.0003,0.6734,0.6957,0.6111,0.6706,0.64
arch300x200x100x50x25|s13|a0.01|lr0.0005,0.6734,0.6957,0.6746,0.6706,0.54
arch300x200x100x50x25|s13|a0.05|lr0.0003,0.6734,0.6957,0.6111,0.6706,0.51
arch300x200x100x50x25|s13|a0.05|lr0.0005,0.6734,0.6957,0.6825,0.6706,0.535
K112|ENN5|s33|a0.01|lr0.0003,0.6734,0.6957,0.6746,0.6706,0.705
K108|ENN3|s99|a0.001|lr0.001,0.6734,0.6957,0.6111,0.6706,0.6
K108|ENN3|s99|a0.01|lr0.001,0.6734,0.6957,0.6111,0.6706,0.6
K112|ENN3|s13|a0.0001|lr0.0003,0.6734,0.6957,0.7063,0.6706,0.52
K112|ENN3|s13|a0.001|lr0.0003,0.6734,0.6957,0.7063,0.6706,0.52
K112|ENN3|s13|a0.01|lr0.0003,0.6734,0.6957,0.7063,0.6706,0.52
K112|ENN3|s13|a0.05|lr0.0003,0.6734,0.6957,0.7063,0.6706,0.52
K130|ENN3|s33|a0.0001|lr0.0005,0.6734,0.6957,0.6587,0.6706,0.7
K130|ENN3|s33|a0.001|lr0.0003,0.6734,0.6957,0.6667,0.6706,0.7
K130|ENN3|s33|a0.001|lr0.0005,0.6734,0.6957,0.6587,0.6706,0.7
K130|ENN3|s33|a0.01|lr0.0003,0.6734,0.6957,0.6667,0.6706,0.7
K130|ENN3|s33|a0.01|lr0.0005,0.6734,0.6957,0.6587,0.6706,0.7
K130|ENN3|s33|a0.05|lr0.0003,0.6734,0.6957,0.6667,0.6706,0.7
K108|ENN3|s99|a0.0001|lr0.001,0.6734,0.6957,0.6111,0.6706,0.6
K108|ENN3|s21|a0.001|lr0.0005,0.6734,0.6957,0.6746,0.6706,0.64
K108|ENN3|s33|a0.0001|lr0.0005,0.6734,0.6957,0.5952,0.6706,0.635
K108|ENN3|s33|a0.001|lr0.0005,0.6734,0.6957,0.5952,0.6706,0.635
K90|ENN4|s42|a0.0001|lr0.0005,0.6734,0.6957,0.6032,0.6706,0.515
K100|ENN4|s76|a0.0001|lr0.0003,0.6734,0.6957,0.7222,0.6706,0.665
K125|ENN4|s99|a0.001|lr0.001,0.6734,0.6957,0.5397,0.6706,0.845
K125|ENN4|s99|a0.01|lr0.0003,0.6734,0.6957,0.5794,0.6706,0.84
K125|ENN4|s99|a0.01|lr0.0005,0.6734,0.6957,0.5714,0.6706,0.84
K125|ENN4|s99|a0.01|lr0.001,0.6734,0.6957,0.5317,0.6706,0.84
K109|ENN5|s21|a0.01|lr0.001,0.6734,0.6957,0.5397,0.6706,0.63
K95|ENN2|s0|a0.001|lr0.0005,0.6734,0.6957,0.6032,0.6706,0.605
K95|ENN2|s0|a0.01|lr0.0003,0.6734,0.6957,0.5714,0.6706,0.59
K95|ENN2|s0|a0.01|lr0.0005,0.6734,0.6957,0.6032,0.6706,0.605
K95|ENN2|s0|a0.05|lr0.0003,0.6734,0.6957,0.5714,0.6706,0.59
K95|ENN2|s0|a0.05|lr0.0005,0.6734,0.6957,0.6032,0.6706,0.605
arch512x256x128x64x32|s7|a0.001|lr0.001,0.6734,0.6957,0.6825,0.6706,0.865
arch512x256x128x64x32|s21|a0.001|lr0.001,0.6734,0.6957,0.7381,0.6706,0.93
K108|ENN3|s21|a0.01|lr0.0003,0.6734,0.6957,0.6746,0.6706,0.63
K108|ENN3|s21|a0.01|lr0.0005,0.6734,0.6957,0.6746,0.6706,0.64
K120|ENN3|s7|a0.001|lr0.0005,0.6734,0.6957,0.627,0.6706,0.485
K120|ENN3|s7|a0.001|lr0.001,0.6734,0.6957,0.627,0.6706,0.49
K125|ENN4|s99|a0.05|lr0.0005,0.6734,0.6957,0.5635,0.6706,0.845
K125|ENN4|s99|a0.05|lr0.001,0.6734,0.6957,0.5397,0.6706,0.835
K95|ENN2|s0|a0.0001|lr0.0003,0.6734,0.6957,0.5714,0.6706,0.59
K109|ENN5|s21|a0.0001|lr0.0005,0.6734,0.6957,0.5159,0.6706,0.6
K109|ENN5|s21|a0.0001|lr0.001,0.6734,0.6957,0.5397,0.6706,0.63
K109|ENN5|s21|a0.001|lr0.0003,0.6734,0.6957,0.5159,0.6706,0.605
K109|ENN5|s21|a0.0001|lr0.0003,0.6734,0.6957,0.5159,0.6706,0.605
K100|ENN4|s76|a0.01|lr0.001,0.6734,0.6957,0.6587,0.6706,0.945
K100|ENN4|s76|a0.05|lr0.0003,0.6734,0.6957,0.7222,0.6706,0.665
K109|ENN5|s21|a0.01|lr0.0003,0.6734,0.6957,0.5159,0.6706,0.605
K109|ENN5|s21|a0.01|lr0.0005,0.6734,0.6957,0.5159,0.6706,0.6
K108|ENN3|s0|a0.001|lr0.001,0.6734,0.6957,0.6349,0.6706,0.605
K108|ENN3|s0|a0.01|lr0.001,0.6734,0.6957,0.6349,0.6706,0.605
K100|ENN3|s21|a0.0001|lr0.0005,0.6734,0.6957,0.6111,0.6706,0.485
K90|ENN2|s42|a0.001|lr0.0003,0.6618,0.7391,0.6984,0.6667,0.56
arch512x256x128x64x32|s7|a0.05|lr0.0005,0.6618,0.7391,0.627,0.6667,0.6
arch512x256x128x64x32|s7|a0.05|lr0.0003,0.6618,0.7391,0.6111,0.6667,0.585
arch512x256x128x64x32|s7|a0.01|lr0.0005,0.6618,0.7391,0.627,0.6667,0.6
arch512x256x128x64x32|s7|a0.01|lr0.0003,0.6618,0.7391,0.6111,0.6667,0.585
arch512x256x128x64x32|s7|a0.001|lr0.0005,0.6618,0.7391,0.619,0.6667,0.6
arch300x150x75x25|s21|a0.001|lr0.001,0.6618,0.7391,0.6746,0.6667,0.755
K115|ENN3|s13|a0.05|lr0.0003,0.6618,0.7391,0.5556,0.6667,0.495
K115|ENN3|s13|a0.01|lr0.001,0.6618,0.7391,0.5476,0.6667,0.505
K115|ENN3|s13|a0.05|lr0.001,0.6618,0.7391,0.5556,0.6667,0.505
K113|ENN4|s33|a0.05|lr0.0005,0.6618,0.7391,0.5635,0.6667,0.545
K113|ENN4|s33|a0.01|lr0.0005,0.6618,0.7391,0.5714,0.6667,0.545
K100|ENN3|s7|a0.05|lr0.001,0.6618,0.7391,0.5397,0.6667,0.715
K113|ENN4|s33|a0.0001|lr0.0005,0.6618,0.7391,0.5714,0.6667,0.545
arch400x300x200x100|s21|a0.01|lr0.0003,0.6618,0.7391,0.5476,0.6667,0.59
K108|ENN3|s21|a0.0001|lr0.0003,0.6618,0.7391,0.6667,0.6667,0.75
K108|ENN4|s42|a0.001|lr0.0003,0.6618,0.7391,0.6587,0.6667,0.8
K108|ENN4|s42|a0.0001|lr0.0003,0.6618,0.7391,0.6587,0.6667,0.8
K108|ENN3|s21|a0.001|lr0.0003,0.6618,0.7391,0.6667,0.6667,0.75
K108|ENN3|s76|a0.01|lr0.001,0.6618,0.7391,0.627,0.6667,0.585
K108|ENN3|s76|a0.001|lr0.001,0.6618,0.7391,0.627,0.6667,0.585
K108|ENN3|s76|a0.0001|lr0.001,0.6618,0.7391,0.627,0.6667,0.585
K125|ENN3|s0|a0.0001|lr0.0005,0.6618,0.7391,0.627,0.6667,0.885
K125|ENN3|s0|a0.0001|lr0.0003,0.6618,0.7391,0.627,0.6667,0.9
K112|ENN3|s0|a0.001|lr0.0003,0.6618,0.7391,0.5556,0.6667,0.65
K100|ENN3|s7|a0.01|lr0.001,0.6618,0.7391,0.5397,0.6667,0.715
K113|ENN4|s33|a0.001|lr0.0005,0.6618,0.7391,0.5714,0.6667,0.545
K113|ENN4|s33|a0.0001|lr0.001,0.6618,0.7391,0.5714,0.6667,0.545
K108|ENN4|s42|a0.0001|lr0.0005,0.6618,0.7391,0.6508,0.6667,0.815
K108|ENN4|s42|a0.05|lr0.0005,0.6618,0.7391,0.6587,0.6667,0.815
K108|ENN4|s42|a0.05|lr0.0003,0.6618,0.7391,0.6587,0.6667,0.8
K108|ENN4|s42|a0.01|lr0.0005,0.6618,0.7391,0.6508,0.6667,0.815
K108|ENN4|s42|a0.01|lr0.0003,0.6618,0.7391,0.6587,0.6667,0.8
K108|ENN4|s42|a0.001|lr0.0005,0.6618,0.7391,0.6508,0.6667,0.815
K108|ENN4|s7|a0.0001|lr0.0003,0.6618,0.7391,0.6984,0.6667,0.805
K95|ENN4|s76|a0.001|lr0.0005,0.6618,0.7391,0.5476,0.6667,0.7
K95|ENN4|s76|a0.0001|lr0.0005,0.6618,0.7391,0.5476,0.6667,0.7
K108|ENN4|s7|a0.001|lr0.0003,0.6618,0.7391,0.6905,0.6667,0.805
K108|ENN4|s7|a0.0001|lr0.001,0.6618,0.7391,0.6825,0.6667,0.86
K113|ENN5|s0|a0.05|lr0.0003,0.6618,0.7391,0.6111,0.6667,0.525
K108|ENN4|s7|a0.05|lr0.0003,0.6618,0.7391,0.6984,0.6667,0.805
K108|ENN4|s7|a0.01|lr0.0003,0.6618,0.7391,0.6984,0.6667,0.805
K108|ENN4|s7|a0.001|lr0.001,0.6618,0.7391,0.6825,0.6667,0.86
arch400x300x200x100|s0|a0.001|lr0.0005,0.6618,0.7391,0.627,0.6667,0.56
arch400x300x200x100|s0|a0.001|lr0.0003,0.6618,0.7391,0.627,0.6667,0.57
arch400x300x200x100|s0|a0.0001|lr0.0005,0.6618,0.7391,0.627,0.6667,0.56
arch400x300x200x100|s0|a0.0001|lr0.0003,0.6618,0.7391,0.627,0.6667,0.57
K105|ENN3|s0|a0.05|lr0.0003,0.6618,0.7391,0.5873,0.6667,0.61
K105|ENN3|s0|a0.01|lr0.0003,0.6618,0.7391,0.5873,0.6667,0.61
K105|ENN3|s0|a0.001|lr0.0003,0.6618,0.7391,0.5873,0.6667,0.61
K105|ENN3|s0|a0.0001|lr0.0003,0.6618,0.7391,0.5873,0.6667,0.61
K111|ENN4|s76|a0.05|lr0.0005,0.6618,0.7391,0.6587,0.6667,0.575
K111|ENN4|s76|a0.01|lr0.0005,0.6618,0.7391,0.6587,0.6667,0.575
K100|ENN3|s7|a0.001|lr0.001,0.6618,0.7391,0.5397,0.6667,0.72
K100|ENN3|s7|a0.0001|lr0.001,0.6618,0.7391,0.5397,0.6667,0.72
arch256x128x64x32|s21|a0.05|lr0.001,0.6618,0.7391,0.6429,0.6667,0.645
arch256x128x64x32|s21|a0.05|lr0.0005,0.6618,0.7391,0.619,0.6667,0.615
arch256x128x64x32|s21|a0.01|lr0.001,0.6618,0.7391,0.6429,0.6667,0.645
arch256x128x64x32|s21|a0.01|lr0.0005,0.6618,0.7391,0.619,0.6667,0.615
K125|ENN3|s0|a0.01|lr0.0003,0.6618,0.7391,0.627,0.6667,0.9
K125|ENN3|s0|a0.001|lr0.0005,0.6618,0.7391,0.627,0.6667,0.885
K125|ENN3|s0|a0.001|lr0.0003,0.6618,0.7391,0.627,0.6667,0.9
K113|ENN5|s0|a0.05|lr0.001,0.6618,0.7391,0.619,0.6667,0.535
K113|ENN5|s0|a0.05|lr0.0005,0.6618,0.7391,0.6111,0.6667,0.53
arch500x250x100x50|s7|a0.001|lr0.001,0.6618,0.7391,0.6825,0.6667,0.57
arch500x250x100x50|s7|a0.0001|lr0.001,0.6618,0.7391,0.6825,0.6667,0.57
arch500x250x100x50|s7|a0.05|lr0.001,0.6618,0.7391,0.6825,0.6667,0.575
arch500x250x100x50|s7|a0.01|lr0.001,0.6618,0.7391,0.6825,0.6667,0.57
K125|ENN3|s0|a0.05|lr0.0005,0.6618,0.7391,0.6349,0.6667,0.88
K125|ENN3|s0|a0.05|lr0.0003,0.6618,0.7391,0.619,0.6667,0.885
K125|ENN3|s0|a0.01|lr0.0005,0.6618,0.7391,0.619,0.6667,0.88
K113|ENN5|s0|a0.01|lr0.0003,0.6618,0.7391,0.6111,0.6667,0.525
K113|ENN5|s0|a0.001|lr0.001,0.6618,0.7391,0.619,0.6667,0.535
K113|ENN5|s0|a0.001|lr0.0005,0.6618,0.7391,0.6111,0.6667,0.53
K113|ENN5|s0|a0.001|lr0.0003,0.6618,0.7391,0.6111,0.6667,0.525
K113|ENN5|s0|a0.0001|lr0.001,0.6618,0.7391,0.619,0.6667,0.535
K108|ENN5|s76|a0.05|lr0.0003,0.6618,0.7391,0.6032,0.6667,0.66
K108|ENN5|s76|a0.01|lr0.0003,0.6618,0.7391,0.6111,0.6667,0.675
K108|ENN5|s76|a0.001|lr0.0003,0.6618,0.7391,0.619,0.6667,0.675
K108|ENN5|s76|a0.0001|lr0.0003,0.6618,0.7391,0.6111,0.6667,0.675
K112|ENN3|s0|a0.05|lr0.0003,0.6618,0.7391,0.5556,0.6667,0.65
K112|ENN3|s0|a0.01|lr0.0003,0.6618,0.7391,0.5556,0.6667,0.65
K107|ENN4|s13|a0.01|lr0.0003,0.6618,0.7391,0.5873,0.6667,0.595
K112|ENN3|s0|a0.0001|lr0.0003,0.6618,0.7391,0.5556,0.6667,0.65
K113|ENN5|s0|a0.01|lr0.001,0.6618,0.7391,0.627,0.6667,0.535
K113|ENN5|s0|a0.01|lr0.0005,0.6618,0.7391,0.6111,0.6667,0.53
K109|ENN2|s13|a0.05|lr0.001,0.6618,0.7391,0.6667,0.6667,0.915
K109|ENN2|s13|a0.01|lr0.001,0.6618,0.7391,0.6667,0.6667,0.915
K105|ENN2|s42|a0.05|lr0.0003,0.6618,0.7391,0.6587,0.6667,0.85
K105|ENN2|s42|a0.01|lr0.001,0.6618,0.7391,0.6746,0.6667,0.895
K105|ENN2|s42|a0.01|lr0.0003,0.6618,0.7391,0.6508,0.6667,0.85
K105|ENN2|s42|a0.001|lr0.001,0.6618,0.7391,0.6667,0.6667,0.895
K105|ENN2|s42|a0.001|lr0.0005,0.6618,0.7391,0.6508,0.6667,0.855
K105|ENN2|s42|a0.001|lr0.0003,0.6618,0.7391,0.6508,0.6667,0.85
K105|ENN2|s42|a0.0001|lr0.001,0.6618,0.7391,0.6746,0.6667,0.89
K105|ENN2|s42|a0.0001|lr0.0003,0.6618,0.7391,0.6508,0.6667,0.85
K109|ENN2|s13|a0.001|lr0.001,0.6618,0.7391,0.6667,0.6667,0.92
K109|ENN2|s13|a0.0001|lr0.001,0.6618,0.7391,0.6667,0.6667,0.92
K113|ENN5|s7|a0.05|lr0.0003,0.6618,0.7391,0.5476,0.6667,0.52
K113|ENN5|s7|a0.01|lr0.0003,0.6618,0.7391,0.5476,0.6667,0.52
arch300x150x75x50x25|s42|a0.0001|lr0.001,0.6618,0.7391,0.6667,0.6667,0.635
K113|ENN5|s0|a0.0001|lr0.0005,0.6618,0.7391,0.6111,0.6667,0.53
K113|ENN5|s0|a0.0001|lr0.0003,0.6618,0.7391,0.6111,0.6667,0.525
arch400x300x200x100|s21|a0.0001|lr0.0003,0.6618,0.7391,0.5476,0.6667,0.59
K115|ENN2|s13|a0.001|lr0.001,0.6618,0.7391,0.5714,0.6667,0.675
K115|ENN2|s13|a0.001|lr0.0005,0.6618,0.7391,0.5794,0.6667,0.73
K115|ENN2|s13|a0.001|lr0.0003,0.6618,0.7391,0.6032,0.6667,0.705
arch400x300x200x100|s21|a0.001|lr0.0003,0.6618,0.7391,0.5476,0.6667,0.59
arch300x150x75x50x25|s0|a0.01|lr0.0003,0.6618,0.7391,0.5238,0.6667,0.51
K115|ENN2|s13|a0.01|lr0.001,0.6618,0.7391,0.5714,0.6667,0.67
K115|ENN2|s13|a0.01|lr0.0005,0.6618,0.7391,0.6032,0.6667,0.73
arch300x150x75x50x25|s0|a0.001|lr0.0003,0.6618,0.7391,0.5317,0.6667,0.51
arch300x150x75x50x25|s0|a0.0001|lr0.0003,0.6618,0.7391,0.5317,0.6667,0.51
K130|ENN3|s76|a0.05|lr0.0003,0.6618,0.7391,0.6349,0.6667,0.66
K130|ENN3|s76|a0.01|lr0.0003,0.6618,0.7391,0.6349,0.6667,0.66
K130|ENN3|s76|a0.001|lr0.0003,0.6618,0.7391,0.6429,0.6667,0.645
K130|ENN3|s76|a0.0001|lr0.0003,0.6618,0.7391,0.6429,0.6667,0.645
arch400x300x200x100|s21|a0.05|lr0.0003,0.6618,0.7391,0.5476,0.6667,0.59
K112|ENN4|s42|a0.01|lr0.0003,0.6618,0.7391,0.5079,0.6667,0.52
K112|ENN4|s42|a0.001|lr0.0003,0.6618,0.7391,0.5079,0.6667,0.52
K112|ENN4|s42|a0.0001|lr0.0003,0.6618,0.7391,0.5079,0.6667,0.52
K115|ENN2|s13|a0.0001|lr0.001,0.6618,0.7391,0.5714,0.6667,0.675
K115|ENN2|s13|a0.0001|lr0.0005,0.6618,0.7391,0.5952,0.6667,0.73
K115|ENN2|s13|a0.0001|lr0.0003,0.6618,0.7391,0.5952,0.6667,0.7
K115|ENN2|s13|a0.05|lr0.0003,0.6618,0.7391,0.5873,0.6667,0.675
K115|ENN2|s13|a0.01|lr0.0003,0.6618,0.7391,0.5873,0.6667,0.67
K95|ENN4|s76|a0.05|lr0.0005,0.6618,0.7391,0.5635,0.6667,0.7
K95|ENN4|s76|a0.05|lr0.0003,0.6618,0.7391,0.5317,0.6667,0.675
K95|ENN4|s76|a0.01|lr0.0005,0.6618,0.7391,0.5556,0.6667,0.7
arch256x128x64x32|s21|a0.001|lr0.001,0.6618,0.7391,0.6429,0.6667,0.645
arch256x128x64x32|s21|a0.001|lr0.0005,0.6618,0.7391,0.619,0.6667,0.615
K113|ENN3|s33|a0.001|lr0.001,0.6618,0.7391,0.6429,0.6667,0.755
K115|ENN2|s21|a0.05|lr0.0005,0.6618,0.7391,0.7302,0.6667,0.72
K115|ENN2|s21|a0.05|lr0.0003,0.6618,0.7391,0.7222,0.6667,0.73
K115|ENN2|s21|a0.01|lr0.001,0.6618,0.7391,0.7381,0.6667,0.72
K115|ENN2|s21|a0.01|lr0.0005,0.6618,0.7391,0.7381,0.6667,0.72
K115|ENN2|s21|a0.01|lr0.0003,0.6618,0.7391,0.7222,0.6667,0.73
K115|ENN2|s21|a0.001|lr0.001,0.6618,0.7391,0.7381,0.6667,0.72
K115|ENN2|s21|a0.001|lr0.0005,0.6618,0.7391,0.7302,0.6667,0.72
K115|ENN2|s21|a0.001|lr0.0003,0.6618,0.7391,0.7222,0.6667,0.73
arch400x300x200x100|s0|a0.05|lr0.0005,0.6618,0.7391,0.619,0.6667,0.56
arch400x300x200x100|s0|a0.05|lr0.0003,0.6618,0.7391,0.619,0.6667,0.57
arch400x300x200x100|s0|a0.01|lr0.0005,0.6618,0.7391,0.627,0.6667,0.56
arch400x300x200x100|s0|a0.01|lr0.0003,0.6618,0.7391,0.627,0.6667,0.57
K115|ENN2|s21|a0.05|lr0.001,0.6618,0.7391,0.7381,0.6667,0.72
arch300x150x75x25|s76|a0.01|lr0.001,0.6618,0.7391,0.5397,0.6667,0.645
arch300x150x75x25|s76|a0.001|lr0.001,0.6618,0.7391,0.5397,0.6667,0.645
arch300x150x75x25|s76|a0.0001|lr0.001,0.6618,0.7391,0.5397,0.6667,0.645
K115|ENN2|s21|a0.0001|lr0.0003,0.6618,0.7391,0.7222,0.6667,0.73
K113|ENN3|s33|a0.05|lr0.001,0.6618,0.7391,0.6349,0.6667,0.745
K113|ENN3|s33|a0.01|lr0.001,0.6618,0.7391,0.6429,0.6667,0.755
arch600x300x150x75|s13|a0.01|lr0.001,0.6618,0.7391,0.7143,0.6667,0.735
arch600x300x150x75|s13|a0.001|lr0.001,0.6618,0.7391,0.7143,0.6667,0.735
arch600x300x150x75|s13|a0.0001|lr0.001,0.6618,0.7391,0.7143,0.6667,0.735
K112|ENN4|s42|a0.05|lr0.0003,0.6618,0.7391,0.5079,0.6667,0.52
K109|ENN4|s0|a0.05|lr0.0003,0.6618,0.7391,0.619,0.6667,0.655
K107|ENN4|s13|a0.01|lr0.0005,0.6618,0.7391,0.5952,0.6667,0.605
K107|ENN4|s13|a0.0001|lr0.0005,0.6618,0.7391,0.6032,0.6667,0.605
K107|ENN4|s13|a0.0001|lr0.0003,0.6618,0.7391,0.5794,0.6667,0.595
arch512x256x128x64x32|s7|a0.0001|lr0.0005,0.6618,0.7391,0.619,0.6667,0.6
arch512x256x128x64x32|s7|a0.0001|lr0.0003,0.6618,0.7391,0.6111,0.6667,0.585
K107|ENN4|s13|a0.05|lr0.001,0.6618,0.7391,0.5952,0.6667,0.63
K107|ENN4|s13|a0.05|lr0.0005,0.6618,0.7391,0.5952,0.6667,0.605
K107|ENN4|s13|a0.05|lr0.0003,0.6618,0.7391,0.5873,0.6667,0.595
K107|ENN4|s13|a0.01|lr0.001,0.6618,0.7391,0.5873,0.6667,0.635
arch300x150x75x25|s76|a0.05|lr0.001,0.6618,0.7391,0.5397,0.6667,0.64
arch256x128x64x32|s7|a0.01|lr0.001,0.6618,0.7391,0.6746,0.6667,0.885
arch256x128x64x32|s7|a0.001|lr0.001,0.6618,0.7391,0.6667,0.6667,0.885
arch256x128x64x32|s7|a0.0001|lr0.001,0.6618,0.7391,0.6746,0.6667,0.885
K105|ENN5|s0|a0.05|lr0.001,0.6618,0.7391,0.5714,0.6667,0.56
K109|ENN4|s0|a0.01|lr0.0005,0.6618,0.7391,0.627,0.6667,0.695
K109|ENN4|s0|a0.01|lr0.0003,0.6618,0.7391,0.619,0.6667,0.655
K109|ENN4|s0|a0.001|lr0.0005,0.6618,0.7391,0.627,0.6667,0.695
K109|ENN4|s0|a0.001|lr0.0003,0.6618,0.7391,0.619,0.6667,0.655
K109|ENN4|s0|a0.0001|lr0.0005,0.6618,0.7391,0.627,0.6667,0.695
K109|ENN4|s0|a0.0001|lr0.0003,0.6618,0.7391,0.619,0.6667,0.655
K107|ENN4|s13|a0.001|lr0.0005,0.6618,0.7391,0.5952,0.6667,0.605
K107|ENN4|s13|a0.001|lr0.0003,0.6618,0.7391,0.5873,0.6667,0.595
K113|ENN3|s33|a0.0001|lr0.001,0.6618,0.7391,0.6349,0.6667,0.75
K112|ENN2|s42|a0.05|lr0.0003,0.6618,0.7391,0.4365,0.6667,0.51
K112|ENN2|s42|a0.01|lr0.001,0.6618,0.7391,0.4762,0.6667,0.535
K112|ENN2|s42|a0.01|lr0.0003,0.6618,0.7391,0.4365,0.6667,0.51
K112|ENN2|s42|a0.001|lr0.001,0.6618,0.7391,0.4762,0.6667,0.535
K112|ENN2|s42|a0.001|lr0.0003,0.6618,0.7391,0.4365,0.6667,0.51
K112|ENN2|s42|a0.0001|lr0.001,0.6618,0.7391,0.4762,0.6667,0.535
arch600x300x150x75|s13|a0.05|lr0.001,0.6618,0.7391,0.7143,0.6667,0.735
K110|ENN3|s13|a0.05|lr0.001,0.6618,0.7391,0.6111,0.6667,0.635
K110|ENN3|s0|a0.05|lr0.001,0.6618,0.7391,0.6587,0.6667,0.83
K110|ENN3|s0|a0.05|lr0.0005,0.6618,0.7391,0.6825,0.6667,0.845
K110|ENN3|s0|a0.01|lr0.001,0.6618,0.7391,0.6746,0.6667,0.87
K115|ENN3|s13|a0.0001|lr0.001,0.6618,0.7391,0.5556,0.6667,0.505
K110|ENN3|s0|a0.001|lr0.001,0.6618,0.7391,0.6746,0.6667,0.87
K110|ENN3|s0|a0.001|lr0.0005,0.6618,0.7391,0.6825,0.6667,0.845
arch256x128x64x32|s21|a0.0001|lr0.001,0.6618,0.7391,0.6429,0.6667,0.645
arch256x128x64x32|s21|a0.0001|lr0.0005,0.6618,0.7391,0.619,0.6667,0.615
K105|ENN5|s0|a0.001|lr0.001,0.6618,0.7391,0.5714,0.6667,0.56
K105|ENN5|s0|a0.001|lr0.0005,0.6618,0.7391,0.5873,0.6667,0.56
K105|ENN5|s0|a0.0001|lr0.001,0.6618,0.7391,0.5714,0.6667,0.56
K105|ENN5|s0|a0.0001|lr0.0005,0.6618,0.7391,0.5873,0.6667,0.56
K110|ENN3|s0|a0.0001|lr0.001,0.6618,0.7391,0.6746,0.6667,0.87
K109|ENN5|s0|a0.001|lr0.001,0.6618,0.7391,0.5397,0.6667,0.61
K109|ENN5|s0|a0.001|lr0.0005,0.6618,0.7391,0.5714,0.6667,0.59
K109|ENN4|s0|a0.05|lr0.0005,0.6618,0.7391,0.627,0.6667,0.695
K115|ENN3|s13|a0.01|lr0.0003,0.6618,0.7391,0.5556,0.6667,0.495
K115|ENN3|s13|a0.001|lr0.0003,0.6618,0.7391,0.5556,0.6667,0.495
arch512x256x128x64x32|s7|a0.001|lr0.0003,0.6618,0.7391,0.6111,0.6667,0.585
K115|ENN3|s13|a0.0001|lr0.0003,0.6618,0.7391,0.5476,0.6667,0.495
K110|ENN3|s13|a0.0001|lr0.001,0.6618,0.7391,0.6111,0.6667,0.635
K105|ENN5|s0|a0.05|lr0.0005,0.6618,0.7391,0.5794,0.6667,0.56
K105|ENN5|s0|a0.01|lr0.001,0.6618,0.7391,0.5714,0.6667,0.56
K109|ENN5|s0|a0.01|lr0.0005,0.6618,0.7391,0.5714,0.6667,0.59
K109|ENN5|s0|a0.01|lr0.0003,0.6618,0.7391,0.5952,0.6667,0.58
K109|ENN5|s0|a0.0001|lr0.001,0.6618,0.7391,0.5397,0.6667,0.61
K109|ENN5|s0|a0.0001|lr0.0005,0.6618,0.7391,0.5714,0.6667,0.59
K109|ENN5|s0|a0.0001|lr0.0003,0.6618,0.7391,0.5952,0.6667,0.58
arch300x150x75x25|s21|a0.001|lr0.0005,0.6618,0.7391,0.6508,0.6667,0.695
K109|ENN5|s0|a0.001|lr0.0003,0.6618,0.7391,0.5952,0.6667,0.58
K110|ENN2|s99|a0.05|lr0.001,0.6618,0.7391,0.7063,0.6667,0.765
K110|ENN3|s13|a0.01|lr0.001,0.6618,0.7391,0.6111,0.6667,0.635
K110|ENN3|s13|a0.001|lr0.001,0.6618,0.7391,0.6111,0.6667,0.635
K110|ENN2|s99|a0.01|lr0.0005,0.6618,0.7391,0.7063,0.6667,0.71
K110|ENN2|s99|a0.001|lr0.001,0.6618,0.7391,0.7063,0.6667,0.76
K110|ENN2|s99|a0.001|lr0.0005,0.6618,0.7391,0.6984,0.6667,0.71
K110|ENN2|s99|a0.0001|lr0.001,0.6618,0.7391,0.7063,0.6667,0.76
K110|ENN2|s99|a0.0001|lr0.0005,0.6618,0.7391,0.7143,0.6667,0.71
arch300x150x75x25|s21|a0.01|lr0.0005,0.6618,0.7391,0.6508,0.6667,0.695
K109|ENN5|s0|a0.05|lr0.0003,0.6618,0.7391,0.5952,0.6667,0.58
K109|ENN5|s0|a0.01|lr0.001,0.6618,0.7391,0.5397,0.6667,0.61
K109|ENN5|s0|a0.05|lr0.001,0.6618,0.7391,0.5397,0.6667,0.61
K109|ENN5|s0|a0.05|lr0.0005,0.6618,0.7391,0.5714,0.6667,0.59
arch300x150x75x25|s21|a0.0001|lr0.001,0.6618,0.7391,0.6746,0.6667,0.755
arch300x150x75x25|s21|a0.0001|lr0.0005,0.6618,0.7391,0.6587,0.6667,0.695
K110|ENN2|s99|a0.01|lr0.001,0.6618,0.7391,0.7063,0.6667,0.76
arch300x150x75x25|s21|a0.01|lr0.001,0.6618,0.7391,0.6746,0.6667,0.755
K90|ENN2|s42|a0.0001|lr0.0003,0.6618,0.7391,0.6984,0.6667,0.56
arch300x150x75x25|s21|a0.05|lr0.001,0.6618,0.7391,0.6746,0.6667,0.75
K90|ENN2|s42|a0.05|lr0.0003,0.6618,0.7391,0.7063,0.6667,0.56
Fusion3_K110_ENN|s13|a0.01,0.6538,0.6957,0.6667,0.6508,0.56
K100|ENN4|s7|a0.0001|lr0.001,0.6538,0.6957,0.5635,0.6508,0.675
K100|ENN4|s7|a0.001|lr0.001,0.6538,0.6957,0.5635,0.6508,0.675
K100|ENN4|s7|a0.01|lr0.001,0.6538,0.6957,0.5635,0.6508,0.675
K90|ENN4|s13|a0.001|lr0.001,0.6538,0.6957,0.5159,0.6508,0.605
K90|ENN4|s13|a0.01|lr0.001,0.6538,0.6957,0.5159,0.6508,0.605
arch300x150x75x25|s21|a0.05|lr0.0003,0.6538,0.6957,0.6508,0.6508,0.64
arch300x150x75x25|s21|a0.05|lr0.0005,0.6538,0.6957,0.6587,0.6508,0.655
K113|ENN3|s99|a0.0001|lr0.0003,0.6538,0.6957,0.7143,0.6508,0.82
K113|ENN3|s99|a0.01|lr0.0003,0.6538,0.6957,0.7143,0.6508,0.82
K113|ENN3|s99|a0.05|lr0.0003,0.6538,0.6957,0.7143,0.6508,0.82
K125|ENN5|s7|a0.05|lr0.0005,0.6538,0.6957,0.5238,0.6508,0.855
K108|ENN2|s13|a0.001|lr0.0003,0.6538,0.6957,0.627,0.6508,0.91
K108|ENN2|s13|a0.001|lr0.0005,0.6538,0.6957,0.6349,0.6508,0.915
K105|ENN4|s33|a0.01|lr0.0005,0.6538,0.6957,0.6349,0.6508,0.645
K105|ENN4|s33|a0.05|lr0.0005,0.6538,0.6957,0.6429,0.6508,0.645
K113|ENN3|s99|a0.001|lr0.0003,0.6538,0.6957,0.7143,0.6508,0.82
K113|ENN4|s42|a0.01|lr0.0005,0.6538,0.6957,0.6667,0.6508,0.72
K105|ENN4|s33|a0.0001|lr0.0005,0.6538,0.6957,0.6349,0.6508,0.645
K105|ENN4|s33|a0.001|lr0.0005,0.6538,0.6957,0.6349,0.6508,0.645
K108|ENN2|s13|a0.0001|lr0.0003,0.6538,0.6957,0.619,0.6508,0.905
K108|ENN2|s13|a0.0001|lr0.0005,0.6538,0.6957,0.6349,0.6508,0.92
K120|ENN3|s42|a0.05|lr0.001,0.6538,0.6957,0.5873,0.6508,0.905
K113|ENN4|s42|a0.0001|lr0.0003,0.6538,0.6957,0.6508,0.6508,0.705
K113|ENN4|s42|a0.0001|lr0.0005,0.6538,0.6957,0.6667,0.6508,0.72
K113|ENN4|s42|a0.0001|lr0.001,0.6538,0.6957,0.6984,0.6508,0.765
K113|ENN4|s42|a0.001|lr0.0003,0.6538,0.6957,0.6508,0.6508,0.705
K113|ENN4|s42|a0.001|lr0.0005,0.6538,0.6957,0.6667,0.6508,0.72
K113|ENN4|s42|a0.001|lr0.001,0.6538,0.6957,0.6984,0.6508,0.765
K113|ENN4|s42|a0.01|lr0.0003,0.6538,0.6957,0.6508,0.6508,0.705
K130|ENN2|s21|a0.01|lr0.0005,0.6538,0.6957,0.6746,0.6508,0.545
K130|ENN2|s21|a0.01|lr0.001,0.6538,0.6957,0.6905,0.6508,0.555
K130|ENN2|s21|a0.05|lr0.0005,0.6538,0.6957,0.6746,0.6508,0.545
K130|ENN2|s21|a0.05|lr0.001,0.6538,0.6957,0.7063,0.6508,0.555
K108|ENN2|s13|a0.01|lr0.0003,0.6538,0.6957,0.627,0.6508,0.905
K108|ENN2|s13|a0.01|lr0.0005,0.6538,0.6957,0.6349,0.6508,0.915
K108|ENN2|s13|a0.01|lr0.001,0.6538,0.6957,0.627,0.6508,0.94
K108|ENN2|s13|a0.05|lr0.0003,0.6538,0.6957,0.6349,0.6508,0.905
K113|ENN4|s13|a0.001|lr0.0005,0.6538,0.6957,0.6984,0.6508,0.575
K113|ENN4|s13|a0.01|lr0.0005,0.6538,0.6957,0.6905,0.6508,0.575
K130|ENN3|s42|a0.05|lr0.0003,0.6538,0.6957,0.6508,0.6508,0.55
K108|ENN2|s13|a0.05|lr0.0005,0.6538,0.6957,0.6349,0.6508,0.915
K108|ENN2|s13|a0.05|lr0.001,0.6538,0.6957,0.627,0.6508,0.94
K130|ENN2|s21|a0.0001|lr0.0003,0.6538,0.6957,0.6587,0.6508,0.525
K130|ENN2|s21|a0.0001|lr0.0005,0.6538,0.6957,0.6746,0.6508,0.545
K130|ENN2|s21|a0.0001|lr0.001,0.6538,0.6957,0.6905,0.6508,0.555
K130|ENN2|s21|a0.001|lr0.0003,0.6538,0.6957,0.6587,0.6508,0.525
K130|ENN2|s21|a0.001|lr0.0005,0.6538,0.6957,0.6746,0.6508,0.545
K130|ENN2|s21|a0.001|lr0.001,0.6538,0.6957,0.6905,0.6508,0.555
K130|ENN2|s21|a0.01|lr0.0003,0.6538,0.6957,0.6587,0.6508,0.525
K113|ENN4|s42|a0.01|lr0.001,0.6538,0.6957,0.7063,0.6508,0.765
K113|ENN4|s42|a0.05|lr0.0003,0.6538,0.6957,0.6508,0.6508,0.705
K105|ENN3|s33|a0.05|lr0.001,0.6538,0.6957,0.6746,0.6508,0.69
K105|ENN4|s42|a0.0001|lr0.0003,0.6538,0.6957,0.627,0.6508,0.85
K105|ENN4|s42|a0.0001|lr0.0005,0.6538,0.6957,0.627,0.6508,0.865
K113|ENN4|s42|a0.05|lr0.0005,0.6538,0.6957,0.6667,0.6508,0.72
K113|ENN4|s42|a0.05|lr0.001,0.6538,0.6957,0.6984,0.6508,0.76
K113|ENN4|s13|a0.0001|lr0.0005,0.6538,0.6957,0.6905,0.6508,0.575
K130|ENN3|s42|a0.0001|lr0.0003,0.6538,0.6957,0.6429,0.6508,0.55
K130|ENN3|s42|a0.001|lr0.0003,0.6538,0.6957,0.6429,0.6508,0.55
K130|ENN3|s42|a0.01|lr0.0003,0.6538,0.6957,0.6429,0.6508,0.55
K108|ENN2|s21|a0.05|lr0.0003,0.6538,0.6957,0.6032,0.6508,0.525
K108|ENN2|s21|a0.0001|lr0.0003,0.6538,0.6957,0.6032,0.6508,0.525
K108|ENN2|s21|a0.001|lr0.0003,0.6538,0.6957,0.6032,0.6508,0.525
K108|ENN2|s21|a0.01|lr0.0003,0.6538,0.6957,0.6032,0.6508,0.525
K105|ENN3|s33|a0.001|lr0.001,0.6538,0.6957,0.6746,0.6508,0.69
K105|ENN3|s33|a0.01|lr0.001,0.6538,0.6957,0.6746,0.6508,0.69
K105|ENN4|s42|a0.001|lr0.0003,0.6538,0.6957,0.627,0.6508,0.85
K105|ENN4|s42|a0.001|lr0.0005,0.6538,0.6957,0.627,0.6508,0.865
K105|ENN4|s42|a0.01|lr0.0003,0.6538,0.6957,0.627,0.6508,0.85
K105|ENN4|s42|a0.01|lr0.0005,0.6538,0.6957,0.627,0.6508,0.86
K105|ENN4|s42|a0.05|lr0.0005,0.6538,0.6957,0.627,0.6508,0.86
K105|ENN4|s42|a0.05|lr0.001,0.6538,0.6957,0.6508,0.6508,0.885
K125|ENN3|s0|a0.01|lr0.001,0.6538,0.6957,0.6032,0.6508,0.88
K125|ENN3|s0|a0.05|lr0.001,0.6538,0.6957,0.627,0.6508,0.84
arch256x128x64x32|s13|a0.05|lr0.001,0.6538,0.6957,0.6825,0.6508,0.945
K90|ENN3|s0|a0.0001|lr0.001,0.6538,0.6957,0.5238,0.6508,0.665
K105|ENN3|s33|a0.0001|lr0.001,0.6538,0.6957,0.6746,0.6508,0.69
K95|ENN5|s7|a0.05|lr0.0003,0.6538,0.6957,0.5635,0.6508,0.595
K90|ENN3|s0|a0.001|lr0.001,0.6538,0.6957,0.5238,0.6508,0.665
K90|ENN3|s0|a0.01|lr0.001,0.6538,0.6957,0.5238,0.6508,0.665
K95|ENN2|s7|a0.001|lr0.0005,0.6538,0.6957,0.5952,0.6508,0.575
K113|ENN4|s33|a0.001|lr0.001,0.6538,0.6957,0.5714,0.6508,0.535
K113|ENN4|s33|a0.01|lr0.0003,0.6538,0.6957,0.5556,0.6508,0.53
K113|ENN4|s33|a0.01|lr0.001,0.6538,0.6957,0.5714,0.6508,0.535
K113|ENN4|s33|a0.05|lr0.0003,0.6538,0.6957,0.5556,0.6508,0.53
K113|ENN4|s33|a0.05|lr0.001,0.6538,0.6957,0.5714,0.6508,0.535
K90|ENN4|s13|a0.0001|lr0.001,0.6538,0.6957,0.5159,0.6508,0.605
K111|ENN3|s99|a0.05|lr0.0005,0.6538,0.6957,0.5238,0.6508,0.585
K95|ENN2|s7|a0.05|lr0.0005,0.6538,0.6957,0.5952,0.6508,0.575
K113|ENN4|s33|a0.001|lr0.0003,0.6538,0.6957,0.5556,0.6508,0.53
K112|ENN5|s33|a0.01|lr0.0005,0.6538,0.6957,0.6587,0.6508,0.72
K112|ENN5|s33|a0.05|lr0.0005,0.6538,0.6957,0.6587,0.6508,0.72
K108|ENN4|s0|a0.0001|lr0.001,0.6538,0.6957,0.6111,0.6508,0.605
K108|ENN4|s0|a0.001|lr0.001,0.6538,0.6957,0.6111,0.6508,0.605
K108|ENN4|s0|a0.01|lr0.001,0.6538,0.6957,0.619,0.6508,0.605
K108|ENN4|s0|a0.05|lr0.001,0.6538,0.6957,0.619,0.6508,0.605
K115|ENN5|s33|a0.05|lr0.001,0.6538,0.6957,0.619,0.6508,0.82
K113|ENN4|s33|a0.0001|lr0.0003,0.6538,0.6957,0.5556,0.6508,0.53
K115|ENN5|s33|a0.0001|lr0.001,0.6538,0.6957,0.619,0.6508,0.82
K115|ENN5|s33|a0.001|lr0.001,0.6538,0.6957,0.619,0.6508,0.82
K115|ENN5|s33|a0.01|lr0.001,0.6538,0.6957,0.6111,0.6508,0.82
K111|ENN2|s99|a0.05|lr0.0005,0.6538,0.6957,0.627,0.6508,0.615
K111|ENN2|s99|a0.05|lr0.001,0.6538,0.6957,0.6429,0.6508,0.615
K95|ENN2|s7|a0.0001|lr0.0005,0.6538,0.6957,0.5952,0.6508,0.575
K125|ENN3|s0|a0.001|lr0.001,0.6538,0.6957,0.619,0.6508,0.88
arch512x256x128x64x32|s13|a0.0001|lr0.0003,0.6538,0.6957,0.6746,0.6508,0.67
arch512x256x128x64x32|s13|a0.0001|lr0.0005,0.6538,0.6957,0.6905,0.6508,0.69
arch512x256x128x64x32|s13|a0.001|lr0.0003,0.6538,0.6957,0.6746,0.6508,0.67
K130|ENN4|s21|a0.0001|lr0.0005,0.6538,0.6957,0.619,0.6508,0.795
K111|ENN2|s99|a0.0001|lr0.0005,0.6538,0.6957,0.627,0.6508,0.615
K111|ENN2|s99|a0.0001|lr0.001,0.6538,0.6957,0.6429,0.6508,0.615
K111|ENN2|s99|a0.001|lr0.0005,0.6538,0.6957,0.627,0.6508,0.615
K111|ENN2|s99|a0.001|lr0.001,0.6538,0.6957,0.6429,0.6508,0.615
K111|ENN2|s99|a0.01|lr0.0005,0.6538,0.6957,0.627,0.6508,0.615
K111|ENN2|s99|a0.01|lr0.001,0.6538,0.6957,0.6429,0.6508,0.615
K130|ENN4|s21|a0.001|lr0.0005,0.6538,0.6957,0.619,0.6508,0.795
arch512x256x128x64x32|s13|a0.001|lr0.0005,0.6538,0.6957,0.6905,0.6508,0.69
arch512x256x128x64x32|s13|a0.01|lr0.0003,0.6538,0.6957,0.6746,0.6508,0.67
arch512x256x128x64x32|s13|a0.01|lr0.0005,0.6538,0.6957,0.6905,0.6508,0.69
arch512x256x128x64x32|s13|a0.05|lr0.0003,0.6538,0.6957,0.6746,0.6508,0.67
arch512x256x128x64x32|s13|a0.05|lr0.0005,0.6538,0.6957,0.6825,0.6508,0.69
K109|ENN2|s42|a0.001|lr0.0005,0.6538,0.6957,0.619,0.6508,0.91
K109|ENN2|s42|a0.001|lr0.001,0.6538,0.6957,0.6111,0.6508,0.915
K109|ENN2|s42|a0.01|lr0.0005,0.6538,0.6957,0.627,0.6508,0.91
K109|ENN2|s42|a0.01|lr0.001,0.6538,0.6957,0.619,0.6508,0.93
K109|ENN2|s42|a0.05|lr0.0003,0.6538,0.6957,0.619,0.6508,0.88
K109|ENN2|s42|a0.05|lr0.0005,0.6538,0.6957,0.627,0.6508,0.905
K109|ENN2|s42|a0.05|lr0.001,0.6538,0.6957,0.619,0.6508,0.93
K130|ENN5|s7|a0.0001|lr0.001,0.6538,0.6957,0.5952,0.6508,0.92
K109|ENN2|s42|a0.0001|lr0.0003,0.6538,0.6957,0.619,0.6508,0.885
K109|ENN2|s42|a0.0001|lr0.0005,0.6538,0.6957,0.619,0.6508,0.91
K109|ENN2|s42|a0.0001|lr0.001,0.6538,0.6957,0.619,0.6508,0.935
K130|ENN5|s7|a0.001|lr0.001,0.6538,0.6957,0.5952,0.6508,0.925
K130|ENN5|s7|a0.01|lr0.001,0.6538,0.6957,0.5794,0.6508,0.925
K130|ENN5|s7|a0.05|lr0.001,0.6538,0.6957,0.5952,0.6508,0.925
K109|ENN2|s42|a0.001|lr0.0003,0.6538,0.6957,0.619,0.6508,0.89
arch300x150x75x50x25|s13|a0.0001|lr0.0005,0.6538,0.6957,0.6032,0.6508,0.485
K130|ENN5|s21|a0.0001|lr0.0005,0.6538,0.6957,0.619,0.6508,0.935
K130|ENN5|s21|a0.001|lr0.0005,0.6538,0.6957,0.627,0.6508,0.935
K113|ENN5|s33|a0.05|lr0.0003,0.6538,0.6957,0.5635,0.6508,0.53
K130|ENN5|s21|a0.001|lr0.001,0.6538,0.6957,0.5952,0.6508,0.93
K130|ENN5|s21|a0.01|lr0.0005,0.6538,0.6957,0.619,0.6508,0.925
K130|ENN5|s21|a0.01|lr0.001,0.6538,0.6957,0.627,0.6508,0.945
K130|ENN5|s21|a0.05|lr0.0005,0.6538,0.6957,0.627,0.6508,0.935
K109|ENN2|s7|a0.0001|lr0.0003,0.6538,0.6957,0.6032,0.6508,0.565
K109|ENN2|s7|a0.01|lr0.0003,0.6538,0.6957,0.5952,0.6508,0.565
K109|ENN2|s7|a0.05|lr0.0003,0.6538,0.6957,0.5952,0.6508,0.565
K109|ENN2|s7|a0.001|lr0.0003,0.6538,0.6957,0.5952,0.6508,0.565
K113|ENN5|s33|a0.0001|lr0.0003,0.6538,0.6957,0.5635,0.6508,0.53
K113|ENN5|s33|a0.01|lr0.0003,0.6538,0.6957,0.5635,0.6508,0.53
K100|ENN5|s76|a0.05|lr0.0003,0.6538,0.6957,0.6905,0.6508,0.675
K107|ENN4|s7|a0.001|lr0.0003,0.6538,0.6957,0.5952,0.6508,0.875
K95|ENN3|s0|a0.001|lr0.0005,0.6538,0.6957,0.5,0.6508,0.595
K95|ENN3|s0|a0.01|lr0.0005,0.6538,0.6957,0.5,0.6508,0.595
K95|ENN3|s0|a0.05|lr0.0005,0.6538,0.6957,0.5,0.6508,0.595
K95|ENN5|s7|a0.0001|lr0.0003,0.6538,0.6957,0.5635,0.6508,0.595
K95|ENN5|s7|a0.001|lr0.0003,0.6538,0.6957,0.5635,0.6508,0.595
K95|ENN5|s7|a0.01|lr0.0003,0.6538,0.6957,0.5635,0.6508,0.595
K100|ENN5|s76|a0.001|lr0.0003,0.6538,0.6957,0.6905,0.6508,0.675
K100|ENN5|s76|a0.01|lr0.0003,0.6538,0.6957,0.6905,0.6508,0.675
K110|ENN4|s33|a0.05|lr0.001,0.6538,0.6957,0.627,0.6508,0.545
K109|ENN3|s99|a0.0001|lr0.001,0.6538,0.6957,0.7063,0.6508,0.75
K109|ENN3|s99|a0.001|lr0.001,0.6538,0.6957,0.7063,0.6508,0.75
K109|ENN3|s99|a0.01|lr0.001,0.6538,0.6957,0.7063,0.6508,0.75
K109|ENN3|s99|a0.05|lr0.001,0.6538,0.6957,0.6984,0.6508,0.75
K112|ENN5|s33|a0.0001|lr0.0005,0.6538,0.6957,0.6587,0.6508,0.72
K112|ENN5|s33|a0.001|lr0.0005,0.6538,0.6957,0.6587,0.6508,0.72
K112|ENN4|s13|a0.0001|lr0.0005,0.6538,0.6957,0.6349,0.6508,0.525
K112|ENN4|s13|a0.001|lr0.0005,0.6538,0.6957,0.6349,0.6508,0.525
K112|ENN4|s13|a0.01|lr0.0005,0.6538,0.6957,0.6349,0.6508,0.525
arch300x150x75x50x25|s21|a0.0001|lr0.0003,0.6538,0.6957,0.619,0.6508,0.66
arch300x150x75x50x25|s21|a0.0001|lr0.0005,0.6538,0.6957,0.6111,0.6508,0.685
arch300x150x75x50x25|s21|a0.001|lr0.0003,0.6538,0.6957,0.619,0.6508,0.66
arch300x150x75x50x25|s21|a0.001|lr0.0005,0.6538,0.6957,0.6111,0.6508,0.685
arch300x150x75x50x25|s21|a0.01|lr0.0003,0.6538,0.6957,0.619,0.6508,0.66
arch300x150x75x50x25|s21|a0.01|lr0.0005,0.6538,0.6957,0.6111,0.6508,0.685
K109|ENN4|s76|a0.001|lr0.001,0.6538,0.6957,0.6905,0.6508,0.59
K109|ENN4|s76|a0.001|lr0.0003,0.6538,0.6957,0.6032,0.6508,0.575
K109|ENN4|s76|a0.001|lr0.0005,0.6538,0.6957,0.5556,0.6508,0.575
K110|ENN4|s42|a0.001|lr0.001,0.6538,0.6957,0.6746,0.6508,0.655
K110|ENN4|s42|a0.01|lr0.001,0.6538,0.6957,0.6746,0.6508,0.655
K110|ENN4|s13|a0.001|lr0.0003,0.6538,0.6957,0.5159,0.6508,0.555
K110|ENN4|s13|a0.01|lr0.0003,0.6538,0.6957,0.5159,0.6508,0.555
K110|ENN4|s13|a0.05|lr0.0003,0.6538,0.6957,0.5159,0.6508,0.555
K110|ENN3|s33|a0.05|lr0.001,0.6538,0.6957,0.6111,0.6508,0.55
K110|ENN4|s42|a0.0001|lr0.001,0.6538,0.6957,0.6746,0.6508,0.655
K112|ENN4|s13|a0.05|lr0.0005,0.6538,0.6957,0.6349,0.6508,0.525
K109|ENN4|s13|a0.0001|lr0.001,0.6538,0.6957,0.5873,0.6508,0.73
K109|ENN4|s13|a0.001|lr0.001,0.6538,0.6957,0.5873,0.6508,0.73
K109|ENN4|s13|a0.01|lr0.001,0.6538,0.6957,0.5873,0.6508,0.73
K109|ENN4|s13|a0.05|lr0.001,0.6538,0.6957,0.5873,0.6508,0.73
K109|ENN4|s76|a0.0001|lr0.0003,0.6538,0.6957,0.6032,0.6508,0.575
K109|ENN4|s76|a0.0001|lr0.0005,0.6538,0.6957,0.5476,0.6508,0.575
K109|ENN4|s76|a0.0001|lr0.001,0.6538,0.6957,0.6905,0.6508,0.59
K110|ENN4|s42|a0.05|lr0.001,0.6538,0.6957,0.6746,0.6508,0.655
K110|ENN4|s13|a0.0001|lr0.0003,0.6538,0.6957,0.5159,0.6508,0.555
K125|ENN3|s42|a0.001|lr0.0005,0.6538,0.6957,0.6667,0.6508,0.94
K125|ENN3|s42|a0.01|lr0.0005,0.6538,0.6957,0.6746,0.6508,0.93
K125|ENN3|s42|a0.05|lr0.0005,0.6538,0.6957,0.6667,0.6508,0.935
K109|ENN4|s76|a0.01|lr0.001,0.6538,0.6957,0.6905,0.6508,0.585
K109|ENN4|s76|a0.05|lr0.0003,0.6538,0.6957,0.6032,0.6508,0.575
K109|ENN4|s76|a0.05|lr0.0005,0.6538,0.6957,0.5476,0.6508,0.575
K109|ENN4|s76|a0.05|lr0.001,0.6538,0.6957,0.6905,0.6508,0.585
K110|ENN3|s33|a0.0001|lr0.001,0.6538,0.6957,0.619,0.6508,0.55
K110|ENN3|s33|a0.001|lr0.001,0.6538,0.6957,0.619,0.6508,0.55
K110|ENN3|s33|a0.01|lr0.001,0.6538,0.6957,0.627,0.6508,0.55
K109|ENN4|s99|a0.01|lr0.001,0.6538,0.6957,0.6587,0.6508,0.725
K109|ENN4|s76|a0.01|lr0.0003,0.6538,0.6957,0.6032,0.6508,0.575
K109|ENN4|s76|a0.01|lr0.0005,0.6538,0.6957,0.5476,0.6508,0.575
K90|ENN3|s0|a0.05|lr0.001,0.6538,0.6957,0.5238,0.6508,0.665
K120|ENN4|s21|a0.0001|lr0.001,0.6538,0.6957,0.5952,0.6508,0.63
K120|ENN4|s21|a0.001|lr0.001,0.6538,0.6957,0.5952,0.6508,0.63
K120|ENN4|s21|a0.01|lr0.001,0.6538,0.6957,0.5952,0.6508,0.63
K120|ENN4|s21|a0.05|lr0.001,0.6538,0.6957,0.5952,0.6508,0.63
K125|ENN3|s42|a0.0001|lr0.0005,0.6538,0.6957,0.6746,0.6508,0.935
K100|ENN4|s33|a0.001|lr0.0003,0.6538,0.6957,0.6429,0.6508,0.93
K100|ENN4|s33|a0.001|lr0.0005,0.6538,0.6957,0.6508,0.6508,0.915
K100|ENN4|s33|a0.001|lr0.001,0.6538,0.6957,0.6429,0.6508,0.895
K100|ENN4|s33|a0.01|lr0.0003,0.6538,0.6957,0.6508,0.6508,0.93
K100|ENN4|s33|a0.01|lr0.0005,0.6538,0.6957,0.6508,0.6508,0.915
K100|ENN4|s33|a0.01|lr0.001,0.6538,0.6957,0.627,0.6508,0.895
K109|ENN4|s99|a0.0001|lr0.001,0.6538,0.6957,0.6587,0.6508,0.725
K109|ENN4|s99|a0.001|lr0.001,0.6538,0.6957,0.6587,0.6508,0.725
K100|ENN4|s33|a0.05|lr0.001,0.6538,0.6957,0.6349,0.6508,0.895
K100|ENN5|s76|a0.0001|lr0.0003,0.6538,0.6957,0.6905,0.6508,0.675
K100|ENN4|s33|a0.0001|lr0.0005,0.6538,0.6957,0.6429,0.6508,0.915
K100|ENN4|s33|a0.0001|lr0.001,0.6538,0.6957,0.6349,0.6508,0.895
K110|ENN3|s13|a0.0001|lr0.0003,0.6538,0.6957,0.5556,0.6508,0.6
K110|ENN3|s13|a0.0001|lr0.0005,0.6538,0.6957,0.5476,0.6508,0.6
arch300x150x75x50x25|s21|a0.05|lr0.0003,0.6538,0.6957,0.619,0.6508,0.66
arch300x150x75x50x25|s21|a0.05|lr0.0005,0.6538,0.6957,0.6111,0.6508,0.685
K100|ENN4|s33|a0.05|lr0.0003,0.6538,0.6957,0.6349,0.6508,0.925
K100|ENN4|s33|a0.05|lr0.0005,0.6538,0.6957,0.6349,0.6508,0.915
K112|ENN5|s76|a0.0001|lr0.0005,0.6538,0.6957,0.5635,0.6508,0.935
K120|ENN5|s76|a0.001|lr0.001,0.6538,0.6957,0.6032,0.6508,0.66
arch512x256x128x64x32|s7|a0.0001|lr0.001,0.6538,0.6957,0.6984,0.6508,0.92
K110|ENN3|s13|a0.001|lr0.0003,0.6538,0.6957,0.5556,0.6508,0.6
K110|ENN3|s13|a0.001|lr0.0005,0.6538,0.6957,0.5476,0.6508,0.6
K110|ENN3|s13|a0.01|lr0.0003,0.6538,0.6957,0.5556,0.6508,0.6
K110|ENN3|s13|a0.01|lr0.0005,0.6538,0.6957,0.5476,0.6508,0.6
K110|ENN3|s13|a0.05|lr0.0003,0.6538,0.6957,0.5556,0.6508,0.6
K110|ENN3|s13|a0.05|lr0.0005,0.6538,0.6957,0.5556,0.6508,0.6
K110|ENN2|s21|a0.05|lr0.0003,0.6538,0.6957,0.7381,0.6508,0.575
arch300x150x75x25|s21|a0.0001|lr0.0003,0.6538,0.6957,0.6508,0.6508,0.64
arch300x150x75x25|s21|a0.001|lr0.0003,0.6538,0.6957,0.6508,0.6508,0.64
arch300x150x75x25|s21|a0.01|lr0.0003,0.6538,0.6957,0.6508,0.6508,0.64
arch512x256x128x64x32|s7|a0.01|lr0.001,0.6538,0.6957,0.6984,0.6508,0.92
arch512x256x128x64x32|s7|a0.05|lr0.001,0.6538,0.6957,0.6984,0.6508,0.915
K112|ENN5|s42|a0.0001|lr0.001,0.6538,0.6957,0.5635,0.6508,0.725
K112|ENN5|s42|a0.001|lr0.001,0.6538,0.6957,0.5635,0.6508,0.725
K112|ENN5|s42|a0.01|lr0.001,0.6538,0.6957,0.5635,0.6508,0.725
Fusion3_K110_ENN|s13|a0.001,0.6538,0.6957,0.6667,0.6508,0.56
Fusion3_K110_ENN|s13|a0.05,0.6538,0.6957,0.6667,0.6508,0.56
K90|ENN4|s13|a0.05|lr0.001,0.6538,0.6957,0.5159,0.6508,0.605
Fusion3_K120_ENN|s13|a0.05,0.6538,0.6957,0.5079,0.6508,0.79
K111|ENN4|s33|a0.05|lr0.0005,0.6515,0.6522,0.6587,0.6746,0.57
K130|ENN3|s99|a0.0001|lr0.0003,0.6515,0.6522,0.6508,0.6944,0.425
K130|ENN3|s99|a0.0001|lr0.0005,0.6515,0.6522,0.6508,0.6944,0.435
K111|ENN4|s33|a0.01|lr0.0005,0.6515,0.6522,0.6587,0.6746,0.57
K95|ENN2|s33|a0.001|lr0.001,0.6515,0.6522,0.6984,0.6746,0.88
K108|ENN2|s99|a0.01|lr0.001,0.6515,0.6522,0.6429,0.6746,0.55
K108|ENN2|s33|a0.0001|lr0.0003,0.6515,0.6522,0.6032,0.6746,0.705
K108|ENN2|s33|a0.0001|lr0.0005,0.6515,0.6522,0.5952,0.6746,0.705
K108|ENN2|s33|a0.001|lr0.0003,0.6515,0.6522,0.6111,0.6746,0.7
K108|ENN2|s33|a0.001|lr0.0005,0.6515,0.6522,0.5873,0.6746,0.705
K108|ENN2|s33|a0.01|lr0.0003,0.6515,0.6522,0.6032,0.6746,0.7
K108|ENN2|s33|a0.01|lr0.0005,0.6515,0.6522,0.5952,0.6746,0.71
K130|ENN2|s33|a0.05|lr0.001,0.6515,0.6522,0.6667,0.6944,0.68
K111|ENN4|s33|a0.0001|lr0.0005,0.6515,0.6522,0.6587,0.6746,0.57
K110|ENN4|s99|a0.0001|lr0.0005,0.6515,0.6522,0.6429,0.6944,0.58
K110|ENN4|s99|a0.0001|lr0.001,0.6515,0.6522,0.6508,0.6746,0.58
K110|ENN4|s99|a0.001|lr0.0003,0.6515,0.6522,0.6508,0.6944,0.565
K110|ENN4|s99|a0.001|lr0.001,0.6515,0.6522,0.6429,0.6746,0.58
K110|ENN4|s99|a0.01|lr0.0003,0.6515,0.6522,0.6508,0.6944,0.565
K110|ENN4|s99|a0.01|lr0.001,0.6515,0.6522,0.6429,0.6746,0.58
K110|ENN4|s99|a0.05|lr0.0003,0.6515,0.6522,0.6508,0.6944,0.565
K110|ENN4|s99|a0.05|lr0.0005,0.6515,0.6522,0.6429,0.6944,0.58
K100|ENN2|s7|a0.001|lr0.0003,0.6515,0.6522,0.5714,0.6746,0.595
K100|ENN2|s7|a0.01|lr0.0003,0.6515,0.6522,0.5714,0.6746,0.595
K90|ENN4|s0|a0.001|lr0.001,0.6515,0.6522,0.627,0.6746,0.67
K100|ENN4|s21|a0.0001|lr0.0003,0.6515,0.6522,0.6508,0.6746,0.575
K120|ENN3|s33|a0.0001|lr0.001,0.6515,0.6522,0.6587,0.6746,0.82
K120|ENN3|s33|a0.001|lr0.001,0.6515,0.6522,0.6667,0.6746,0.82
K120|ENN3|s33|a0.01|lr0.001,0.6515,0.6522,0.6667,0.6746,0.81
K125|ENN2|s13|a0.001|lr0.001,0.6515,0.6522,0.619,0.6944,0.525
K125|ENN2|s13|a0.01|lr0.0005,0.6515,0.6522,0.6111,0.6944,0.53
K107|ENN2|s33|a0.05|lr0.0003,0.6515,0.6522,0.6746,0.6746,0.56
K120|ENN3|s33|a0.05|lr0.001,0.6515,0.6522,0.6667,0.6746,0.8
K110|ENN4|s99|a0.0001|lr0.0003,0.6515,0.6522,0.6508,0.6944,0.565
K107|ENN2|s33|a0.01|lr0.0003,0.6515,0.6522,0.6746,0.6746,0.56
K107|ENN2|s33|a0.01|lr0.0005,0.6515,0.6522,0.6349,0.6944,0.745
K107|ENN2|s33|a0.01|lr0.001,0.6515,0.6522,0.627,0.6944,0.765
K109|ENN3|s13|a0.0001|lr0.001,0.6515,0.6522,0.5635,0.6746,0.64
K125|ENN2|s13|a0.01|lr0.001,0.6515,0.6522,0.619,0.6944,0.52
K125|ENN2|s13|a0.05|lr0.0005,0.6515,0.6522,0.6032,0.6944,0.53
K111|ENN4|s33|a0.001|lr0.0005,0.6515,0.6522,0.6587,0.6746,0.57
K130|ENN2|s33|a0.0001|lr0.001,0.6515,0.6522,0.6587,0.6944,0.68
K130|ENN2|s33|a0.001|lr0.001,0.6515,0.6522,0.6587,0.6944,0.685
K90|ENN4|s0|a0.05|lr0.001,0.6515,0.6522,0.627,0.6746,0.665
K108|ENN2|s33|a0.05|lr0.0003,0.6515,0.6522,0.6032,0.6746,0.7
K95|ENN2|s33|a0.0001|lr0.001,0.6515,0.6522,0.7063,0.6746,0.88
K130|ENN3|s99|a0.001|lr0.0003,0.6515,0.6522,0.6508,0.6944,0.425
K130|ENN3|s99|a0.001|lr0.0005,0.6515,0.6522,0.6587,0.6944,0.435
K130|ENN3|s99|a0.01|lr0.0003,0.6515,0.6522,0.6508,0.6944,0.425
K130|ENN3|s99|a0.01|lr0.0005,0.6515,0.6522,0.6587,0.6944,0.44
K105|ENN2|s33|a0.01|lr0.001,0.6515,0.6522,0.6508,0.6944,0.645
K105|ENN2|s33|a0.05|lr0.0005,0.6515,0.6522,0.6349,0.6944,0.555
K105|ENN2|s33|a0.05|lr0.001,0.6515,0.6522,0.6587,0.6944,0.64
K109|ENN3|s13|a0.05|lr0.001,0.6515,0.6522,0.5714,0.6746,0.63
K110|ENN4|s99|a0.05|lr0.001,0.6515,0.6522,0.6508,0.6746,0.58
K112|ENN4|s13|a0.0001|lr0.0003,0.6515,0.6522,0.6032,0.6944,0.495
K112|ENN4|s13|a0.001|lr0.0003,0.6515,0.6522,0.6032,0.6944,0.495
K112|ENN4|s13|a0.01|lr0.0003,0.6515,0.6522,0.6032,0.6944,0.495
K112|ENN4|s13|a0.05|lr0.0003,0.6515,0.6522,0.6032,0.6944,0.495
K107|ENN2|s33|a0.0001|lr0.0003,0.6515,0.6522,0.6746,0.6746,0.56
K107|ENN2|s33|a0.0001|lr0.0005,0.6515,0.6522,0.6349,0.6944,0.75
K107|ENN2|s33|a0.0001|lr0.001,0.6515,0.6522,0.6349,0.6944,0.765
K107|ENN2|s33|a0.001|lr0.0003,0.6515,0.6522,0.6746,0.6746,0.56
K107|ENN2|s33|a0.001|lr0.0005,0.6515,0.6522,0.6349,0.6944,0.75
K107|ENN2|s33|a0.001|lr0.001,0.6515,0.6522,0.6349,0.6944,0.765
K113|ENN2|s42|a0.01|lr0.001,0.6515,0.6522,0.6032,0.6746,0.73
K109|ENN3|s13|a0.01|lr0.0003,0.6515,0.6522,0.5873,0.6746,0.585
K109|ENN3|s13|a0.01|lr0.0005,0.6515,0.6522,0.5873,0.6746,0.595
K109|ENN3|s13|a0.01|lr0.001,0.6515,0.6522,0.5635,0.6746,0.64
K109|ENN3|s13|a0.05|lr0.0003,0.6515,0.6522,0.5794,0.6746,0.575
K109|ENN3|s13|a0.05|lr0.0005,0.6515,0.6522,0.5873,0.6746,0.58
K105|ENN2|s33|a0.0001|lr0.001,0.6515,0.6522,0.6508,0.6944,0.645
K105|ENN2|s33|a0.001|lr0.001,0.6515,0.6522,0.6508,0.6944,0.645
K111|ENN5|s7|a0.001|lr0.0005,0.6515,0.6522,0.5952,0.6746,0.69
K108|ENN2|s99|a0.05|lr0.001,0.6515,0.6522,0.6429,0.6746,0.55
K113|ENN4|s76|a0.0001|lr0.001,0.6515,0.6522,0.7143,0.6944,0.565
K113|ENN4|s76|a0.001|lr0.001,0.6515,0.6522,0.7063,0.6944,0.565
K113|ENN4|s76|a0.01|lr0.001,0.6515,0.6522,0.7143,0.6944,0.565
K130|ENN2|s33|a0.01|lr0.001,0.6515,0.6522,0.6587,0.6944,0.68
K111|ENN5|s7|a0.01|lr0.0005,0.6515,0.6522,0.5952,0.6746,0.69
K111|ENN5|s7|a0.05|lr0.0005,0.6515,0.6522,0.5873,0.6746,0.685
K130|ENN3|s99|a0.05|lr0.0003,0.6515,0.6522,0.6508,0.6944,0.425
K130|ENN3|s99|a0.05|lr0.0005,0.6515,0.6522,0.6508,0.6944,0.435
K108|ENN3|s13|a0.0001|lr0.0005,0.6515,0.6522,0.6587,0.6746,0.575
K108|ENN3|s13|a0.0001|lr0.001,0.6515,0.6522,0.6587,0.6746,0.585
K108|ENN3|s13|a0.001|lr0.0005,0.6515,0.6522,0.6667,0.6746,0.575
K108|ENN3|s13|a0.001|lr0.001,0.6515,0.6522,0.6667,0.6746,0.585
K130|ENN3|s7|a0.0001|lr0.001,0.6515,0.6522,0.5952,0.6746,0.59
K105|ENN2|s7|a0.05|lr0.0003,0.6515,0.6522,0.5794,0.6746,0.595
K111|ENN3|s7|a0.01|lr0.0005,0.6515,0.6522,0.6746,0.6746,0.865
K130|ENN3|s7|a0.001|lr0.001,0.6515,0.6522,0.6032,0.6746,0.59
K107|ENN5|s42|a0.001|lr0.001,0.6515,0.6522,0.5794,0.6746,0.565
K107|ENN5|s42|a0.01|lr0.001,0.6515,0.6522,0.5794,0.6746,0.565
K107|ENN5|s42|a0.05|lr0.001,0.6515,0.6522,0.5794,0.6746,0.565
K113|ENN2|s42|a0.05|lr0.001,0.6515,0.6522,0.6032,0.6746,0.72
K109|ENN3|s13|a0.001|lr0.001,0.6515,0.6522,0.5635,0.6746,0.64
K95|ENN4|s0|a0.001|lr0.001,0.6515,0.6522,0.5794,0.6746,0.905
K95|ENN4|s0|a0.01|lr0.001,0.6515,0.6522,0.5794,0.6746,0.92
K100|ENN5|s21|a0.0001|lr0.001,0.6515,0.6522,0.627,0.6944,0.53
K100|ENN5|s21|a0.001|lr0.001,0.6515,0.6522,0.627,0.6944,0.53
K113|ENN2|s42|a0.01|lr0.0005,0.6515,0.6522,0.627,0.6746,0.745
K107|ENN5|s21|a0.0001|lr0.001,0.6515,0.6522,0.627,0.6746,0.885
K107|ENN5|s21|a0.001|lr0.0005,0.6515,0.6522,0.627,0.6746,0.865
K107|ENN5|s21|a0.001|lr0.001,0.6515,0.6522,0.627,0.6746,0.885
K107|ENN5|s21|a0.01|lr0.0005,0.6515,0.6522,0.627,0.6746,0.865
K107|ENN5|s21|a0.01|lr0.001,0.6515,0.6522,0.627,0.6746,0.885
K100|ENN5|s21|a0.01|lr0.001,0.6515,0.6522,0.627,0.6944,0.53
K100|ENN5|s21|a0.05|lr0.001,0.6515,0.6522,0.619,0.6944,0.53
K109|ENN3|s13|a0.0001|lr0.0003,0.6515,0.6522,0.5873,0.6746,0.59
K109|ENN3|s13|a0.001|lr0.0003,0.6515,0.6522,0.5794,0.6746,0.59
K109|ENN3|s13|a0.001|lr0.0005,0.6515,0.6522,0.5794,0.6746,0.59
K113|ENN2|s42|a0.05|lr0.0003,0.6515,0.6522,0.6349,0.6746,0.74
K113|ENN2|s42|a0.05|lr0.0005,0.6515,0.6522,0.619,0.6746,0.74
K107|ENN5|s42|a0.0001|lr0.001,0.6515,0.6522,0.5794,0.6746,0.565
K113|ENN2|s42|a0.0001|lr0.0003,0.6515,0.6522,0.6429,0.6746,0.745
K113|ENN2|s42|a0.0001|lr0.0005,0.6515,0.6522,0.6349,0.6746,0.745
K113|ENN2|s42|a0.0001|lr0.001,0.6515,0.6522,0.6111,0.6746,0.73
K113|ENN2|s42|a0.001|lr0.0003,0.6515,0.6522,0.6429,0.6746,0.745
K113|ENN2|s42|a0.001|lr0.0005,0.6515,0.6522,0.627,0.6746,0.745
K113|ENN2|s42|a0.001|lr0.001,0.6515,0.6522,0.6032,0.6746,0.725
K113|ENN2|s42|a0.01|lr0.0003,0.6515,0.6522,0.6429,0.6746,0.745
K130|ENN3|s7|a0.01|lr0.001,0.6515,0.6522,0.6032,0.6746,0.59
K130|ENN3|s7|a0.05|lr0.001,0.6515,0.6522,0.6032,0.6746,0.585
K108|ENN3|s13|a0.01|lr0.0005,0.6515,0.6522,0.6508,0.6746,0.575
K108|ENN3|s13|a0.01|lr0.001,0.6515,0.6522,0.6667,0.6746,0.585
K108|ENN3|s13|a0.05|lr0.0005,0.6515,0.6522,0.6587,0.6746,0.575
K108|ENN3|s13|a0.05|lr0.001,0.6515,0.6522,0.6667,0.6746,0.585
K111|ENN3|s7|a0.0001|lr0.0005,0.6515,0.6522,0.6746,0.6746,0.87
K111|ENN5|s33|a0.0001|lr0.0003,0.6515,0.6522,0.627,0.6746,0.51
K111|ENN5|s33|a0.001|lr0.0003,0.6515,0.6522,0.627,0.6746,0.51
K111|ENN5|s33|a0.01|lr0.0003,0.6515,0.6522,0.627,0.6746,0.51
K111|ENN5|s33|a0.01|lr0.0005,0.6515,0.6522,0.619,0.6746,0.53
K111|ENN5|s33|a0.05|lr0.0003,0.6515,0.6522,0.627,0.6746,0.51
K111|ENN5|s33|a0.05|lr0.0005,0.6515,0.6522,0.619,0.6746,0.525
K113|ENN3|s0|a0.0001|lr0.0005,0.6515,0.6522,0.6349,0.6746,0.475
K113|ENN3|s0|a0.0001|lr0.001,0.6515,0.6522,0.627,0.6746,0.475
K113|ENN3|s0|a0.001|lr0.0005,0.6515,0.6522,0.6349,0.6746,0.475
K113|ENN3|s0|a0.001|lr0.001,0.6515,0.6522,0.627,0.6746,0.475
K113|ENN3|s0|a0.01|lr0.0005,0.6515,0.6522,0.6349,0.6746,0.475
K113|ENN3|s0|a0.01|lr0.001,0.6515,0.6522,0.627,0.6746,0.475
K113|ENN3|s0|a0.05|lr0.0005,0.6515,0.6522,0.6429,0.6746,0.475
K113|ENN3|s0|a0.05|lr0.001,0.6515,0.6522,0.627,0.6746,0.475
K112|ENN2|s76|a0.0001|lr0.001,0.6515,0.6522,0.6349,0.6944,0.73
K100|ENN2|s7|a0.05|lr0.0003,0.6515,0.6522,0.5714,0.6746,0.595
K109|ENN2|s0|a0.0001|lr0.0005,0.6515,0.6522,0.6349,0.6746,0.69
K109|ENN2|s0|a0.05|lr0.0005,0.6515,0.6522,0.627,0.6746,0.69
K109|ENN3|s13|a0.0001|lr0.0005,0.6515,0.6522,0.5794,0.6746,0.59
K109|ENN2|s76|a0.05|lr0.0003,0.6515,0.6522,0.6587,0.6746,0.715
K109|ENN2|s7|a0.05|lr0.001,0.6515,0.6522,0.6508,0.6746,0.725
K113|ENN2|s99|a0.05|lr0.001,0.6515,0.6522,0.6349,0.6944,0.74
K107|ENN5|s21|a0.0001|lr0.0005,0.6515,0.6522,0.627,0.6746,0.865
K112|ENN2|s76|a0.001|lr0.0005,0.6515,0.6522,0.6429,0.6944,0.73
K112|ENN2|s76|a0.05|lr0.001,0.6515,0.6522,0.6349,0.6944,0.73
K105|ENN2|s33|a0.01|lr0.0005,0.6515,0.6522,0.6349,0.6944,0.555
K105|ENN2|s7|a0.0001|lr0.0003,0.6515,0.6522,0.5794,0.6746,0.585
K105|ENN2|s7|a0.0001|lr0.0005,0.6515,0.6522,0.5873,0.6746,0.575
K105|ENN2|s7|a0.0001|lr0.001,0.6515,0.6522,0.5794,0.6746,0.585
K105|ENN2|s7|a0.001|lr0.0003,0.6515,0.6522,0.5794,0.6746,0.59
K105|ENN2|s7|a0.001|lr0.0005,0.6515,0.6522,0.5794,0.6746,0.58
K105|ENN2|s7|a0.001|lr0.001,0.6515,0.6522,0.5714,0.6746,0.535
K105|ENN2|s7|a0.01|lr0.0003,0.6515,0.6522,0.5794,0.6746,0.6
K105|ENN2|s7|a0.01|lr0.0005,0.6515,0.6522,0.5873,0.6746,0.58
K105|ENN2|s7|a0.01|lr0.001,0.6515,0.6522,0.5714,0.6746,0.53
K111|ENN2|s33|a0.001|lr0.001,0.6515,0.6522,0.5794,0.6746,0.62
K105|ENN2|s7|a0.05|lr0.0005,0.6515,0.6522,0.5794,0.6746,0.595
K105|ENN2|s7|a0.05|lr0.001,0.6515,0.6522,0.5714,0.6746,0.535
K113|ENN3|s42|a0.0001|lr0.0003,0.6515,0.6522,0.627,0.6746,0.62
K113|ENN3|s42|a0.0001|lr0.0005,0.6515,0.6522,0.6587,0.6746,0.825
K113|ENN3|s42|a0.0001|lr0.001,0.6515,0.6522,0.6667,0.6746,0.835
K109|ENN2|s0|a0.001|lr0.0005,0.6515,0.6522,0.6349,0.6746,0.695
K109|ENN2|s0|a0.01|lr0.0005,0.6515,0.6522,0.6349,0.6746,0.69
K108|ENN5|s21|a0.05|lr0.0003,0.6515,0.6522,0.6508,0.6746,0.45
K109|ENN2|s76|a0.0001|lr0.0003,0.6515,0.6522,0.6587,0.6746,0.72
K109|ENN2|s76|a0.001|lr0.0003,0.6515,0.6522,0.6587,0.6746,0.715
K108|ENN5|s21|a0.0001|lr0.0003,0.6515,0.6522,0.6587,0.6746,0.45
K108|ENN5|s21|a0.001|lr0.0003,0.6515,0.6522,0.6508,0.6746,0.45
K108|ENN5|s21|a0.01|lr0.0003,0.6515,0.6522,0.6587,0.6746,0.45
K109|ENN2|s76|a0.01|lr0.0003,0.6515,0.6522,0.6587,0.6746,0.72
K113|ENN3|s42|a0.001|lr0.001,0.6515,0.6522,0.6746,0.6746,0.84
K113|ENN3|s42|a0.01|lr0.0003,0.6515,0.6522,0.627,0.6746,0.62
K113|ENN3|s42|a0.01|lr0.0005,0.6515,0.6522,0.6587,0.6746,0.825
K113|ENN3|s42|a0.01|lr0.001,0.6515,0.6522,0.6667,0.6746,0.83
K113|ENN3|s42|a0.05|lr0.0003,0.6515,0.6522,0.6587,0.6746,0.805
K113|ENN3|s42|a0.05|lr0.0005,0.6515,0.6522,0.6587,0.6746,0.815
K113|ENN3|s42|a0.05|lr0.001,0.6515,0.6522,0.6667,0.6746,0.835
K111|ENN2|s33|a0.0001|lr0.001,0.6515,0.6522,0.5794,0.6746,0.625
arch256x128x64x32|s7|a0.05|lr0.0005,0.6515,0.6522,0.6825,0.6746,0.69
arch256x128x64x32|s7|a0.05|lr0.001,0.6515,0.6522,0.6746,0.6746,0.75
K111|ENN2|s33|a0.01|lr0.001,0.6515,0.6522,0.5794,0.6746,0.62
K107|ENN5|s21|a0.05|lr0.0005,0.6515,0.6522,0.619,0.6746,0.86
K107|ENN5|s21|a0.05|lr0.001,0.6515,0.6522,0.6349,0.6746,0.9
K111|ENN2|s33|a0.05|lr0.001,0.6515,0.6522,0.5714,0.6746,0.55
K111|ENN3|s7|a0.05|lr0.0005,0.6515,0.6522,0.6746,0.6746,0.865
K95|ENN2|s99|a0.0001|lr0.001,0.6515,0.6522,0.6587,0.6746,0.93
K95|ENN2|s99|a0.001|lr0.001,0.6515,0.6522,0.6587,0.6746,0.93
K95|ENN2|s99|a0.01|lr0.001,0.6515,0.6522,0.6587,0.6746,0.93
K95|ENN2|s99|a0.05|lr0.001,0.6515,0.6522,0.6508,0.6746,0.915
K113|ENN3|s42|a0.001|lr0.0003,0.6515,0.6522,0.627,0.6746,0.62
K113|ENN3|s42|a0.001|lr0.0005,0.6515,0.6522,0.6587,0.6746,0.825
K95|ENN5|s76|a0.05|lr0.0005,0.6515,0.6522,0.6032,0.6746,0.535
K109|ENN5|s76|a0.01|lr0.0003,0.6515,0.6522,0.6032,0.6746,0.56
K109|ENN5|s76|a0.05|lr0.0003,0.6515,0.6522,0.6032,0.6746,0.56
K109|ENN5|s76|a0.0001|lr0.0003,0.6515,0.6522,0.6032,0.6746,0.56
K109|ENN5|s76|a0.001|lr0.0003,0.6515,0.6522,0.6032,0.6746,0.56
K125|ENN2|s13|a0.0001|lr0.0005,0.6515,0.6522,0.6111,0.6944,0.53
K100|ENN2|s7|a0.0001|lr0.0003,0.6515,0.6522,0.5714,0.6746,0.595
K125|ENN2|s13|a0.001|lr0.0005,0.6515,0.6522,0.6111,0.6944,0.53
K110|ENN3|s21|a0.05|lr0.001,0.6515,0.6522,0.6587,0.6944,0.48
K110|ENN3|s21|a0.01|lr0.001,0.6515,0.6522,0.6587,0.6944,0.48
K90|ENN4|s0|a0.0001|lr0.001,0.6515,0.6522,0.6349,0.6746,0.67
K125|ENN2|s13|a0.0001|lr0.001,0.6515,0.6522,0.619,0.6944,0.525
K107|ENN2|s33|a0.05|lr0.0005,0.6515,0.6522,0.6349,0.6944,0.74
K90|ENN4|s0|a0.01|lr0.001,0.6515,0.6522,0.627,0.6746,0.67
K107|ENN2|s33|a0.05|lr0.001,0.6515,0.6522,0.627,0.6944,0.755
Fusion3_K110_ENN|s0|a0.001,0.6462,0.6522,0.619,0.6548,0.605
K95|ENN4|s21|a0.05|lr0.0003,0.6462,0.6522,0.6667,0.6548,0.53
K109|ENN4|s99|a0.05|lr0.001,0.6462,0.6522,0.6508,0.6548,0.665
K95|ENN4|s0|a0.05|lr0.001,0.6462,0.6522,0.5635,0.6548,0.92
K95|ENN4|s21|a0.01|lr0.0003,0.6462,0.6522,0.6667,0.6548,0.53
K125|ENN2|s13|a0.001|lr0.0003,0.6462,0.6522,0.5794,0.6548,0.535
K100|ENN4|s21|a0.01|lr0.0003,0.6462,0.6522,0.6508,0.6548,0.58
K95|ENN5|s0|a0.01|lr0.001,0.6462,0.6522,0.5635,0.6548,0.795
K125|ENN2|s13|a0.0001|lr0.0003,0.6462,0.6522,0.5794,0.6548,0.535
K109|ENN5|s99|a0.05|lr0.001,0.6462,0.6522,0.6032,0.6548,0.66
K109|ENN5|s99|a0.01|lr0.001,0.6462,0.6522,0.6032,0.6548,0.66
K109|ENN5|s99|a0.001|lr0.001,0.6462,0.6522,0.6032,0.6548,0.66
K109|ENN5|s99|a0.0001|lr0.001,0.6462,0.6522,0.6032,0.6548,0.66
Fusion3_K110_ENN|s0|a0.05,0.6462,0.6522,0.627,0.6548,0.605
Fusion3_K110_ENN|s0|a0.01,0.6462,0.6522,0.619,0.6548,0.605
K95|ENN5|s0|a0.0001|lr0.001,0.6462,0.6522,0.5635,0.6548,0.79
K95|ENN5|s0|a0.001|lr0.001,0.6462,0.6522,0.5635,0.6548,0.805
K111|ENN3|s0|a0.05|lr0.001,0.6462,0.6522,0.619,0.6548,0.94
K111|ENN3|s0|a0.01|lr0.001,0.6462,0.6522,0.627,0.6548,0.935
K90|ENN4|s7|a0.05|lr0.001,0.6462,0.6522,0.6111,0.6548,0.575
K90|ENN4|s7|a0.01|lr0.001,0.6462,0.6522,0.6111,0.6548,0.575
K90|ENN4|s7|a0.001|lr0.001,0.6462,0.6522,0.6111,0.6548,0.575
K115|ENN5|s99|a0.01|lr0.0003,0.6462,0.6522,0.6587,0.6548,0.575
K115|ENN5|s99|a0.001|lr0.0003,0.6462,0.6522,0.6587,0.6548,0.575
K115|ENN5|s99|a0.0001|lr0.0003,0.6462,0.6522,0.6587,0.6548,0.575
arch300x150x75x50x25|s42|a0.0001|lr0.0003,0.6462,0.6522,0.5397,0.7143,0.575
K105|ENN5|s99|a0.05|lr0.0005,0.6462,0.6522,0.6746,0.6548,0.9
K105|ENN5|s99|a0.01|lr0.0005,0.6462,0.6522,0.6905,0.6548,0.91
K105|ENN5|s33|a0.05|lr0.0005,0.6462,0.6522,0.5873,0.6548,0.54
K105|ENN5|s33|a0.05|lr0.0003,0.6462,0.6522,0.5794,0.6548,0.51
K90|ENN3|s7|a0.05|lr0.001,0.6462,0.6522,0.6508,0.6548,0.56
K90|ENN3|s7|a0.01|lr0.001,0.6462,0.6522,0.6508,0.6548,0.56
K130|ENN2|s42|a0.001|lr0.0003,0.6462,0.6522,0.6429,0.6548,0.53
K90|ENN2|s21|a0.05|lr0.0005,0.6462,0.6522,0.6825,0.6548,0.555
Stack3_metaC10.0,0.6462,0.6522,0.6429,0.6548,0.73
Stack8_metaC1.0,0.6462,0.6522,0.5873,0.6548,0.565
Stack5_metaC0.1,0.6462,0.6522,0.627,0.6548,0.515
arch256x128x64x32|s7|a0.05|lr0.0003,0.6462,0.6522,0.6825,0.6548,0.69
arch256x128x64x32|s7|a0.01|lr0.0003,0.6462,0.6522,0.6667,0.6548,0.69
arch256x128x64x32|s7|a0.001|lr0.0003,0.6462,0.6522,0.6667,0.6548,0.695
arch256x128x64x32|s7|a0.0001|lr0.0003,0.6462,0.6522,0.6667,0.6548,0.695
K105|ENN5|s33|a0.0001|lr0.001,0.6462,0.6522,0.5873,0.6548,0.54
K105|ENN5|s33|a0.0001|lr0.0005,0.6462,0.6522,0.5873,0.6548,0.54
K105|ENN5|s33|a0.0001|lr0.0003,0.6462,0.6522,0.5794,0.6548,0.51
K105|ENN5|s33|a0.05|lr0.001,0.6462,0.6522,0.5873,0.6548,0.54
K109|ENN2|s21|a0.01|lr0.0005,0.6462,0.6522,0.627,0.6548,0.57
arch500x250x100x50|s0|a0.05|lr0.001,0.6462,0.6522,0.5794,0.6548,0.64
K109|ENN2|s21|a0.001|lr0.0005,0.6462,0.6522,0.627,0.6548,0.57
K100|ENN2|s7|a0.01|lr0.001,0.6462,0.6522,0.5873,0.6548,0.635
arch300x150x75x50x25|s42|a0.05|lr0.0005,0.6462,0.6522,0.5714,0.7143,0.575
arch300x150x75x50x25|s42|a0.01|lr0.0005,0.6462,0.6522,0.5873,0.7143,0.575
arch300x150x75x50x25|s42|a0.01|lr0.0003,0.6462,0.6522,0.5397,0.7143,0.575
arch300x150x75x50x25|s42|a0.001|lr0.0005,0.6462,0.6522,0.5794,0.7143,0.575
arch300x150x75x50x25|s42|a0.001|lr0.0003,0.6462,0.6522,0.5397,0.7143,0.575
arch300x150x75x50x25|s42|a0.0001|lr0.0005,0.6462,0.6522,0.5794,0.7143,0.575
K112|ENN2|s21|a0.05|lr0.001,0.6462,0.6522,0.5952,0.6548,0.9
K112|ENN2|s21|a0.01|lr0.001,0.6462,0.6522,0.5952,0.6548,0.915
K130|ENN2|s42|a0.0001|lr0.0003,0.6462,0.6522,0.6429,0.6548,0.53
K105|ENN4|s33|a0.05|lr0.001,0.6462,0.6522,0.5794,0.6548,0.56
K130|ENN2|s42|a0.01|lr0.0003,0.6462,0.6522,0.6429,0.6548,0.53
K111|ENN3|s0|a0.001|lr0.001,0.6462,0.6522,0.619,0.6548,0.945
K111|ENN3|s0|a0.0001|lr0.001,0.6462,0.6522,0.627,0.6548,0.945
K108|ENN3|s42|a0.0001|lr0.001,0.6462,0.6522,0.619,0.6548,0.935
K90|ENN5|s0|a0.01|lr0.001,0.6462,0.6522,0.627,0.6548,0.915
K90|ENN5|s0|a0.0001|lr0.001,0.6462,0.6522,0.619,0.6548,0.915
K105|ENN4|s33|a0.05|lr0.0003,0.6462,0.6522,0.5714,0.6548,0.58
K105|ENN4|s33|a0.01|lr0.001,0.6462,0.6522,0.5794,0.6548,0.56
K107|ENN5|s76|a0.0001|lr0.0005,0.6462,0.6522,0.6429,0.6548,0.505
K107|ENN5|s76|a0.01|lr0.0005,0.6462,0.6522,0.6429,0.6548,0.505
K105|ENN5|s33|a0.01|lr0.001,0.6462,0.6522,0.5873,0.6548,0.54
K105|ENN5|s33|a0.01|lr0.0005,0.6462,0.6522,0.5873,0.6548,0.54
K105|ENN5|s33|a0.01|lr0.0003,0.6462,0.6522,0.5794,0.6548,0.51
K105|ENN5|s33|a0.001|lr0.001,0.6462,0.6522,0.5873,0.6548,0.54
K105|ENN5|s33|a0.001|lr0.0005,0.6462,0.6522,0.5873,0.6548,0.54
K105|ENN5|s33|a0.001|lr0.0003,0.6462,0.6522,0.5794,0.6548,0.51
K109|ENN2|s21|a0.05|lr0.0005,0.6462,0.6522,0.627,0.6548,0.57
K107|ENN2|s7|a0.0001|lr0.0005,0.6462,0.6522,0.6349,0.6548,0.535
K110|ENN4|s33|a0.0001|lr0.001,0.6462,0.6522,0.619,0.6548,0.525
K107|ENN5|s76|a0.001|lr0.0005,0.6462,0.6522,0.6429,0.6548,0.505
K110|ENN4|s33|a0.01|lr0.001,0.6462,0.6522,0.619,0.6548,0.525
K110|ENN4|s33|a0.001|lr0.001,0.6462,0.6522,0.619,0.6548,0.525
K109|ENN2|s21|a0.0001|lr0.0005,0.6462,0.6522,0.627,0.6548,0.57
K107|ENN2|s76|a0.01|lr0.001,0.6462,0.6522,0.6667,0.6548,0.895
K95|ENN4|s42|a0.05|lr0.0005,0.6462,0.6522,0.6667,0.6548,0.64
K95|ENN4|s42|a0.01|lr0.0005,0.6462,0.6522,0.6667,0.6548,0.64
K90|ENN4|s7|a0.0001|lr0.001,0.6462,0.6522,0.6111,0.6548,0.575
K90|ENN5|s0|a0.001|lr0.001,0.6462,0.6522,0.619,0.6548,0.925
arch256x128x64x32|s13|a0.01|lr0.001,0.6462,0.6522,0.6905,0.6548,0.9
K108|ENN3|s42|a0.05|lr0.001,0.6462,0.6522,0.6429,0.6548,0.915
K130|ENN2|s42|a0.05|lr0.0003,0.6462,0.6522,0.6429,0.6548,0.53
K105|ENN4|s33|a0.01|lr0.0003,0.6462,0.6522,0.5714,0.6548,0.58
K105|ENN4|s33|a0.001|lr0.001,0.6462,0.6522,0.5794,0.6548,0.56
K105|ENN4|s33|a0.001|lr0.0003,0.6462,0.6522,0.5714,0.6548,0.58
K105|ENN4|s33|a0.0001|lr0.001,0.6462,0.6522,0.5794,0.6548,0.56
K105|ENN4|s33|a0.0001|lr0.0003,0.6462,0.6522,0.5714,0.6548,0.58
K111|ENN5|s7|a0.0001|lr0.0005,0.6462,0.6522,0.5873,0.6548,0.725
K130|ENN3|s99|a0.01|lr0.001,0.6462,0.6522,0.627,0.6548,0.745
K95|ENN5|s0|a0.05|lr0.001,0.6462,0.6522,0.5635,0.6548,0.78
K109|ENN3|s21|a0.0001|lr0.001,0.6462,0.6522,0.6032,0.6548,0.585
K115|ENN4|s7|a0.05|lr0.001,0.6462,0.6522,0.5952,0.6548,0.485
K115|ENN4|s7|a0.05|lr0.0005,0.6462,0.6522,0.5952,0.6548,0.485
K115|ENN4|s7|a0.01|lr0.001,0.6462,0.6522,0.5952,0.6548,0.49
K115|ENN4|s7|a0.01|lr0.0005,0.6462,0.6522,0.5873,0.6548,0.485
K115|ENN4|s7|a0.001|lr0.001,0.6462,0.6522,0.5952,0.6548,0.49
K115|ENN4|s7|a0.001|lr0.0005,0.6462,0.6522,0.5873,0.6548,0.485
K115|ENN4|s7|a0.0001|lr0.001,0.6462,0.6522,0.5952,0.6548,0.49
K115|ENN4|s7|a0.0001|lr0.0005,0.6462,0.6522,0.5873,0.6548,0.485
K107|ENN2|s7|a0.05|lr0.0005,0.6462,0.6522,0.6349,0.6548,0.535
K115|ENN2|s7|a0.01|lr0.0005,0.6462,0.6522,0.5873,0.6548,0.54
K115|ENN2|s7|a0.001|lr0.0005,0.6462,0.6522,0.5873,0.6548,0.54
K115|ENN2|s7|a0.0001|lr0.0005,0.6462,0.6522,0.5873,0.6548,0.54
K108|ENN3|s42|a0.01|lr0.001,0.6462,0.6522,0.619,0.6548,0.935
K108|ENN3|s42|a0.001|lr0.001,0.6462,0.6522,0.619,0.6548,0.94
K111|ENN4|s33|a0.05|lr0.0003,0.6462,0.6522,0.6667,0.6548,0.575
K95|ENN3|s21|a0.001|lr0.0003,0.6462,0.6522,0.7143,0.6548,0.53
K95|ENN3|s21|a0.0001|lr0.0003,0.6462,0.6522,0.7143,0.6548,0.53
K125|ENN2|s13|a0.05|lr0.0003,0.6462,0.6522,0.5714,0.6548,0.535
K95|ENN4|s21|a0.0001|lr0.0003,0.6462,0.6522,0.6667,0.6548,0.53
K115|ENN2|s7|a0.05|lr0.0005,0.6462,0.6522,0.5873,0.6548,0.54
K109|ENN3|s21|a0.01|lr0.001,0.6462,0.6522,0.6032,0.6548,0.585
K109|ENN3|s21|a0.001|lr0.001,0.6462,0.6522,0.6032,0.6548,0.585
K112|ENN5|s21|a0.05|lr0.0003,0.6462,0.6522,0.6032,0.6548,0.485
K112|ENN5|s21|a0.01|lr0.0003,0.6462,0.6522,0.6032,0.6548,0.485
K112|ENN5|s21|a0.001|lr0.0003,0.6462,0.6522,0.6032,0.6548,0.485
K95|ENN4|s21|a0.001|lr0.0003,0.6462,0.6522,0.6667,0.6548,0.53
K112|ENN5|s21|a0.0001|lr0.0003,0.6462,0.6522,0.6032,0.6548,0.485
K107|ENN2|s7|a0.01|lr0.0005,0.6462,0.6522,0.6349,0.6548,0.535
K107|ENN2|s7|a0.001|lr0.0005,0.6462,0.6522,0.6349,0.6548,0.535
K95|ENN3|s21|a0.05|lr0.0003,0.6462,0.6522,0.7063,0.6548,0.53
K107|ENN3|s76|a0.05|lr0.0005,0.6462,0.6522,0.6349,0.6548,0.91
K125|ENN2|s13|a0.01|lr0.0003,0.6462,0.6522,0.5714,0.6548,0.535
K95|ENN3|s21|a0.01|lr0.0003,0.6462,0.6522,0.7143,0.6548,0.53
K100|ENN4|s21|a0.001|lr0.0003,0.6462,0.6522,0.6508,0.6548,0.58
K100|ENN4|s21|a0.05|lr0.0003,0.6462,0.6522,0.6349,0.6548,0.595
K100|ENN2|s7|a0.001|lr0.001,0.6462,0.6522,0.5873,0.6548,0.635
K100|ENN2|s7|a0.0001|lr0.001,0.6462,0.6522,0.5873,0.6548,0.635
K100|ENN2|s76|a0.05|lr0.0003,0.6462,0.6522,0.6825,0.6548,0.645
K100|ENN2|s76|a0.01|lr0.0003,0.6462,0.6522,0.6825,0.6548,0.645
K120|ENN5|s33|a0.0001|lr0.0005,0.6349,0.6522,0.5238,0.6349,0.715
K120|ENN5|s33|a0.05|lr0.0003,0.6349,0.6522,0.5238,0.6349,0.72
K120|ENN5|s33|a0.01|lr0.001,0.6349,0.6522,0.5159,0.6349,0.7
K120|ENN5|s33|a0.01|lr0.0005,0.6349,0.6522,0.5238,0.6349,0.715
K120|ENN5|s33|a0.001|lr0.001,0.6349,0.6522,0.5159,0.6349,0.7
K120|ENN5|s33|a0.001|lr0.0005,0.6349,0.6522,0.5238,0.6349,0.715
K110|ENN3|s42|a0.01|lr0.001,0.6349,0.6522,0.5635,0.6349,0.885
K110|ENN3|s42|a0.05|lr0.001,0.6349,0.6522,0.5635,0.6349,0.86
K109|ENN5|s42|a0.0001|lr0.0005,0.6349,0.6522,0.5794,0.6349,0.605
K109|ENN5|s42|a0.001|lr0.0005,0.6349,0.6522,0.5794,0.6349,0.605
K109|ENN5|s42|a0.01|lr0.0005,0.6349,0.6522,0.5794,0.6349,0.605
K109|ENN5|s42|a0.05|lr0.0005,0.6349,0.6522,0.5794,0.6349,0.605
K95|ENN2|s76|a0.0001|lr0.0003,0.6349,0.6522,0.5952,0.6349,0.56
K95|ENN2|s76|a0.05|lr0.0003,0.6349,0.6522,0.6032,0.6349,0.555
K112|ENN4|s21|a0.05|lr0.0005,0.6349,0.6522,0.5397,0.6349,0.87
K109|ENN4|s13|a0.05|lr0.0003,0.6349,0.6522,0.6032,0.6349,0.63
K109|ENN4|s13|a0.01|lr0.0003,0.6349,0.6522,0.6032,0.6349,0.63
K109|ENN4|s13|a0.001|lr0.0003,0.6349,0.6522,0.6032,0.6349,0.63
K120|ENN5|s0|a0.0001|lr0.0005,0.6349,0.6522,0.5397,0.6349,0.79
K107|ENN3|s21|a0.01|lr0.001,0.6349,0.6522,0.6032,0.6349,0.605
K107|ENN3|s21|a0.001|lr0.001,0.6349,0.6522,0.6032,0.6349,0.605
K107|ENN3|s21|a0.0001|lr0.001,0.6349,0.6522,0.5952,0.6349,0.605
K100|ENN2|s7|a0.0001|lr0.0005,0.6349,0.6522,0.5873,0.6349,0.625
K100|ENN4|s7|a0.05|lr0.0003,0.6349,0.6522,0.5556,0.6349,0.62
K100|ENN4|s33|a0.0001|lr0.0003,0.6349,0.6522,0.6508,0.6349,0.875
K100|ENN2|s99|a0.05|lr0.0003,0.6349,0.6522,0.5476,0.6349,0.6
K100|ENN2|s7|a0.01|lr0.0005,0.6349,0.6522,0.5873,0.6349,0.625
K100|ENN2|s7|a0.001|lr0.0005,0.6349,0.6522,0.5873,0.6349,0.625
K120|ENN4|s21|a0.0001|lr0.0005,0.6349,0.6522,0.5952,0.6349,0.605
K112|ENN4|s21|a0.05|lr0.0003,0.6349,0.6522,0.5397,0.6349,0.82
K112|ENN4|s21|a0.01|lr0.0003,0.6349,0.6522,0.5397,0.6349,0.84
K90|ENN4|s99|a0.05|lr0.001,0.6349,0.6522,0.6032,0.6349,0.625
arch400x300x200x100|s76|a0.0001|lr0.001,0.6349,0.6522,0.6667,0.6349,0.91
K130|ENN2|s7|a0.05|lr0.0003,0.6349,0.6522,0.6111,0.6349,0.71
K130|ENN2|s7|a0.01|lr0.0005,0.6349,0.6522,0.5952,0.6349,0.73
K111|ENN5|s0|a0.05|lr0.001,0.6349,0.6522,0.5794,0.6349,0.935
K111|ENN5|s0|a0.05|lr0.0005,0.6349,0.6522,0.5952,0.6349,0.91
K111|ENN5|s0|a0.01|lr0.001,0.6349,0.6522,0.5873,0.6349,0.94
K108|ENN2|s42|a0.01|lr0.001,0.6349,0.6522,0.6429,0.6349,0.915
K108|ENN2|s42|a0.0001|lr0.001,0.6349,0.6522,0.6508,0.6349,0.92
K120|ENN2|s21|a0.05|lr0.001,0.6349,0.6522,0.619,0.6349,0.89
K111|ENN5|s7|a0.0001|lr0.0003,0.6349,0.6522,0.5397,0.6349,0.865
K130|ENN2|s7|a0.01|lr0.0003,0.6349,0.6522,0.5952,0.6349,0.71
K130|ENN2|s7|a0.001|lr0.0005,0.6349,0.6522,0.5873,0.6349,0.73
K130|ENN2|s7|a0.001|lr0.0003,0.6349,0.6522,0.5952,0.6349,0.705
K130|ENN2|s7|a0.0001|lr0.0005,0.6349,0.6522,0.5794,0.6349,0.715
K130|ENN2|s7|a0.0001|lr0.0003,0.6349,0.6522,0.6032,0.6349,0.705
K108|ENN3|s76|a0.05|lr0.0005,0.6349,0.6522,0.6429,0.6349,0.695
K105|ENN4|s7|a0.05|lr0.001,0.6349,0.6522,0.5873,0.6349,0.945
K113|ENN3|s21|a0.05|lr0.001,0.6349,0.6522,0.6111,0.6349,0.71
K113|ENN3|s21|a0.01|lr0.001,0.6349,0.6522,0.6111,0.6349,0.71
K113|ENN3|s21|a0.001|lr0.001,0.6349,0.6522,0.6111,0.6349,0.71
K113|ENN3|s21|a0.0001|lr0.001,0.6349,0.6522,0.6111,0.6349,0.71
K111|ENN5|s0|a0.0001|lr0.001,0.6349,0.6522,0.5714,0.6349,0.94
K125|ENN5|s42|a0.05|lr0.001,0.6349,0.6522,0.5476,0.6349,0.5
K125|ENN5|s42|a0.05|lr0.0005,0.6349,0.6522,0.5397,0.6349,0.505
K125|ENN5|s42|a0.05|lr0.0003,0.6349,0.6522,0.5476,0.6349,0.48
K125|ENN5|s42|a0.01|lr0.001,0.6349,0.6522,0.5476,0.6349,0.5
K125|ENN5|s42|a0.01|lr0.0005,0.6349,0.6522,0.5476,0.6349,0.505
K120|ENN3|s42|a0.0001|lr0.0005,0.6349,0.6522,0.5794,0.6349,0.845
K120|ENN3|s42|a0.0001|lr0.0003,0.6349,0.6522,0.5873,0.6349,0.81
K130|ENN2|s99|a0.0001|lr0.001,0.6349,0.6522,0.6111,0.6349,0.855
K111|ENN3|s7|a0.05|lr0.0003,0.6349,0.6522,0.5952,0.6349,0.62
arch300x200x100x50x25|s13|a0.01|lr0.0003,0.6349,0.6522,0.6111,0.6349,0.5
K108|ENN4|s33|a0.05|lr0.0005,0.6349,0.6522,0.5952,0.6349,0.715
K112|ENN2|s76|a0.01|lr0.0005,0.6349,0.6522,0.6429,0.6349,0.875
K125|ENN5|s42|a0.01|lr0.0003,0.6349,0.6522,0.5476,0.6349,0.48
K125|ENN5|s42|a0.001|lr0.001,0.6349,0.6522,0.5476,0.6349,0.5
K125|ENN4|s7|a0.01|lr0.001,0.6349,0.6522,0.5476,0.6349,0.945
K125|ENN4|s7|a0.0001|lr0.001,0.6349,0.6522,0.5476,0.6349,0.935
K120|ENN3|s42|a0.05|lr0.0005,0.6349,0.6522,0.5714,0.6349,0.84
K120|ENN3|s42|a0.01|lr0.001,0.6349,0.6522,0.5794,0.6349,0.875
K120|ENN3|s42|a0.01|lr0.0005,0.6349,0.6522,0.5635,0.6349,0.84
K120|ENN3|s42|a0.01|lr0.0003,0.6349,0.6522,0.5794,0.6349,0.81
K120|ENN3|s42|a0.001|lr0.001,0.6349,0.6522,0.5714,0.6349,0.875
K120|ENN3|s42|a0.001|lr0.0005,0.6349,0.6522,0.5794,0.6349,0.855
K111|ENN3|s7|a0.01|lr0.0003,0.6349,0.6522,0.5952,0.6349,0.62
K111|ENN3|s7|a0.001|lr0.0003,0.6349,0.6522,0.5952,0.6349,0.62
K111|ENN3|s7|a0.0001|lr0.0003,0.6349,0.6522,0.5952,0.6349,0.62
K100|ENN2|s99|a0.001|lr0.0003,0.6349,0.6522,0.5476,0.6349,0.6
K100|ENN2|s99|a0.0001|lr0.0003,0.6349,0.6522,0.5476,0.6349,0.6
K108|ENN3|s33|a0.01|lr0.0003,0.6349,0.6522,0.6111,0.6349,0.625
K108|ENN3|s33|a0.001|lr0.0003,0.6349,0.6522,0.6111,0.6349,0.625
K108|ENN3|s33|a0.0001|lr0.0003,0.6349,0.6522,0.6111,0.6349,0.625
K125|ENN5|s42|a0.001|lr0.0005,0.6349,0.6522,0.5397,0.6349,0.505
K125|ENN5|s42|a0.001|lr0.0003,0.6349,0.6522,0.5476,0.6349,0.48
K125|ENN5|s42|a0.0001|lr0.001,0.6349,0.6522,0.5476,0.6349,0.5
K125|ENN5|s42|a0.0001|lr0.0005,0.6349,0.6522,0.5397,0.6349,0.505
K125|ENN5|s42|a0.0001|lr0.0003,0.6349,0.6522,0.5476,0.6349,0.48
K125|ENN4|s7|a0.05|lr0.001,0.6349,0.6522,0.5397,0.6349,0.92
K125|ENN4|s42|a0.01|lr0.001,0.6349,0.6522,0.5794,0.6349,0.57
K107|ENN5|s33|a0.05|lr0.001,0.6349,0.6522,0.6349,0.6349,0.895
K107|ENN5|s33|a0.01|lr0.001,0.6349,0.6522,0.6429,0.6349,0.895
K105|ENN5|s7|a0.0001|lr0.0005,0.6349,0.6522,0.5556,0.6349,0.665
K105|ENN5|s7|a0.0001|lr0.0003,0.6349,0.6522,0.5476,0.6349,0.66
K105|ENN2|s0|a0.0001|lr0.0005,0.6349,0.6522,0.5476,0.6349,0.805
K105|ENN2|s0|a0.05|lr0.0005,0.6349,0.6522,0.5476,0.6349,0.795
K108|ENN5|s33|a0.01|lr0.0005,0.6349,0.6522,0.6032,0.6349,0.94
arch300x200x100x50x25|s13|a0.001|lr0.0003,0.6349,0.6522,0.6111,0.6349,0.5
arch400x300x200x100|s76|a0.01|lr0.001,0.6349,0.6522,0.6587,0.6349,0.91
arch400x300x200x100|s76|a0.001|lr0.001,0.6349,0.6522,0.6587,0.6349,0.91
K105|ENN2|s0|a0.05|lr0.001,0.6349,0.6522,0.5635,0.6349,0.795
K108|ENN4|s33|a0.001|lr0.0003,0.6349,0.6522,0.6032,0.6349,0.72
K125|ENN4|s42|a0.001|lr0.001,0.6349,0.6522,0.5794,0.6349,0.57
K125|ENN4|s42|a0.001|lr0.0005,0.6349,0.6522,0.5556,0.6349,0.54
K125|ENN4|s42|a0.001|lr0.0003,0.6349,0.6522,0.5556,0.6349,0.52
K125|ENN4|s42|a0.0001|lr0.001,0.6349,0.6522,0.5794,0.6349,0.57
K125|ENN4|s42|a0.0001|lr0.0005,0.6349,0.6522,0.5556,0.6349,0.54
K108|ENN4|s33|a0.0001|lr0.0005,0.6349,0.6522,0.5952,0.6349,0.715
K108|ENN4|s33|a0.0001|lr0.0003,0.6349,0.6522,0.6032,0.6349,0.72
K100|ENN2|s99|a0.01|lr0.0003,0.6349,0.6522,0.5476,0.6349,0.6
K108|ENN4|s33|a0.05|lr0.0003,0.6349,0.6522,0.6032,0.6349,0.72
K108|ENN4|s33|a0.01|lr0.0005,0.6349,0.6522,0.5952,0.6349,0.715
K108|ENN4|s33|a0.01|lr0.0003,0.6349,0.6522,0.5952,0.6349,0.7
K108|ENN4|s33|a0.001|lr0.0005,0.6349,0.6522,0.5952,0.6349,0.715
K105|ENN2|s0|a0.01|lr0.001,0.6349,0.6522,0.5556,0.6349,0.8
K105|ENN2|s0|a0.01|lr0.0005,0.6349,0.6522,0.5476,0.6349,0.8
K125|ENN4|s42|a0.05|lr0.001,0.6349,0.6522,0.5794,0.6349,0.57
K125|ENN4|s42|a0.05|lr0.0005,0.6349,0.6522,0.5556,0.6349,0.54
K125|ENN4|s42|a0.05|lr0.0003,0.6349,0.6522,0.5556,0.6349,0.52
K105|ENN5|s7|a0.01|lr0.0005,0.6349,0.6522,0.5556,0.6349,0.665
K105|ENN5|s7|a0.01|lr0.0003,0.6349,0.6522,0.5556,0.6349,0.66
K105|ENN5|s7|a0.001|lr0.0005,0.6349,0.6522,0.5556,0.6349,0.665
K105|ENN5|s7|a0.001|lr0.0003,0.6349,0.6522,0.5476,0.6349,0.66
K105|ENN2|s0|a0.001|lr0.001,0.6349,0.6522,0.5556,0.6349,0.8
K105|ENN2|s0|a0.001|lr0.0005,0.6349,0.6522,0.5476,0.6349,0.8
K105|ENN2|s0|a0.0001|lr0.001,0.6349,0.6522,0.5556,0.6349,0.805
K125|ENN3|s33|a0.05|lr0.001,0.6349,0.6522,0.6032,0.6349,0.745
K115|ENN5|s42|a0.05|lr0.0003,0.6349,0.6522,0.5556,0.6349,0.6
K115|ENN5|s42|a0.01|lr0.0003,0.6349,0.6522,0.5556,0.6349,0.6
K115|ENN5|s42|a0.001|lr0.0003,0.6349,0.6522,0.5556,0.6349,0.6
K108|ENN5|s33|a0.001|lr0.0005,0.6349,0.6522,0.6032,0.6349,0.94
K108|ENN5|s33|a0.0001|lr0.0005,0.6349,0.6522,0.6032,0.6349,0.94
K130|ENN5|s42|a0.05|lr0.0005,0.6349,0.6522,0.5952,0.6349,0.93
K130|ENN5|s42|a0.01|lr0.0005,0.6349,0.6522,0.5873,0.6349,0.93
K130|ENN5|s42|a0.001|lr0.0005,0.6349,0.6522,0.5873,0.6349,0.935
K130|ENN5|s42|a0.0001|lr0.0005,0.6349,0.6522,0.5873,0.6349,0.935
K108|ENN5|s33|a0.05|lr0.001,0.6349,0.6522,0.5952,0.6349,0.945
K90|ENN5|s0|a0.05|lr0.001,0.6349,0.6522,0.6111,0.6349,0.945
K111|ENN2|s99|a0.05|lr0.0003,0.6349,0.6522,0.6111,0.6349,0.585
K111|ENN2|s99|a0.01|lr0.0003,0.6349,0.6522,0.6111,0.6349,0.585
K111|ENN2|s99|a0.001|lr0.0003,0.6349,0.6522,0.6111,0.6349,0.585
K111|ENN2|s99|a0.0001|lr0.0003,0.6349,0.6522,0.6111,0.6349,0.585
K100|ENN2|s7|a0.05|lr0.0005,0.6349,0.6522,0.5873,0.6349,0.625
K125|ENN3|s33|a0.01|lr0.001,0.6349,0.6522,0.6111,0.6349,0.745
K125|ENN3|s33|a0.001|lr0.001,0.6349,0.6522,0.6111,0.6349,0.745
K125|ENN3|s33|a0.0001|lr0.001,0.6349,0.6522,0.6111,0.6349,0.745
K120|ENN3|s99|a0.0001|lr0.0003,0.6349,0.6522,0.6111,0.6349,0.485
Stack5_metaC10.0,0.6349,0.6522,0.6111,0.6349,0.7
Stack5_metaC1.0,0.6349,0.6522,0.619,0.6349,0.58
Stack3_metaC1.0,0.6349,0.6522,0.6905,0.6349,0.575
Stack3_metaC0.1,0.6349,0.6522,0.6905,0.6349,0.51
K125|ENN4|s42|a0.01|lr0.0005,0.6349,0.6522,0.5556,0.6349,0.54
K125|ENN4|s42|a0.01|lr0.0003,0.6349,0.6522,0.5556,0.6349,0.52
arch200x150x100x50|s21|a0.05|lr0.001,0.6349,0.6522,0.6429,0.6349,0.91
arch200x150x100x50|s21|a0.05|lr0.0005,0.6349,0.6522,0.6429,0.6349,0.89
K95|ENN5|s33|a0.05|lr0.0005,0.6349,0.6522,0.5635,0.6349,0.895
K105|ENN5|s7|a0.05|lr0.0005,0.6349,0.6522,0.5556,0.6349,0.665
K125|ENN4|s42|a0.0001|lr0.0003,0.6349,0.6522,0.5556,0.6349,0.52
K115|ENN4|s21|a0.01|lr0.001,0.6349,0.6522,0.6429,0.6349,0.615
K115|ENN4|s21|a0.01|lr0.0005,0.6349,0.6522,0.6349,0.6349,0.62
K115|ENN4|s21|a0.001|lr0.001,0.6349,0.6522,0.6349,0.6349,0.615
K115|ENN4|s21|a0.001|lr0.0005,0.6349,0.6522,0.6349,0.6349,0.62
K113|ENN5|s33|a0.001|lr0.0003,0.6349,0.6522,0.5556,0.6349,0.51
K125|ENN3|s7|a0.0001|lr0.0003,0.6349,0.6522,0.619,0.6349,0.485
arch200x150x100x50|s21|a0.01|lr0.0005,0.6349,0.6522,0.6349,0.6349,0.895
arch200x150x100x50|s21|a0.01|lr0.0003,0.6349,0.6522,0.6349,0.6349,0.885
arch200x150x100x50|s21|a0.001|lr0.001,0.6349,0.6522,0.619,0.6349,0.93
arch200x150x100x50|s21|a0.001|lr0.0005,0.6349,0.6522,0.6349,0.6349,0.895
arch200x150x100x50|s21|a0.001|lr0.0003,0.6349,0.6522,0.6349,0.6349,0.885
arch200x150x100x50|s21|a0.0001|lr0.001,0.6349,0.6522,0.6349,0.6349,0.915
arch200x150x100x50|s21|a0.0001|lr0.0005,0.6349,0.6522,0.6349,0.6349,0.895
arch200x150x100x50|s21|a0.0001|lr0.0003,0.6349,0.6522,0.6349,0.6349,0.885
K125|ENN3|s7|a0.05|lr0.0003,0.6349,0.6522,0.619,0.6349,0.485
K125|ENN3|s7|a0.001|lr0.0003,0.6349,0.6522,0.619,0.6349,0.485
K109|ENN3|s76|a0.001|lr0.0005,0.6349,0.6522,0.619,0.6349,0.555
K109|ENN3|s76|a0.0001|lr0.0005,0.6349,0.6522,0.619,0.6349,0.555
arch300x150x75x50x25|s7|a0.0001|lr0.0003,0.6349,0.6522,0.619,0.6349,0.52
K95|ENN4|s0|a0.05|lr0.0005,0.6349,0.6522,0.6032,0.6349,0.585
K95|ENN4|s0|a0.01|lr0.0005,0.6349,0.6522,0.6032,0.6349,0.59
arch300x150x75x50x25|s7|a0.001|lr0.0003,0.6349,0.6522,0.619,0.6349,0.52
arch200x150x100x50|s21|a0.05|lr0.0003,0.6349,0.6522,0.6349,0.6349,0.88
arch200x150x100x50|s21|a0.01|lr0.001,0.6349,0.6522,0.6429,0.6349,0.915
K107|ENN4|s7|a0.01|lr0.0003,0.6349,0.6522,0.6032,0.6349,0.805
K112|ENN3|s21|a0.0001|lr0.0003,0.6349,0.6522,0.5873,0.6349,0.59
K120|ENN3|s99|a0.001|lr0.0003,0.6349,0.6522,0.6111,0.6349,0.485
K109|ENN3|s42|a0.001|lr0.001,0.6349,0.6522,0.5873,0.6349,0.935
K109|ENN3|s42|a0.0001|lr0.001,0.6349,0.6522,0.5873,0.6349,0.935
K115|ENN5|s42|a0.0001|lr0.0003,0.6349,0.6522,0.5556,0.6349,0.6
K115|ENN4|s21|a0.05|lr0.001,0.6349,0.6522,0.6349,0.6349,0.615
K115|ENN4|s21|a0.05|lr0.0005,0.6349,0.6522,0.6349,0.6349,0.62
K95|ENN5|s33|a0.01|lr0.001,0.6349,0.6522,0.5635,0.6349,0.935
K95|ENN5|s33|a0.01|lr0.0005,0.6349,0.6522,0.5714,0.6349,0.905
K95|ENN5|s33|a0.001|lr0.0005,0.6349,0.6522,0.5714,0.6349,0.905
K95|ENN5|s33|a0.0001|lr0.0005,0.6349,0.6522,0.5714,0.6349,0.905
K112|ENN3|s21|a0.01|lr0.001,0.6349,0.6522,0.6111,0.6349,0.58
K112|ENN3|s21|a0.01|lr0.0005,0.6349,0.6522,0.6032,0.6349,0.575
K112|ENN3|s21|a0.01|lr0.0003,0.6349,0.6522,0.5873,0.6349,0.59
K112|ENN3|s21|a0.001|lr0.001,0.6349,0.6522,0.6032,0.6349,0.575
K112|ENN3|s21|a0.001|lr0.0005,0.6349,0.6522,0.5873,0.6349,0.59
K112|ENN3|s21|a0.001|lr0.0003,0.6349,0.6522,0.5873,0.6349,0.59
K112|ENN3|s21|a0.0001|lr0.001,0.6349,0.6522,0.6111,0.6349,0.57
K112|ENN3|s21|a0.0001|lr0.0005,0.6349,0.6522,0.5873,0.6349,0.59
K95|ENN3|s0|a0.05|lr0.0003,0.6349,0.6522,0.5476,0.6349,0.555
K107|ENN4|s7|a0.0001|lr0.0003,0.6349,0.6522,0.5952,0.6349,0.805
K109|ENN3|s76|a0.05|lr0.0005,0.6349,0.6522,0.619,0.6349,0.555
K109|ENN3|s76|a0.01|lr0.0005,0.6349,0.6522,0.619,0.6349,0.555
arch512x256x128x64x32|s99|a0.001|lr0.001,0.6349,0.6522,0.6349,0.6349,0.945
arch512x256x128x64x32|s99|a0.0001|lr0.001,0.6349,0.6522,0.6429,0.6349,0.945
K95|ENN3|s0|a0.0001|lr0.0005,0.6349,0.6522,0.5,0.6349,0.545
K95|ENN3|s0|a0.0001|lr0.0003,0.6349,0.6522,0.5635,0.6349,0.555
MFCC_K80_ENN|s13|a0.01,0.6349,0.6522,0.5238,0.6349,0.575
MFCC_K80_ENN|s13|a0.001,0.6349,0.6522,0.5238,0.6349,0.575
arch300x150x75x50x25|s7|a0.05|lr0.0003,0.6349,0.6522,0.6111,0.6349,0.52
arch300x150x75x50x25|s7|a0.01|lr0.0003,0.6349,0.6522,0.619,0.6349,0.52
K95|ENN4|s0|a0.001|lr0.0005,0.6349,0.6522,0.6111,0.6349,0.59
K95|ENN4|s0|a0.0001|lr0.0005,0.6349,0.6522,0.6111,0.6349,0.59
K109|ENN3|s21|a0.001|lr0.0003,0.6349,0.6522,0.5397,0.6349,0.58
K109|ENN3|s21|a0.0001|lr0.0005,0.6349,0.6522,0.5556,0.6349,0.585
K109|ENN3|s21|a0.0001|lr0.0003,0.6349,0.6522,0.5397,0.6349,0.58
arch400x300x200x100|s99|a0.05|lr0.0003,0.6349,0.6522,0.6587,0.6349,0.62
K115|ENN4|s21|a0.0001|lr0.001,0.6349,0.6522,0.6349,0.6349,0.615
K115|ENN4|s21|a0.0001|lr0.0005,0.6349,0.6522,0.6349,0.6349,0.62
K110|ENN4|s21|a0.05|lr0.0005,0.6349,0.6522,0.6349,0.6349,0.535
K110|ENN4|s21|a0.01|lr0.0005,0.6349,0.6522,0.6429,0.6349,0.535
K110|ENN4|s21|a0.001|lr0.0005,0.6349,0.6522,0.6349,0.6349,0.535
K110|ENN4|s21|a0.0001|lr0.0005,0.6349,0.6522,0.6429,0.6349,0.535
MFCC_K80_ENN|s13|a0.05,0.6349,0.6522,0.5238,0.6349,0.575
K112|ENN3|s21|a0.05|lr0.001,0.6349,0.6522,0.6032,0.6349,0.58
K112|ENN3|s21|a0.05|lr0.0005,0.6349,0.6522,0.5873,0.6349,0.595
K112|ENN3|s21|a0.05|lr0.0003,0.6349,0.6522,0.5794,0.6349,0.585
K107|ENN2|s21|a0.05|lr0.001,0.6349,0.6522,0.6032,0.6349,0.605
K120|ENN3|s99|a0.05|lr0.0003,0.6349,0.6522,0.6111,0.6349,0.485
K120|ENN3|s99|a0.01|lr0.0003,0.6349,0.6522,0.6111,0.6349,0.485
K107|ENN2|s21|a0.0001|lr0.001,0.6349,0.6522,0.6032,0.6349,0.605
K107|ENN4|s7|a0.05|lr0.0005,0.6349,0.6522,0.5952,0.6349,0.81
K107|ENN4|s7|a0.05|lr0.0003,0.6349,0.6522,0.5794,0.6349,0.8
arch512x256x128x64x32|s99|a0.05|lr0.001,0.6349,0.6522,0.6349,0.6349,0.945
arch512x256x128x64x32|s99|a0.01|lr0.001,0.6349,0.6522,0.619,0.6349,0.945
K112|ENN4|s21|a0.001|lr0.0005,0.6349,0.6522,0.5397,0.6349,0.875
K112|ENN4|s21|a0.001|lr0.0003,0.6349,0.6522,0.5397,0.6349,0.83
K112|ENN4|s21|a0.0001|lr0.0005,0.6349,0.6522,0.5397,0.6349,0.875
K107|ENN2|s21|a0.01|lr0.001,0.6349,0.6522,0.6032,0.6349,0.605
K107|ENN2|s21|a0.001|lr0.001,0.6349,0.6522,0.6032,0.6349,0.605
K107|ENN3|s21|a0.05|lr0.001,0.6349,0.6522,0.6032,0.6349,0.605
K112|ENN4|s21|a0.0001|lr0.0003,0.6349,0.6522,0.5397,0.6349,0.83
K120|ENN4|s21|a0.05|lr0.0005,0.6349,0.6522,0.5952,0.6349,0.605
K120|ENN4|s21|a0.01|lr0.0005,0.6349,0.6522,0.5952,0.6349,0.605
K120|ENN4|s21|a0.001|lr0.0005,0.6349,0.6522,0.5952,0.6349,0.605
K109|ENN3|s21|a0.05|lr0.0005,0.6349,0.6522,0.5476,0.6349,0.585
K109|ENN3|s21|a0.05|lr0.0003,0.6349,0.6522,0.5397,0.6349,0.58
K109|ENN3|s21|a0.01|lr0.0005,0.6349,0.6522,0.5556,0.6349,0.585
arch400x300x200x100|s99|a0.01|lr0.0003,0.6349,0.6522,0.6587,0.6349,0.625
arch400x300x200x100|s99|a0.001|lr0.0003,0.6349,0.6522,0.6587,0.6349,0.625
arch400x300x200x100|s99|a0.0001|lr0.0003,0.6349,0.6522,0.6587,0.6349,0.625
K120|ENN5|s33|a0.05|lr0.0005,0.6349,0.6522,0.5238,0.6349,0.715
K115|ENN3|s7|a0.05|lr0.0005,0.6349,0.6522,0.5873,0.6349,0.51
K115|ENN3|s7|a0.05|lr0.0003,0.6349,0.6522,0.5873,0.6349,0.515
K120|ENN5|s0|a0.05|lr0.0005,0.6349,0.6522,0.5397,0.6349,0.79
K120|ENN5|s0|a0.05|lr0.0003,0.6349,0.6522,0.5397,0.6349,0.79
K120|ENN5|s0|a0.01|lr0.001,0.6349,0.6522,0.5397,0.6349,0.78
K120|ENN5|s0|a0.01|lr0.0005,0.6349,0.6522,0.5397,0.6349,0.79
K120|ENN5|s0|a0.01|lr0.0003,0.6349,0.6522,0.5397,0.6349,0.79
K120|ENN5|s0|a0.001|lr0.0005,0.6349,0.6522,0.5397,0.6349,0.79
K120|ENN5|s0|a0.001|lr0.0003,0.6349,0.6522,0.5397,0.6349,0.79
K95|ENN2|s76|a0.01|lr0.0003,0.6349,0.6522,0.5952,0.6349,0.56
K95|ENN2|s76|a0.001|lr0.0003,0.6349,0.6522,0.5952,0.6349,0.56
K100|ENN4|s7|a0.01|lr0.0003,0.6349,0.6522,0.5556,0.6349,0.62
K120|ENN5|s33|a0.0001|lr0.001,0.6349,0.6522,0.5159,0.6349,0.7
K109|ENN3|s21|a0.01|lr0.0003,0.6349,0.6522,0.5397,0.6349,0.58
K109|ENN4|s13|a0.0001|lr0.0003,0.6349,0.6522,0.6032,0.6349,0.63
K130|ENN2|s99|a0.01|lr0.001,0.6349,0.6522,0.6111,0.6349,0.855
K130|ENN2|s99|a0.001|lr0.001,0.6349,0.6522,0.6111,0.6349,0.855
K120|ENN2|s21|a0.0001|lr0.001,0.6349,0.6522,0.619,0.6349,0.915
K108|ENN2|s33|a0.05|lr0.0005,0.6349,0.6522,0.5952,0.6349,0.89
K120|ENN2|s21|a0.01|lr0.001,0.6349,0.6522,0.619,0.6349,0.91
K90|ENN4|s99|a0.01|lr0.001,0.6349,0.6522,0.5952,0.6349,0.625
K90|ENN4|s99|a0.001|lr0.001,0.6349,0.6522,0.6032,0.6349,0.625
K90|ENN4|s99|a0.0001|lr0.001,0.6349,0.6522,0.6032,0.6349,0.625
K111|ENN5|s0|a0.01|lr0.0005,0.6349,0.6522,0.5952,0.6349,0.92
K111|ENN5|s0|a0.001|lr0.0005,0.6349,0.6522,0.5952,0.6349,0.92
K130|ENN2|s7|a0.05|lr0.0005,0.6349,0.6522,0.6032,0.6349,0.735
K130|ENN3|s42|a0.05|lr0.0005,0.6349,0.6522,0.5873,0.6349,0.795
K130|ENN3|s42|a0.001|lr0.0005,0.6349,0.6522,0.5714,0.6349,0.795
K100|ENN2|s76|a0.001|lr0.0003,0.6349,0.6522,0.6825,0.6349,0.655
K100|ENN2|s76|a0.0001|lr0.0003,0.6349,0.6522,0.6825,0.6349,0.655
K120|ENN5|s33|a0.05|lr0.001,0.6349,0.6522,0.5159,0.6349,0.7
SpecMFCC_K110_ENN|s76|a0.05,0.6247,0.6957,0.4921,0.631,0.715
SpecMFCC_K110_ENN|s76|a0.01,0.6247,0.6957,0.4921,0.631,0.715
SpecMFCC_K110_ENN|s76|a0.001,0.6247,0.6957,0.4921,0.631,0.715
K95|ENN5|s7|a0.01|lr0.0005,0.6247,0.6957,0.5556,0.631,0.61
K95|ENN5|s7|a0.001|lr0.001,0.6247,0.6957,0.5714,0.631,0.61
K95|ENN5|s7|a0.001|lr0.0005,0.6247,0.6957,0.5556,0.631,0.61
K95|ENN5|s7|a0.0001|lr0.001,0.6247,0.6957,0.5714,0.631,0.61
K95|ENN5|s7|a0.0001|lr0.0005,0.6247,0.6957,0.5556,0.631,0.61
K95|ENN5|s7|a0.05|lr0.001,0.6247,0.6957,0.5635,0.631,0.61
K95|ENN5|s7|a0.05|lr0.0005,0.6247,0.6957,0.5476,0.631,0.61
K95|ENN5|s7|a0.01|lr0.001,0.6247,0.6957,0.5714,0.631,0.61
K100|ENN2|s33|a0.001|lr0.0003,0.6247,0.6957,0.627,0.631,0.685
K100|ENN2|s33|a0.0001|lr0.0005,0.6247,0.6957,0.6429,0.631,0.705
K100|ENN2|s33|a0.0001|lr0.0003,0.6247,0.6957,0.627,0.631,0.685
K100|ENN2|s21|a0.05|lr0.0003,0.6247,0.6957,0.6508,0.631,0.54
K100|ENN2|s21|a0.01|lr0.0003,0.6247,0.6957,0.6508,0.631,0.54
K100|ENN2|s21|a0.001|lr0.0003,0.6247,0.6957,0.6508,0.631,0.54
K100|ENN2|s21|a0.0001|lr0.0003,0.6247,0.6957,0.6508,0.631,0.54
K115|ENN3|s13|a0.001|lr0.001,0.6247,0.6957,0.5476,0.631,0.495
K100|ENN2|s33|a0.05|lr0.0005,0.6247,0.6957,0.6429,0.631,0.705
K100|ENN2|s33|a0.05|lr0.0003,0.6247,0.6957,0.627,0.631,0.685
K100|ENN2|s33|a0.01|lr0.0005,0.6247,0.6957,0.6429,0.631,0.705
K100|ENN2|s33|a0.01|lr0.0003,0.6247,0.6957,0.627,0.631,0.685
K100|ENN2|s33|a0.001|lr0.0005,0.6247,0.6957,0.6429,0.631,0.705
K100|ENN3|s7|a0.05|lr0.0005,0.6247,0.6957,0.5317,0.631,0.685
K100|ENN3|s7|a0.05|lr0.0003,0.6247,0.6957,0.5317,0.631,0.68
K100|ENN3|s7|a0.01|lr0.0005,0.6247,0.6957,0.5317,0.631,0.685
K100|ENN3|s7|a0.01|lr0.0003,0.6247,0.6957,0.5317,0.631,0.68
K100|ENN3|s7|a0.001|lr0.0005,0.6247,0.6957,0.5317,0.631,0.685
K100|ENN3|s7|a0.001|lr0.0003,0.6247,0.6957,0.5397,0.631,0.68
K100|ENN3|s7|a0.0001|lr0.0005,0.6247,0.6957,0.5317,0.631,0.685
K100|ENN3|s7|a0.0001|lr0.0003,0.6247,0.6957,0.5317,0.631,0.68
arch300x150x75x50x25|s0|a0.05|lr0.0003,0.6247,0.6957,0.5317,0.631,0.51
arch300x150x75x50x25|s0|a0.01|lr0.001,0.6247,0.6957,0.5714,0.631,0.525
K115|ENN2|s33|a0.05|lr0.0005,0.6247,0.6957,0.6032,0.631,0.56
K115|ENN2|s33|a0.01|lr0.0005,0.6247,0.6957,0.6032,0.631,0.56
K100|ENN5|s33|a0.05|lr0.0003,0.6247,0.6957,0.619,0.631,0.68
K100|ENN5|s33|a0.01|lr0.0003,0.6247,0.6957,0.619,0.631,0.68
K100|ENN5|s33|a0.001|lr0.0003,0.6247,0.6957,0.619,0.631,0.68
K100|ENN5|s33|a0.0001|lr0.0003,0.6247,0.6957,0.619,0.631,0.68
arch300x150x75x50x25|s13|a0.05|lr0.001,0.6247,0.6957,0.6032,0.631,0.51
arch300x150x75x50x25|s13|a0.05|lr0.0003,0.6247,0.6957,0.6111,0.631,0.485
arch300x150x75x50x25|s13|a0.01|lr0.0003,0.6247,0.6957,0.619,0.631,0.485
arch300x150x75x50x25|s13|a0.001|lr0.0003,0.6247,0.6957,0.6111,0.631,0.485
arch300x150x75x50x25|s13|a0.0001|lr0.0003,0.6247,0.6957,0.6032,0.631,0.485
K95|ENN4|s76|a0.01|lr0.0003,0.6247,0.6957,0.5317,0.631,0.67
K95|ENN4|s76|a0.001|lr0.0003,0.6247,0.6957,0.5317,0.631,0.67
K95|ENN4|s76|a0.0001|lr0.0003,0.6247,0.6957,0.5317,0.631,0.67
K105|ENN2|s33|a0.01|lr0.0003,0.6247,0.6957,0.6349,0.631,0.7
K105|ENN2|s33|a0.001|lr0.0005,0.6247,0.6957,0.6349,0.631,0.7
K105|ENN2|s33|a0.001|lr0.0003,0.6247,0.6957,0.6349,0.631,0.7
K105|ENN2|s33|a0.0001|lr0.0005,0.6247,0.6957,0.627,0.631,0.7
K105|ENN2|s33|a0.0001|lr0.0003,0.6247,0.6957,0.6349,0.631,0.7
K105|ENN2|s33|a0.05|lr0.0003,0.6247,0.6957,0.6349,0.631,0.7
arch600x300x150x75|s13|a0.05|lr0.0005,0.6247,0.6957,0.5794,0.631,0.615
K105|ENN5|s7|a0.05|lr0.0003,0.6247,0.6957,0.5556,0.631,0.7
arch600x300x150x75|s13|a0.05|lr0.0003,0.6247,0.6957,0.5873,0.631,0.62
arch600x300x150x75|s13|a0.01|lr0.0005,0.6247,0.6957,0.5794,0.631,0.615
arch600x300x150x75|s13|a0.01|lr0.0003,0.6247,0.6957,0.5952,0.631,0.62
arch600x300x150x75|s13|a0.001|lr0.0005,0.6247,0.6957,0.5794,0.631,0.615
arch600x300x150x75|s13|a0.001|lr0.0003,0.6247,0.6957,0.5873,0.631,0.62
arch600x300x150x75|s13|a0.0001|lr0.0005,0.6247,0.6957,0.5794,0.631,0.615
arch600x300x150x75|s13|a0.0001|lr0.0003,0.6247,0.6957,0.5873,0.631,0.62
K95|ENN4|s42|a0.05|lr0.001,0.6247,0.6957,0.6825,0.631,0.685
K95|ENN4|s42|a0.05|lr0.0003,0.6247,0.6957,0.6508,0.631,0.69
K95|ENN4|s42|a0.01|lr0.001,0.6247,0.6957,0.6905,0.631,0.685
K95|ENN4|s42|a0.01|lr0.0003,0.6247,0.6957,0.6508,0.631,0.69
K95|ENN4|s42|a0.001|lr0.001,0.6247,0.6957,0.6905,0.631,0.685
K95|ENN4|s42|a0.001|lr0.0005,0.6247,0.6957,0.6587,0.631,0.685
K95|ENN4|s42|a0.001|lr0.0003,0.6247,0.6957,0.6508,0.631,0.69
K95|ENN4|s42|a0.0001|lr0.001,0.6247,0.6957,0.6905,0.631,0.685
K95|ENN4|s42|a0.0001|lr0.0005,0.6247,0.6957,0.6587,0.631,0.685
K95|ENN4|s42|a0.0001|lr0.0003,0.6247,0.6957,0.6508,0.631,0.69
arch200x150x100x50|s99|a0.001|lr0.0003,0.6247,0.6957,0.4683,0.631,0.525
arch200x150x100x50|s99|a0.0001|lr0.0005,0.6247,0.6957,0.4921,0.631,0.535
arch200x150x100x50|s99|a0.0001|lr0.0003,0.6247,0.6957,0.4683,0.631,0.525
arch256x128x64x32|s21|a0.05|lr0.0003,0.6247,0.6957,0.6032,0.631,0.59
arch256x128x64x32|s21|a0.01|lr0.0003,0.6247,0.6957,0.6032,0.631,0.59
arch256x128x64x32|s21|a0.001|lr0.0003,0.6247,0.6957,0.6032,0.631,0.59
K107|ENN5|s33|a0.05|lr0.0005,0.6247,0.6957,0.627,0.631,0.925
K107|ENN5|s33|a0.05|lr0.0003,0.6247,0.6957,0.5952,0.631,0.89
K107|ENN5|s33|a0.01|lr0.0005,0.6247,0.6957,0.619,0.631,0.93
K107|ENN5|s33|a0.01|lr0.0003,0.6247,0.6957,0.5952,0.631,0.895
K113|ENN5|s33|a0.001|lr0.0005,0.6247,0.6957,0.5714,0.631,0.54
K113|ENN5|s33|a0.0001|lr0.0005,0.6247,0.6957,0.5714,0.631,0.54
K115|ENN2|s13|a0.05|lr0.001,0.6247,0.6957,0.5397,0.631,0.53
K115|ENN2|s13|a0.05|lr0.0005,0.6247,0.6957,0.5873,0.631,0.73
K107|ENN5|s33|a0.001|lr0.0005,0.6247,0.6957,0.627,0.631,0.93
K107|ENN5|s33|a0.001|lr0.0003,0.6247,0.6957,0.6032,0.631,0.895
K107|ENN5|s33|a0.0001|lr0.0005,0.6247,0.6957,0.6349,0.631,0.925
K107|ENN5|s33|a0.0001|lr0.0003,0.6247,0.6957,0.6032,0.631,0.895
arch256x128x64x32|s21|a0.0001|lr0.0003,0.6247,0.6957,0.6032,0.631,0.59
K108|ENN3|s76|a0.05|lr0.0003,0.6247,0.6957,0.5952,0.631,0.8
K108|ENN3|s76|a0.05|lr0.001,0.6247,0.6957,0.5952,0.631,0.845
K108|ENN3|s33|a0.05|lr0.001,0.6247,0.6957,0.6111,0.631,0.705
K108|ENN3|s33|a0.01|lr0.001,0.6247,0.6957,0.6111,0.631,0.705
K108|ENN3|s33|a0.001|lr0.001,0.6247,0.6957,0.6111,0.631,0.705
K108|ENN3|s33|a0.0001|lr0.001,0.6247,0.6957,0.6111,0.631,0.705
K113|ENN5|s33|a0.01|lr0.0005,0.6247,0.6957,0.5714,0.631,0.54
K108|ENN5|s76|a0.001|lr0.001,0.6247,0.6957,0.6111,0.631,0.665
K108|ENN5|s76|a0.001|lr0.0005,0.6247,0.6957,0.6111,0.631,0.65
K108|ENN5|s76|a0.0001|lr0.001,0.6247,0.6957,0.6111,0.631,0.665
K108|ENN5|s76|a0.0001|lr0.0005,0.6247,0.6957,0.6032,0.631,0.65
K108|ENN5|s76|a0.05|lr0.001,0.6247,0.6957,0.6111,0.631,0.665
K108|ENN5|s76|a0.05|lr0.0005,0.6247,0.6957,0.6032,0.631,0.65
K108|ENN5|s76|a0.01|lr0.001,0.6247,0.6957,0.6111,0.631,0.665
K108|ENN5|s76|a0.01|lr0.0005,0.6247,0.6957,0.6032,0.631,0.65
K109|ENN2|s42|a0.01|lr0.0003,0.6247,0.6957,0.619,0.631,0.895
K109|ENN2|s33|a0.05|lr0.0003,0.6247,0.6957,0.5873,0.631,0.55
K109|ENN2|s33|a0.01|lr0.001,0.6247,0.6957,0.6349,0.631,0.58
K109|ENN2|s33|a0.01|lr0.0003,0.6247,0.6957,0.6032,0.631,0.55
K109|ENN2|s33|a0.001|lr0.001,0.6247,0.6957,0.6349,0.631,0.58
K109|ENN2|s33|a0.001|lr0.0003,0.6247,0.6957,0.6032,0.631,0.55
K109|ENN2|s33|a0.0001|lr0.001,0.6247,0.6957,0.6349,0.631,0.58
K109|ENN2|s33|a0.0001|lr0.0003,0.6247,0.6957,0.6032,0.631,0.55
K109|ENN3|s42|a0.05|lr0.0003,0.6247,0.6957,0.5556,0.631,0.62
K109|ENN3|s42|a0.01|lr0.0003,0.6247,0.6957,0.5556,0.631,0.62
K109|ENN3|s42|a0.001|lr0.0003,0.6247,0.6957,0.5556,0.631,0.62
K109|ENN3|s42|a0.0001|lr0.0003,0.6247,0.6957,0.5556,0.631,0.62
K109|ENN2|s33|a0.05|lr0.001,0.6247,0.6957,0.6349,0.631,0.58
K109|ENN3|s7|a0.0001|lr0.0005,0.6247,0.6957,0.5714,0.631,0.565
K109|ENN3|s7|a0.0001|lr0.0003,0.6247,0.6957,0.5238,0.631,0.56
K109|ENN3|s21|a0.001|lr0.0005,0.6247,0.6957,0.5556,0.631,0.62
K109|ENN3|s7|a0.05|lr0.0005,0.6247,0.6957,0.5714,0.631,0.565
K109|ENN3|s7|a0.05|lr0.0003,0.6247,0.6957,0.5238,0.631,0.565
K109|ENN3|s7|a0.01|lr0.0005,0.6247,0.6957,0.5714,0.631,0.565
K109|ENN3|s7|a0.01|lr0.0003,0.6247,0.6957,0.5238,0.631,0.56
K109|ENN3|s7|a0.001|lr0.0005,0.6247,0.6957,0.5714,0.631,0.565
K109|ENN3|s7|a0.001|lr0.0003,0.6247,0.6957,0.5238,0.631,0.56
K109|ENN4|s42|a0.05|lr0.0003,0.6247,0.6957,0.5397,0.631,0.62
K113|ENN5|s7|a0.05|lr0.0005,0.6247,0.6957,0.5397,0.631,0.51
K113|ENN5|s7|a0.01|lr0.0005,0.6247,0.6957,0.5397,0.631,0.51
K109|ENN4|s42|a0.01|lr0.0003,0.6247,0.6957,0.5397,0.631,0.62
K109|ENN4|s42|a0.001|lr0.0003,0.6247,0.6957,0.5397,0.631,0.62
K109|ENN4|s42|a0.0001|lr0.0003,0.6247,0.6957,0.5397,0.631,0.62
K109|ENN4|s7|a0.0001|lr0.0003,0.6247,0.6957,0.5159,0.631,0.56
K109|ENN4|s7|a0.05|lr0.0003,0.6247,0.6957,0.5159,0.631,0.56
K109|ENN4|s7|a0.01|lr0.0003,0.6247,0.6957,0.5159,0.631,0.56
K109|ENN4|s7|a0.001|lr0.0003,0.6247,0.6957,0.5159,0.631,0.56
K109|ENN5|s42|a0.05|lr0.0003,0.6247,0.6957,0.5238,0.631,0.62
K109|ENN5|s42|a0.01|lr0.0003,0.6247,0.6957,0.5238,0.631,0.62
K109|ENN5|s42|a0.001|lr0.0003,0.6247,0.6957,0.5238,0.631,0.62
K109|ENN5|s42|a0.0001|lr0.0003,0.6247,0.6957,0.5238,0.631,0.62
K109|ENN5|s76|a0.001|lr0.0005,0.6247,0.6957,0.6032,0.631,0.6
K109|ENN5|s76|a0.0001|lr0.0005,0.6247,0.6957,0.6032,0.631,0.6
K113|ENN5|s7|a0.001|lr0.0005,0.6247,0.6957,0.5397,0.631,0.51
K113|ENN5|s7|a0.0001|lr0.0005,0.6247,0.6957,0.5397,0.631,0.51
K109|ENN5|s76|a0.05|lr0.0005,0.6247,0.6957,0.6032,0.631,0.6
K109|ENN5|s76|a0.01|lr0.0005,0.6247,0.6957,0.6032,0.631,0.6
K109|ENN5|s7|a0.0001|lr0.0005,0.6247,0.6957,0.5397,0.631,0.57
K109|ENN5|s7|a0.0001|lr0.0003,0.6247,0.6957,0.5079,0.631,0.565
K109|ENN5|s7|a0.05|lr0.0005,0.6247,0.6957,0.5397,0.631,0.57
K109|ENN5|s7|a0.05|lr0.0003,0.6247,0.6957,0.5079,0.631,0.565
K109|ENN5|s7|a0.01|lr0.0005,0.6247,0.6957,0.5397,0.631,0.57
K109|ENN5|s7|a0.01|lr0.0003,0.6247,0.6957,0.5079,0.631,0.565
K109|ENN5|s7|a0.001|lr0.0005,0.6247,0.6957,0.5397,0.631,0.57
K109|ENN5|s7|a0.001|lr0.0003,0.6247,0.6957,0.5079,0.631,0.565
arch400x200x100x50|s13|a0.05|lr0.0003,0.6247,0.6957,0.5873,0.631,0.67
arch400x200x100x50|s13|a0.01|lr0.0003,0.6247,0.6957,0.5873,0.631,0.67
arch400x200x100x50|s13|a0.001|lr0.0003,0.6247,0.6957,0.5873,0.631,0.67
arch400x200x100x50|s13|a0.0001|lr0.0003,0.6247,0.6957,0.5873,0.631,0.67
K110|ENN3|s21|a0.001|lr0.001,0.6247,0.6957,0.6587,0.631,0.67
K110|ENN3|s21|a0.001|lr0.0005,0.6247,0.6957,0.6429,0.631,0.66
K110|ENN3|s21|a0.001|lr0.0003,0.6247,0.6957,0.6111,0.631,0.655
K110|ENN3|s21|a0.0001|lr0.001,0.6247,0.6957,0.6587,0.631,0.67
K110|ENN3|s21|a0.0001|lr0.0005,0.6247,0.6957,0.6429,0.631,0.66
K110|ENN3|s21|a0.0001|lr0.0003,0.6247,0.6957,0.6111,0.631,0.655
K110|ENN3|s21|a0.05|lr0.0005,0.6247,0.6957,0.6429,0.631,0.66
K110|ENN3|s21|a0.05|lr0.0003,0.6247,0.6957,0.619,0.631,0.655
K110|ENN3|s21|a0.01|lr0.0005,0.6247,0.6957,0.6429,0.631,0.66
K110|ENN3|s21|a0.01|lr0.0003,0.6247,0.6957,0.619,0.631,0.655
arch300x150x75x25|s76|a0.05|lr0.0005,0.6247,0.6957,0.5,0.631,0.57
arch300x150x75x25|s76|a0.05|lr0.0003,0.6247,0.6957,0.5,0.631,0.565
K110|ENN4|s13|a0.0001|lr0.0005,0.6247,0.6957,0.5079,0.631,0.575
K110|ENN4|s13|a0.05|lr0.001,0.6247,0.6957,0.4048,0.631,0.61
K110|ENN4|s13|a0.05|lr0.0005,0.6247,0.6957,0.5,0.631,0.575
K110|ENN4|s13|a0.01|lr0.001,0.6247,0.6957,0.4127,0.631,0.61
K110|ENN4|s13|a0.01|lr0.0005,0.6247,0.6957,0.5079,0.631,0.575
K110|ENN4|s13|a0.001|lr0.001,0.6247,0.6957,0.4127,0.631,0.61
K110|ENN4|s13|a0.001|lr0.0005,0.6247,0.6957,0.5079,0.631,0.575
K110|ENN4|s13|a0.0001|lr0.001,0.6247,0.6957,0.4127,0.631,0.61
K110|ENN4|s99|a0.01|lr0.0005,0.6247,0.6957,0.6429,0.631,0.73
K110|ENN4|s99|a0.001|lr0.0005,0.6247,0.6957,0.6429,0.631,0.73
arch300x150x75x25|s76|a0.01|lr0.0005,0.6247,0.6957,0.5,0.631,0.565
arch300x150x75x25|s76|a0.01|lr0.0003,0.6247,0.6957,0.5079,0.631,0.565
arch300x150x75x25|s76|a0.001|lr0.0005,0.6247,0.6957,0.5079,0.631,0.565
arch300x150x75x25|s76|a0.001|lr0.0003,0.6247,0.6957,0.5079,0.631,0.565
arch300x150x75x25|s76|a0.0001|lr0.0005,0.6247,0.6957,0.5079,0.631,0.57
arch300x150x75x25|s76|a0.0001|lr0.0003,0.6247,0.6957,0.5079,0.631,0.565
K110|ENN4|s21|a0.05|lr0.001,0.6247,0.6957,0.6825,0.631,0.625
K110|ENN4|s21|a0.05|lr0.0003,0.6247,0.6957,0.6032,0.631,0.575
K110|ENN4|s21|a0.01|lr0.001,0.6247,0.6957,0.6667,0.631,0.625
K110|ENN4|s21|a0.01|lr0.0003,0.6247,0.6957,0.6111,0.631,0.575
K110|ENN4|s21|a0.001|lr0.001,0.6247,0.6957,0.6667,0.631,0.625
K110|ENN4|s21|a0.001|lr0.0003,0.6247,0.6957,0.6111,0.631,0.575
K110|ENN4|s21|a0.0001|lr0.001,0.6247,0.6957,0.6667,0.631,0.625
K110|ENN4|s21|a0.0001|lr0.0003,0.6247,0.6957,0.6111,0.631,0.575
K115|ENN5|s33|a0.05|lr0.0005,0.6247,0.6957,0.6032,0.631,0.75
K115|ENN5|s33|a0.01|lr0.0005,0.6247,0.6957,0.6032,0.631,0.755
K115|ENN5|s33|a0.001|lr0.0005,0.6247,0.6957,0.6032,0.631,0.75
K115|ENN5|s33|a0.0001|lr0.0005,0.6247,0.6957,0.6032,0.631,0.75
K110|ENN5|s21|a0.001|lr0.001,0.6247,0.6957,0.6032,0.631,0.555
K110|ENN5|s21|a0.0001|lr0.001,0.6247,0.6957,0.6032,0.631,0.555
K110|ENN5|s21|a0.05|lr0.001,0.6247,0.6957,0.5952,0.631,0.555
K110|ENN5|s21|a0.01|lr0.001,0.6247,0.6957,0.6032,0.631,0.555
K130|ENN5|s13|a0.05|lr0.001,0.6247,0.6957,0.5238,0.631,0.565
K130|ENN5|s13|a0.01|lr0.001,0.6247,0.6957,0.5238,0.631,0.565
K130|ENN5|s13|a0.001|lr0.001,0.6247,0.6957,0.5238,0.631,0.565
K130|ENN5|s13|a0.0001|lr0.001,0.6247,0.6957,0.5238,0.631,0.565
K120|ENN2|s76|a0.0001|lr0.0003,0.6247,0.6957,0.619,0.631,0.83
K111|ENN2|s33|a0.01|lr0.0003,0.6247,0.6957,0.5873,0.631,0.63
K111|ENN2|s33|a0.001|lr0.0003,0.6247,0.6957,0.5873,0.631,0.63
K111|ENN2|s33|a0.0001|lr0.0003,0.6247,0.6957,0.5873,0.631,0.63
K111|ENN2|s33|a0.05|lr0.0003,0.6247,0.6957,0.5873,0.631,0.63
K130|ENN4|s13|a0.05|lr0.001,0.6247,0.6957,0.5397,0.631,0.57
K130|ENN4|s13|a0.01|lr0.001,0.6247,0.6957,0.5317,0.631,0.575
K130|ENN4|s13|a0.001|lr0.001,0.6247,0.6957,0.5397,0.631,0.57
K130|ENN4|s13|a0.0001|lr0.001,0.6247,0.6957,0.5397,0.631,0.57
K111|ENN3|s33|a0.05|lr0.0005,0.6247,0.6957,0.6587,0.631,0.67
K111|ENN3|s33|a0.05|lr0.0003,0.6247,0.6957,0.6508,0.631,0.65
K111|ENN3|s33|a0.01|lr0.0005,0.6247,0.6957,0.6587,0.631,0.67
K111|ENN3|s33|a0.01|lr0.0003,0.6247,0.6957,0.6429,0.631,0.65
K111|ENN3|s33|a0.001|lr0.0005,0.6247,0.6957,0.6587,0.631,0.67
K111|ENN3|s33|a0.001|lr0.0003,0.6247,0.6957,0.6429,0.631,0.65
K111|ENN3|s33|a0.0001|lr0.0005,0.6247,0.6957,0.6587,0.631,0.67
K111|ENN3|s33|a0.0001|lr0.0003,0.6247,0.6957,0.6429,0.631,0.65
K120|ENN2|s0|a0.001|lr0.001,0.6247,0.6957,0.5476,0.631,0.82
K120|ENN2|s0|a0.001|lr0.0005,0.6247,0.6957,0.5317,0.631,0.815
K120|ENN2|s0|a0.0001|lr0.001,0.6247,0.6957,0.5476,0.631,0.82
K120|ENN2|s0|a0.0001|lr0.0005,0.6247,0.6957,0.5317,0.631,0.815
K120|ENN2|s76|a0.05|lr0.0005,0.6247,0.6957,0.6032,0.631,0.825
K120|ENN2|s76|a0.05|lr0.0003,0.6247,0.6957,0.6032,0.631,0.84
K120|ENN2|s76|a0.01|lr0.0005,0.6247,0.6957,0.6032,0.631,0.83
K120|ENN2|s76|a0.01|lr0.0003,0.6247,0.6957,0.6032,0.631,0.825
K120|ENN2|s76|a0.001|lr0.0005,0.6247,0.6957,0.6111,0.631,0.83
K120|ENN2|s76|a0.001|lr0.0003,0.6247,0.6957,0.619,0.631,0.825
K120|ENN2|s76|a0.0001|lr0.0005,0.6247,0.6957,0.5952,0.631,0.825
K111|ENN5|s13|a0.001|lr0.0003,0.6247,0.6957,0.5476,0.631,0.935
K111|ENN5|s13|a0.0001|lr0.0003,0.6247,0.6957,0.5476,0.631,0.925
K130|ENN3|s42|a0.01|lr0.0005,0.6247,0.6957,0.5635,0.631,0.935
K130|ENN3|s42|a0.0001|lr0.0005,0.6247,0.6957,0.5794,0.631,0.94
K111|ENN5|s13|a0.05|lr0.0005,0.6247,0.6957,0.5556,0.631,0.94
K111|ENN5|s13|a0.05|lr0.0003,0.6247,0.6957,0.5635,0.631,0.92
K111|ENN5|s13|a0.01|lr0.0003,0.6247,0.6957,0.5476,0.631,0.925
K111|ENN5|s7|a0.001|lr0.001,0.6247,0.6957,0.5714,0.631,0.79
K111|ENN5|s7|a0.0001|lr0.001,0.6247,0.6957,0.5714,0.631,0.79
K111|ENN5|s7|a0.05|lr0.001,0.6247,0.6957,0.5714,0.631,0.79
K111|ENN5|s7|a0.01|lr0.001,0.6247,0.6957,0.5714,0.631,0.79
K112|ENN2|s42|a0.0001|lr0.0005,0.6247,0.6957,0.4841,0.631,0.525
K112|ENN2|s42|a0.0001|lr0.0003,0.6247,0.6957,0.4683,0.631,0.52
K130|ENN2|s13|a0.05|lr0.001,0.6247,0.6957,0.5397,0.631,0.915
K130|ENN2|s13|a0.01|lr0.001,0.6247,0.6957,0.5476,0.631,0.915
K112|ENN2|s42|a0.05|lr0.001,0.6247,0.6957,0.4762,0.631,0.53
K112|ENN2|s42|a0.05|lr0.0005,0.6247,0.6957,0.4841,0.631,0.525
K112|ENN2|s42|a0.01|lr0.0005,0.6247,0.6957,0.4841,0.631,0.525
K112|ENN2|s42|a0.001|lr0.0005,0.6247,0.6957,0.4841,0.631,0.525
K130|ENN2|s13|a0.001|lr0.001,0.6247,0.6957,0.5476,0.631,0.92
K120|ENN2|s0|a0.05|lr0.0005,0.6247,0.6957,0.5317,0.631,0.81
K120|ENN2|s0|a0.01|lr0.001,0.6247,0.6957,0.5476,0.631,0.82
K120|ENN2|s0|a0.01|lr0.0005,0.6247,0.6957,0.5317,0.631,0.81
K130|ENN2|s13|a0.0001|lr0.001,0.6247,0.6957,0.5476,0.631,0.92
K112|ENN2|s0|a0.0001|lr0.0005,0.6247,0.6957,0.5556,0.631,0.64
K112|ENN2|s0|a0.0001|lr0.0003,0.6247,0.6957,0.5,0.631,0.63
K125|ENN5|s33|a0.001|lr0.0005,0.6247,0.6957,0.5079,0.631,0.935
K125|ENN5|s33|a0.0001|lr0.0005,0.6247,0.6957,0.5079,0.631,0.94
K125|ENN5|s99|a0.05|lr0.001,0.6247,0.6957,0.4524,0.631,0.8
K125|ENN5|s99|a0.05|lr0.0005,0.6247,0.6957,0.4524,0.631,0.78
K125|ENN5|s99|a0.05|lr0.0003,0.6247,0.6957,0.4683,0.631,0.78
K125|ENN5|s99|a0.01|lr0.001,0.6247,0.6957,0.4524,0.631,0.8
K125|ENN5|s99|a0.01|lr0.0005,0.6247,0.6957,0.4524,0.631,0.78
K125|ENN5|s99|a0.01|lr0.0003,0.6247,0.6957,0.4603,0.631,0.78
K125|ENN5|s99|a0.001|lr0.001,0.6247,0.6957,0.4603,0.631,0.8
K125|ENN5|s99|a0.001|lr0.0005,0.6247,0.6957,0.4524,0.631,0.78
K125|ENN5|s99|a0.001|lr0.0003,0.6247,0.6957,0.4683,0.631,0.78
K125|ENN5|s99|a0.0001|lr0.001,0.6247,0.6957,0.4603,0.631,0.8
K125|ENN5|s99|a0.0001|lr0.0005,0.6247,0.6957,0.4524,0.631,0.78
K125|ENN5|s99|a0.0001|lr0.0003,0.6247,0.6957,0.4524,0.631,0.78
K120|ENN2|s0|a0.05|lr0.001,0.6247,0.6957,0.5556,0.631,0.82
K112|ENN2|s99|a0.001|lr0.001,0.6247,0.6957,0.5079,0.631,0.845
K112|ENN2|s99|a0.0001|lr0.001,0.6247,0.6957,0.5079,0.631,0.845
K112|ENN2|s0|a0.05|lr0.0005,0.6247,0.6957,0.5476,0.631,0.64
K112|ENN2|s0|a0.05|lr0.0003,0.6247,0.6957,0.5,0.631,0.63
K112|ENN2|s0|a0.01|lr0.0005,0.6247,0.6957,0.5476,0.631,0.64
K112|ENN2|s0|a0.01|lr0.0003,0.6247,0.6957,0.5,0.631,0.63
K112|ENN2|s0|a0.001|lr0.0005,0.6247,0.6957,0.5556,0.631,0.64
K112|ENN2|s0|a0.001|lr0.0003,0.6247,0.6957,0.5,0.631,0.63
K112|ENN2|s99|a0.05|lr0.001,0.6247,0.6957,0.5079,0.631,0.84
K112|ENN2|s99|a0.01|lr0.001,0.6247,0.6957,0.5079,0.631,0.845
K125|ENN3|s33|a0.05|lr0.0005,0.6247,0.6957,0.5794,0.631,0.77
K125|ENN3|s33|a0.05|lr0.0003,0.6247,0.6957,0.5238,0.631,0.755
K125|ENN3|s33|a0.01|lr0.0003,0.6247,0.6957,0.5238,0.631,0.755
K125|ENN3|s33|a0.001|lr0.0003,0.6247,0.6957,0.5238,0.631,0.755
K125|ENN3|s33|a0.0001|lr0.0003,0.6247,0.6957,0.5238,0.631,0.755
K120|ENN2|s21|a0.01|lr0.0005,0.6247,0.6957,0.5238,0.631,0.635
K120|ENN2|s21|a0.001|lr0.0005,0.6247,0.6957,0.5238,0.631,0.635
K120|ENN2|s21|a0.0001|lr0.0005,0.6247,0.6957,0.5238,0.631,0.635
K125|ENN3|s21|a0.001|lr0.0005,0.6247,0.6957,0.5317,0.631,0.745
K120|ENN5|s21|a0.01|lr0.0005,0.6247,0.6957,0.5476,0.631,0.625
K120|ENN5|s21|a0.001|lr0.0005,0.6247,0.6957,0.5476,0.631,0.625
K120|ENN5|s21|a0.0001|lr0.0005,0.6247,0.6957,0.5476,0.631,0.625
K120|ENN5|s99|a0.05|lr0.001,0.6247,0.6957,0.4365,0.631,0.525
K120|ENN5|s99|a0.05|lr0.0005,0.6247,0.6957,0.4286,0.631,0.5
K120|ENN5|s99|a0.05|lr0.0003,0.6247,0.6957,0.4206,0.631,0.515
K120|ENN5|s99|a0.01|lr0.001,0.6247,0.6957,0.4365,0.631,0.525
K120|ENN5|s99|a0.01|lr0.0005,0.6247,0.6957,0.4206,0.631,0.5
K120|ENN5|s99|a0.01|lr0.0003,0.6247,0.6957,0.4206,0.631,0.515
K120|ENN5|s99|a0.001|lr0.001,0.6247,0.6957,0.4365,0.631,0.525
K120|ENN5|s99|a0.001|lr0.0005,0.6247,0.6957,0.4127,0.631,0.5
K120|ENN2|s21|a0.05|lr0.0005,0.6247,0.6957,0.5238,0.631,0.635
K120|ENN5|s99|a0.001|lr0.0003,0.6247,0.6957,0.4206,0.631,0.515
K120|ENN5|s99|a0.0001|lr0.001,0.6247,0.6957,0.4365,0.631,0.525
K120|ENN5|s99|a0.0001|lr0.0005,0.6247,0.6957,0.4127,0.631,0.5
K120|ENN5|s99|a0.0001|lr0.0003,0.6247,0.6957,0.4206,0.631,0.515
K120|ENN5|s0|a0.05|lr0.001,0.6247,0.6957,0.5476,0.631,0.87
K120|ENN5|s76|a0.05|lr0.001,0.6247,0.6957,0.5794,0.631,0.69
K120|ENN5|s76|a0.05|lr0.0003,0.6247,0.6957,0.5635,0.631,0.69
K120|ENN5|s76|a0.01|lr0.001,0.6247,0.6957,0.5873,0.631,0.69
K120|ENN5|s76|a0.01|lr0.0003,0.6247,0.6957,0.5635,0.631,0.69
K112|ENN5|s42|a0.05|lr0.001,0.6247,0.6957,0.5635,0.631,0.725
K120|ENN5|s76|a0.001|lr0.0003,0.6247,0.6957,0.5635,0.631,0.69
K120|ENN5|s76|a0.0001|lr0.0005,0.6247,0.6957,0.5556,0.631,0.69
K120|ENN5|s76|a0.0001|lr0.0003,0.6247,0.6957,0.5635,0.631,0.69
K113|ENN2|s33|a0.001|lr0.0005,0.6247,0.6957,0.6429,0.631,0.535
K113|ENN2|s33|a0.001|lr0.0003,0.6247,0.6957,0.6032,0.631,0.525
K120|ENN4|s21|a0.05|lr0.0003,0.6247,0.6957,0.5238,0.631,0.625
K120|ENN4|s21|a0.01|lr0.0003,0.6247,0.6957,0.5238,0.631,0.625
K120|ENN4|s21|a0.001|lr0.0003,0.6247,0.6957,0.5238,0.631,0.625
K120|ENN4|s21|a0.0001|lr0.0003,0.6247,0.6957,0.5238,0.631,0.625
K120|ENN3|s21|a0.05|lr0.001,0.6247,0.6957,0.5556,0.631,0.655
K120|ENN3|s21|a0.01|lr0.001,0.6247,0.6957,0.5556,0.631,0.655
K120|ENN3|s21|a0.001|lr0.001,0.6247,0.6957,0.5556,0.631,0.655
K120|ENN3|s21|a0.0001|lr0.001,0.6247,0.6957,0.5556,0.631,0.655
K113|ENN2|s33|a0.0001|lr0.001,0.6247,0.6957,0.6587,0.631,0.535
K113|ENN2|s33|a0.0001|lr0.0005,0.6247,0.6957,0.6429,0.631,0.535
K113|ENN2|s33|a0.0001|lr0.0003,0.6247,0.6957,0.6032,0.631,0.525
K113|ENN2|s33|a0.05|lr0.001,0.6247,0.6957,0.6508,0.631,0.535
K113|ENN2|s33|a0.05|lr0.0005,0.6247,0.6957,0.6429,0.631,0.535
K113|ENN2|s33|a0.05|lr0.0003,0.6247,0.6957,0.6032,0.631,0.525
K113|ENN2|s33|a0.01|lr0.001,0.6247,0.6957,0.6587,0.631,0.535
K113|ENN2|s33|a0.01|lr0.0005,0.6247,0.6957,0.6429,0.631,0.535
K113|ENN2|s33|a0.01|lr0.0003,0.6247,0.6957,0.6032,0.631,0.525
K113|ENN2|s33|a0.001|lr0.001,0.6247,0.6957,0.6587,0.631,0.535
Fusion3_K120_ENN|s76|a0.05,0.6247,0.6957,0.5317,0.631,0.53
Fusion3_K120_ENN|s76|a0.01,0.6247,0.6957,0.5317,0.631,0.53
Fusion3_K120_ENN|s76|a0.001,0.6247,0.6957,0.5317,0.631,0.53
Fusion3_K150_ENN|s13|a0.05,0.6247,0.6957,0.6032,0.631,0.605
Fusion3_K150_ENN|s13|a0.01,0.6247,0.6957,0.6032,0.631,0.605
Fusion3_K150_ENN|s13|a0.001,0.6247,0.6957,0.6032,0.631,0.605
K115|ENN3|s7|a0.0001|lr0.0003,0.6167,0.6522,0.5873,0.6151,0.53
SpecMFCC_K110_ENN|s0|a0.05,0.6167,0.6522,0.5794,0.6151,0.64
SpecMFCC_K110_ENN|s0|a0.01,0.6167,0.6522,0.5635,0.6151,0.64
SpecMFCC_K110_ENN|s0|a0.001,0.6167,0.6522,0.5635,0.6151,0.64
K115|ENN3|s7|a0.0001|lr0.0005,0.6167,0.6522,0.5873,0.6151,0.53
K115|ENN3|s7|a0.05|lr0.001,0.6167,0.6522,0.5952,0.6151,0.56
K113|ENN4|s21|a0.01|lr0.0005,0.6167,0.6522,0.5714,0.6151,0.885
K113|ENN4|s21|a0.01|lr0.001,0.6167,0.6522,0.6111,0.6151,0.905
K113|ENN4|s21|a0.05|lr0.0003,0.6167,0.6522,0.5476,0.6151,0.865
K125|ENN5|s7|a0.0001|lr0.0005,0.6167,0.6522,0.5238,0.6151,0.765
K125|ENN5|s7|a0.001|lr0.0005,0.6167,0.6522,0.5238,0.6151,0.765
K125|ENN5|s7|a0.001|lr0.001,0.6167,0.6522,0.5714,0.6151,0.55
K125|ENN5|s7|a0.01|lr0.0005,0.6167,0.6522,0.5159,0.6151,0.765
K125|ENN5|s7|a0.01|lr0.001,0.6167,0.6522,0.5714,0.6151,0.55
K112|ENN2|s76|a0.0001|lr0.0005,0.6167,0.6522,0.6349,0.6151,0.945
K112|ENN2|s76|a0.001|lr0.001,0.6167,0.6522,0.6349,0.6151,0.935
K112|ENN2|s76|a0.01|lr0.001,0.6167,0.6522,0.627,0.6151,0.935
K112|ENN2|s76|a0.05|lr0.0005,0.6167,0.6522,0.6349,0.6151,0.935
K130|ENN2|s13|a0.0001|lr0.0003,0.6167,0.6522,0.5317,0.6151,0.78
K130|ENN2|s13|a0.0001|lr0.0005,0.6167,0.6522,0.5397,0.6151,0.8
K130|ENN2|s13|a0.001|lr0.0003,0.6167,0.6522,0.5317,0.6151,0.775
K90|ENN4|s42|a0.001|lr0.0003,0.6167,0.6522,0.5873,0.6151,0.505
K90|ENN4|s42|a0.01|lr0.0003,0.6167,0.6522,0.5873,0.6151,0.505
K120|ENN4|s42|a0.05|lr0.0003,0.6167,0.6522,0.5476,0.6151,0.54
K100|ENN4|s7|a0.01|lr0.0005,0.6167,0.6522,0.5476,0.6151,0.65
K112|ENN5|s33|a0.05|lr0.001,0.6167,0.6522,0.5556,0.6151,0.695
K112|ENN5|s33|a0.001|lr0.001,0.6167,0.6522,0.5556,0.6151,0.695
K112|ENN5|s33|a0.01|lr0.001,0.6167,0.6522,0.5556,0.6151,0.695
K112|ENN5|s33|a0.0001|lr0.001,0.6167,0.6522,0.5556,0.6151,0.695
K113|ENN4|s21|a0.0001|lr0.0003,0.6167,0.6522,0.5556,0.6151,0.87
K113|ENN4|s21|a0.0001|lr0.0005,0.6167,0.6522,0.5714,0.6151,0.88
K113|ENN4|s21|a0.0001|lr0.001,0.6167,0.6522,0.619,0.6151,0.905
K113|ENN4|s21|a0.001|lr0.0003,0.6167,0.6522,0.5635,0.6151,0.87
K113|ENN4|s21|a0.001|lr0.0005,0.6167,0.6522,0.5714,0.6151,0.88
K113|ENN4|s21|a0.001|lr0.001,0.6167,0.6522,0.5952,0.6151,0.905
K113|ENN4|s21|a0.01|lr0.0003,0.6167,0.6522,0.5635,0.6151,0.87
K130|ENN2|s13|a0.001|lr0.0005,0.6167,0.6522,0.5317,0.6151,0.8
K130|ENN2|s13|a0.01|lr0.0003,0.6167,0.6522,0.5317,0.6151,0.78
K130|ENN2|s13|a0.01|lr0.0005,0.6167,0.6522,0.5317,0.6151,0.805
K130|ENN2|s13|a0.05|lr0.0003,0.6167,0.6522,0.5317,0.6151,0.78
K130|ENN2|s13|a0.05|lr0.0005,0.6167,0.6522,0.5238,0.6151,0.81
K100|ENN4|s7|a0.0001|lr0.0003,0.6167,0.6522,0.5556,0.6151,0.635
K100|ENN4|s7|a0.0001|lr0.0005,0.6167,0.6522,0.5476,0.6151,0.65
K100|ENN4|s7|a0.001|lr0.0003,0.6167,0.6522,0.5556,0.6151,0.635
K100|ENN4|s7|a0.001|lr0.0005,0.6167,0.6522,0.5476,0.6151,0.65
K120|ENN4|s42|a0.0001|lr0.0003,0.6167,0.6522,0.5476,0.6151,0.54
K120|ENN4|s42|a0.0001|lr0.0005,0.6167,0.6522,0.5476,0.6151,0.54
K120|ENN4|s42|a0.001|lr0.0003,0.6167,0.6522,0.5476,0.6151,0.54
K120|ENN4|s42|a0.001|lr0.0005,0.6167,0.6522,0.5476,0.6151,0.54
K120|ENN4|s42|a0.01|lr0.0003,0.6167,0.6522,0.5476,0.6151,0.54
K120|ENN4|s42|a0.01|lr0.0005,0.6167,0.6522,0.5476,0.6151,0.54
K111|ENN5|s13|a0.01|lr0.0005,0.6167,0.6522,0.5397,0.6151,0.915
K111|ENN5|s13|a0.01|lr0.001,0.6167,0.6522,0.5476,0.6151,0.93
K111|ENN5|s13|a0.05|lr0.001,0.6167,0.6522,0.5476,0.6151,0.93
K113|ENN4|s21|a0.05|lr0.0005,0.6167,0.6522,0.5714,0.6151,0.88
K113|ENN4|s21|a0.05|lr0.001,0.6167,0.6522,0.5952,0.6151,0.905
K100|ENN4|s7|a0.05|lr0.0005,0.6167,0.6522,0.5476,0.6151,0.65
K100|ENN4|s7|a0.05|lr0.001,0.6167,0.6522,0.5556,0.6151,0.67
K111|ENN5|s42|a0.0001|lr0.001,0.6167,0.6522,0.5873,0.6151,0.705
K111|ENN5|s42|a0.001|lr0.0003,0.6167,0.6522,0.627,0.6151,0.665
K111|ENN5|s42|a0.001|lr0.0005,0.6167,0.6522,0.6032,0.6151,0.67
K111|ENN5|s42|a0.001|lr0.001,0.6167,0.6522,0.5873,0.6151,0.705
K111|ENN5|s42|a0.01|lr0.0003,0.6167,0.6522,0.627,0.6151,0.665
K111|ENN5|s42|a0.01|lr0.0005,0.6167,0.6522,0.5873,0.6151,0.67
K111|ENN5|s42|a0.01|lr0.001,0.6167,0.6522,0.5714,0.6151,0.7
K111|ENN5|s42|a0.05|lr0.0003,0.6167,0.6522,0.619,0.6151,0.665
K111|ENN5|s42|a0.05|lr0.0005,0.6167,0.6522,0.6032,0.6151,0.67
K111|ENN5|s42|a0.05|lr0.001,0.6167,0.6522,0.5794,0.6151,0.705
K111|ENN5|s13|a0.0001|lr0.0005,0.6167,0.6522,0.5476,0.6151,0.925
K111|ENN5|s13|a0.0001|lr0.001,0.6167,0.6522,0.5476,0.6151,0.93
K111|ENN5|s13|a0.001|lr0.0005,0.6167,0.6522,0.5397,0.6151,0.915
K111|ENN5|s13|a0.001|lr0.001,0.6167,0.6522,0.5476,0.6151,0.93
K111|ENN5|s42|a0.0001|lr0.0003,0.6167,0.6522,0.627,0.6151,0.665
K115|ENN4|s13|a0.0001|lr0.001,0.6167,0.6522,0.4286,0.6151,0.49
K115|ENN4|s13|a0.001|lr0.001,0.6167,0.6522,0.4286,0.6151,0.49
arch300x150x75x50x25|s0|a0.0001|lr0.001,0.6167,0.6522,0.5873,0.6151,0.52
arch300x150x75x50x25|s0|a0.001|lr0.001,0.6167,0.6522,0.5794,0.6151,0.52
K111|ENN5|s42|a0.0001|lr0.0005,0.6167,0.6522,0.6032,0.6151,0.67
K130|ENN4|s42|a0.0001|lr0.0003,0.6167,0.6522,0.5794,0.6151,0.925
K130|ENN4|s42|a0.0001|lr0.0005,0.6167,0.6522,0.5794,0.6151,0.945
K130|ENN4|s42|a0.0001|lr0.001,0.6167,0.6522,0.5952,0.6151,0.945
K130|ENN4|s42|a0.001|lr0.0003,0.6167,0.6522,0.5714,0.6151,0.93
K130|ENN4|s42|a0.001|lr0.0005,0.6167,0.6522,0.5794,0.6151,0.945
K130|ENN4|s42|a0.001|lr0.001,0.6167,0.6522,0.5952,0.6151,0.945
K130|ENN4|s42|a0.01|lr0.0003,0.6167,0.6522,0.5952,0.6151,0.94
K130|ENN4|s42|a0.01|lr0.0005,0.6167,0.6522,0.5794,0.6151,0.945
K130|ENN4|s42|a0.05|lr0.0003,0.6167,0.6522,0.5952,0.6151,0.935
K130|ENN4|s42|a0.05|lr0.0005,0.6167,0.6522,0.5794,0.6151,0.935
K105|ENN4|s21|a0.001|lr0.0003,0.6167,0.6522,0.5635,0.6151,0.5
K105|ENN4|s21|a0.001|lr0.0005,0.6167,0.6522,0.5873,0.6151,0.505
K105|ENN4|s21|a0.001|lr0.001,0.6167,0.6522,0.5794,0.6151,0.505
K105|ENN4|s21|a0.01|lr0.0003,0.6167,0.6522,0.5714,0.6151,0.5
K105|ENN4|s7|a0.0001|lr0.0003,0.6167,0.6522,0.5476,0.6151,0.67
K105|ENN4|s42|a0.05|lr0.0003,0.6167,0.6522,0.6349,0.6151,0.835
K115|ENN2|s7|a0.05|lr0.0003,0.6167,0.6522,0.5873,0.6151,0.555
K115|ENN2|s7|a0.0001|lr0.0003,0.6167,0.6522,0.5873,0.6151,0.555
K115|ENN2|s7|a0.001|lr0.0003,0.6167,0.6522,0.5873,0.6151,0.555
K115|ENN2|s7|a0.01|lr0.0003,0.6167,0.6522,0.5873,0.6151,0.555
arch300x150x75x50x25|s13|a0.001|lr0.0005,0.6167,0.6522,0.6032,0.6151,0.485
arch300x150x75x50x25|s13|a0.01|lr0.0005,0.6167,0.6522,0.5873,0.6151,0.48
arch300x150x75x50x25|s13|a0.05|lr0.0005,0.6167,0.6522,0.6032,0.6151,0.485
K125|ENN3|s0|a0.0001|lr0.001,0.6167,0.6522,0.6349,0.6151,0.84
K125|ENN3|s7|a0.01|lr0.0003,0.6167,0.6522,0.619,0.6151,0.49
K105|ENN4|s21|a0.01|lr0.0005,0.6167,0.6522,0.5873,0.6151,0.505
K105|ENN4|s21|a0.01|lr0.001,0.6167,0.6522,0.5794,0.6151,0.505
K105|ENN4|s21|a0.05|lr0.0003,0.6167,0.6522,0.5714,0.6151,0.5
K105|ENN4|s21|a0.05|lr0.0005,0.6167,0.6522,0.5873,0.6151,0.505
K105|ENN4|s21|a0.05|lr0.001,0.6167,0.6522,0.5714,0.6151,0.505
K105|ENN4|s7|a0.001|lr0.0003,0.6167,0.6522,0.5397,0.6151,0.67
K120|ENN4|s99|a0.0001|lr0.001,0.6167,0.6522,0.5159,0.6151,0.89
K120|ENN4|s99|a0.001|lr0.001,0.6167,0.6522,0.5079,0.6151,0.89
K120|ENN4|s99|a0.01|lr0.001,0.6167,0.6522,0.5079,0.6151,0.89
K120|ENN4|s99|a0.05|lr0.001,0.6167,0.6522,0.5079,0.6151,0.885
K105|ENN4|s7|a0.01|lr0.0003,0.6167,0.6522,0.5397,0.6151,0.67
K105|ENN4|s7|a0.05|lr0.0003,0.6167,0.6522,0.5476,0.6151,0.67
K105|ENN4|s21|a0.0001|lr0.0003,0.6167,0.6522,0.5635,0.6151,0.5
K105|ENN4|s21|a0.0001|lr0.0005,0.6167,0.6522,0.5952,0.6151,0.505
K105|ENN4|s21|a0.0001|lr0.001,0.6167,0.6522,0.5794,0.6151,0.505
K112|ENN4|s76|a0.05|lr0.0003,0.6167,0.6522,0.6111,0.6151,0.54
K112|ENN4|s76|a0.0001|lr0.0003,0.6167,0.6522,0.6111,0.6151,0.54
K130|ENN5|s76|a0.0001|lr0.0005,0.6167,0.6522,0.5079,0.6151,0.475
K130|ENN5|s76|a0.001|lr0.0005,0.6167,0.6522,0.5079,0.6151,0.475
K130|ENN5|s76|a0.01|lr0.0005,0.6167,0.6522,0.5079,0.6151,0.475
K130|ENN5|s76|a0.05|lr0.0005,0.6167,0.6522,0.5079,0.6151,0.475
K112|ENN4|s76|a0.001|lr0.0003,0.6167,0.6522,0.6111,0.6151,0.54
K105|ENN5|s21|a0.01|lr0.001,0.6167,0.6522,0.6032,0.6151,0.515
K105|ENN5|s21|a0.05|lr0.001,0.6167,0.6522,0.6032,0.6151,0.515
K105|ENN5|s21|a0.0001|lr0.0005,0.6167,0.6522,0.5794,0.6151,0.51
K105|ENN5|s21|a0.0001|lr0.001,0.6167,0.6522,0.6032,0.6151,0.515
K105|ENN5|s21|a0.001|lr0.0005,0.6167,0.6522,0.5794,0.6151,0.51
K105|ENN5|s21|a0.001|lr0.001,0.6167,0.6522,0.6032,0.6151,0.515
K112|ENN4|s76|a0.01|lr0.0003,0.6167,0.6522,0.6111,0.6151,0.54
K130|ENN5|s21|a0.0001|lr0.001,0.6167,0.6522,0.619,0.6151,0.945
K130|ENN5|s21|a0.05|lr0.001,0.6167,0.6522,0.619,0.6151,0.945
K125|ENN3|s42|a0.0001|lr0.001,0.6167,0.6522,0.6667,0.6151,0.93
K125|ENN3|s42|a0.001|lr0.001,0.6167,0.6522,0.6667,0.6151,0.93
K125|ENN3|s42|a0.01|lr0.001,0.6167,0.6522,0.6667,0.6151,0.93
K125|ENN3|s42|a0.05|lr0.001,0.6167,0.6522,0.6429,0.6151,0.93
K125|ENN3|s13|a0.0001|lr0.0003,0.6167,0.6522,0.5873,0.6151,0.53
K125|ENN3|s13|a0.001|lr0.0003,0.6167,0.6522,0.5873,0.6151,0.53
K125|ENN3|s13|a0.01|lr0.0003,0.6167,0.6522,0.5873,0.6151,0.53
K125|ENN3|s13|a0.05|lr0.0003,0.6167,0.6522,0.5873,0.6151,0.53
K107|ENN3|s42|a0.0001|lr0.001,0.6167,0.6522,0.5794,0.6151,0.6
K112|ENN5|s76|a0.001|lr0.0005,0.6167,0.6522,0.5635,0.6151,0.925
K107|ENN3|s42|a0.001|lr0.0005,0.6167,0.6522,0.5952,0.6151,0.595
K107|ENN3|s42|a0.001|lr0.001,0.6167,0.6522,0.5794,0.6151,0.6
K107|ENN3|s42|a0.01|lr0.0005,0.6167,0.6522,0.5952,0.6151,0.595
K107|ENN3|s42|a0.01|lr0.001,0.6167,0.6522,0.5794,0.6151,0.6
K95|ENN2|s76|a0.001|lr0.0005,0.6167,0.6522,0.5873,0.6151,0.55
K95|ENN2|s76|a0.0001|lr0.0005,0.6167,0.6522,0.5873,0.6151,0.55
K115|ENN5|s99|a0.05|lr0.0003,0.6167,0.6522,0.6349,0.6151,0.59
K112|ENN5|s76|a0.01|lr0.0005,0.6167,0.6522,0.5714,0.6151,0.925
K112|ENN5|s76|a0.05|lr0.0005,0.6167,0.6522,0.5635,0.6151,0.92
K107|ENN3|s42|a0.0001|lr0.0005,0.6167,0.6522,0.5952,0.6151,0.595
K109|ENN4|s13|a0.001|lr0.0005,0.6167,0.6522,0.6032,0.6151,0.695
K109|ENN4|s13|a0.01|lr0.0005,0.6167,0.6522,0.6032,0.6151,0.695
K109|ENN4|s13|a0.05|lr0.0005,0.6167,0.6522,0.6032,0.6151,0.695
K109|ENN4|s13|a0.0001|lr0.0005,0.6167,0.6522,0.6032,0.6151,0.695
K109|ENN3|s42|a0.01|lr0.001,0.6167,0.6522,0.5873,0.6151,0.945
K109|ENN3|s42|a0.05|lr0.001,0.6167,0.6522,0.5794,0.6151,0.94
K115|ENN5|s42|a0.0001|lr0.0005,0.6167,0.6522,0.5397,0.6151,0.62
K115|ENN5|s42|a0.001|lr0.0005,0.6167,0.6522,0.5397,0.6151,0.62
K115|ENN5|s42|a0.05|lr0.0005,0.6167,0.6522,0.5397,0.6151,0.62
K109|ENN2|s21|a0.01|lr0.0003,0.6167,0.6522,0.5714,0.6151,0.59
K109|ENN2|s21|a0.05|lr0.0003,0.6167,0.6522,0.5714,0.6151,0.59
K109|ENN2|s21|a0.0001|lr0.0003,0.6167,0.6522,0.5714,0.6151,0.59
K109|ENN2|s21|a0.001|lr0.0003,0.6167,0.6522,0.5714,0.6151,0.59
K90|ENN2|s21|a0.0001|lr0.0005,0.6167,0.6522,0.6825,0.6151,0.565
K90|ENN2|s21|a0.001|lr0.0005,0.6167,0.6522,0.6825,0.6151,0.565
K112|ENN5|s42|a0.0001|lr0.0003,0.6167,0.6522,0.5397,0.6151,0.62
K112|ENN5|s42|a0.0001|lr0.0005,0.6167,0.6522,0.5476,0.6151,0.61
K112|ENN5|s42|a0.001|lr0.0003,0.6167,0.6522,0.5397,0.6151,0.62
K112|ENN5|s42|a0.001|lr0.0005,0.6167,0.6522,0.5476,0.6151,0.61
K112|ENN5|s42|a0.01|lr0.0003,0.6167,0.6522,0.5476,0.6151,0.61
K112|ENN5|s42|a0.01|lr0.0005,0.6167,0.6522,0.5556,0.6151,0.61
arch300x200x100x50x25|s7|a0.0001|lr0.001,0.6167,0.6522,0.627,0.6151,0.94
arch300x200x100x50x25|s7|a0.001|lr0.001,0.6167,0.6522,0.627,0.6151,0.94
arch300x200x100x50x25|s7|a0.01|lr0.001,0.6167,0.6522,0.627,0.6151,0.94
K108|ENN4|s0|a0.0001|lr0.0005,0.6167,0.6522,0.4603,0.6151,0.55
K108|ENN4|s0|a0.001|lr0.0005,0.6167,0.6522,0.4603,0.6151,0.55
K108|ENN4|s0|a0.01|lr0.0005,0.6167,0.6522,0.4603,0.6151,0.55
K108|ENN4|s0|a0.05|lr0.0005,0.6167,0.6522,0.4603,0.6151,0.55
K115|ENN4|s21|a0.001|lr0.0003,0.6167,0.6522,0.6429,0.6151,0.64
K120|ENN5|s0|a0.0001|lr0.001,0.6167,0.6522,0.5397,0.6151,0.805
K120|ENN5|s0|a0.001|lr0.001,0.6167,0.6522,0.5397,0.6151,0.805
K115|ENN4|s21|a0.0001|lr0.0003,0.6167,0.6522,0.6429,0.6151,0.64
K90|ENN2|s21|a0.01|lr0.0005,0.6167,0.6522,0.6825,0.6151,0.565
K120|ENN5|s76|a0.0001|lr0.001,0.6167,0.6522,0.5873,0.6151,0.66
K112|ENN5|s42|a0.05|lr0.0003,0.6167,0.6522,0.5476,0.6151,0.61
K112|ENN5|s42|a0.05|lr0.0005,0.6167,0.6522,0.5556,0.6151,0.61
K115|ENN4|s21|a0.01|lr0.0003,0.6167,0.6522,0.6429,0.6151,0.64
K115|ENN4|s21|a0.05|lr0.0003,0.6167,0.6522,0.6508,0.6151,0.64
K120|ENN5|s33|a0.0001|lr0.0003,0.6167,0.6522,0.5238,0.6151,0.75
K120|ENN5|s33|a0.001|lr0.0003,0.6167,0.6522,0.5238,0.6151,0.75
K120|ENN5|s33|a0.01|lr0.0003,0.6167,0.6522,0.5238,0.6151,0.75
arch300x200x100x50x25|s7|a0.05|lr0.001,0.6167,0.6522,0.627,0.6151,0.94
arch256x128x64x32|s13|a0.001|lr0.001,0.6167,0.6522,0.6905,0.6151,0.945
K108|ENN2|s42|a0.001|lr0.001,0.6167,0.6522,0.6429,0.6151,0.92
K115|ENN3|s7|a0.01|lr0.001,0.6167,0.6522,0.5952,0.6151,0.56
K115|ENN3|s7|a0.0001|lr0.001,0.6167,0.6522,0.5952,0.6151,0.56
K125|ENN5|s13|a0.0001|lr0.0003,0.6167,0.6522,0.5159,0.6151,0.71
K125|ENN5|s13|a0.0001|lr0.0005,0.6167,0.6522,0.5238,0.6151,0.755
K125|ENN5|s13|a0.0001|lr0.001,0.6167,0.6522,0.5079,0.6151,0.8
K125|ENN5|s13|a0.001|lr0.0003,0.6167,0.6522,0.5238,0.6151,0.71
K125|ENN5|s13|a0.001|lr0.0005,0.6167,0.6522,0.5238,0.6151,0.755
K125|ENN5|s13|a0.001|lr0.001,0.6167,0.6522,0.5159,0.6151,0.775
K125|ENN5|s13|a0.01|lr0.0003,0.6167,0.6522,0.5159,0.6151,0.71
K125|ENN5|s13|a0.01|lr0.0005,0.6167,0.6522,0.5238,0.6151,0.74
K125|ENN5|s13|a0.01|lr0.001,0.6167,0.6522,0.5079,0.6151,0.8
K125|ENN5|s13|a0.05|lr0.0003,0.6167,0.6522,0.5238,0.6151,0.71
K125|ENN5|s13|a0.05|lr0.0005,0.6167,0.6522,0.5238,0.6151,0.74
K125|ENN5|s13|a0.05|lr0.001,0.6167,0.6522,0.5079,0.6151,0.8
MFCC_K150_ENN|s13|a0.001,0.6167,0.6522,0.5159,0.6151,0.79
MFCC_K150_ENN|s13|a0.01,0.6167,0.6522,0.5159,0.6151,0.79
MFCC_K150_ENN|s13|a0.05,0.6167,0.6522,0.5159,0.6151,0.79
K115|ENN3|s7|a0.001|lr0.0003,0.6167,0.6522,0.5873,0.6151,0.53
K115|ENN3|s7|a0.001|lr0.0005,0.6167,0.6522,0.5873,0.6151,0.53
K115|ENN3|s7|a0.001|lr0.001,0.6167,0.6522,0.5952,0.6151,0.56
K115|ENN3|s7|a0.01|lr0.0003,0.6167,0.6522,0.5873,0.6151,0.53
K115|ENN3|s7|a0.01|lr0.0005,0.6167,0.6522,0.5873,0.6151,0.53
K108|ENN2|s33|a0.05|lr0.001,0.6087,0.6087,0.5794,0.6389,0.67
K108|ENN2|s21|a0.01|lr0.001,0.6087,0.6087,0.6032,0.6389,0.245
K108|ENN2|s21|a0.05|lr0.001,0.6087,0.6087,0.6111,0.6389,0.255
K112|ENN5|s13|a0.05|lr0.0003,0.6087,0.6087,0.5635,0.6389,0.495
K113|ENN2|s7|a0.05|lr0.001,0.6087,0.6087,0.5397,0.6389,0.52
K108|ENN2|s33|a0.0001|lr0.001,0.6087,0.6087,0.5952,0.6389,0.665
K100|ENN2|s99|a0.001|lr0.001,0.6087,0.6087,0.5952,0.6389,0.905
K113|ENN3|s0|a0.0001|lr0.0003,0.6087,0.6087,0.5952,0.6389,0.46
K113|ENN3|s0|a0.001|lr0.0003,0.6087,0.6087,0.5952,0.6389,0.46
K113|ENN3|s0|a0.01|lr0.0003,0.6087,0.6087,0.5952,0.6389,0.46
K113|ENN3|s0|a0.05|lr0.0003,0.6087,0.6087,0.5952,0.6389,0.46
K95|ENN2|s7|a0.01|lr0.0005,0.6087,0.6087,0.6429,0.6389,0.94
arch256x128x64x32|s13|a0.0001|lr0.001,0.6087,0.6087,0.6905,0.6389,0.835
K108|ENN3|s0|a0.0001|lr0.0003,0.6087,0.6087,0.6032,0.6389,0.54
K108|ENN3|s0|a0.001|lr0.0003,0.6087,0.6087,0.6032,0.6389,0.54
K108|ENN3|s0|a0.01|lr0.0003,0.6087,0.6087,0.6032,0.6389,0.54
K108|ENN3|s0|a0.05|lr0.0003,0.6087,0.6087,0.6032,0.6389,0.54
K100|ENN2|s99|a0.01|lr0.001,0.6087,0.6087,0.6032,0.6389,0.905
K130|ENN2|s33|a0.0001|lr0.0003,0.6087,0.6087,0.5635,0.6389,0.675
K130|ENN2|s33|a0.0001|lr0.0005,0.6087,0.6087,0.619,0.6389,0.67
K130|ENN2|s33|a0.001|lr0.0003,0.6087,0.6087,0.5714,0.6389,0.675
K130|ENN2|s33|a0.001|lr0.0005,0.6087,0.6087,0.619,0.6389,0.67
K130|ENN2|s33|a0.01|lr0.0003,0.6087,0.6087,0.5635,0.6389,0.675
K130|ENN2|s33|a0.01|lr0.0005,0.6087,0.6087,0.619,0.6389,0.67
K130|ENN2|s33|a0.05|lr0.0003,0.6087,0.6087,0.5714,0.6389,0.675
K130|ENN2|s33|a0.05|lr0.0005,0.6087,0.6087,0.627,0.6389,0.67
K108|ENN5|s99|a0.01|lr0.001,0.6087,0.6087,0.5635,0.6389,0.51
K108|ENN5|s99|a0.05|lr0.0003,0.6087,0.6087,0.5556,0.6389,0.5
K108|ENN5|s99|a0.05|lr0.001,0.6087,0.6087,0.5635,0.6389,0.51
K112|ENN5|s76|a0.0001|lr0.0003,0.6087,0.6087,0.5635,0.6389,0.66
K95|ENN4|s0|a0.0001|lr0.001,0.6087,0.6087,0.5714,0.6389,0.9
K120|ENN4|s76|a0.001|lr0.001,0.6087,0.6087,0.5873,0.6389,0.535
K120|ENN4|s76|a0.05|lr0.001,0.6087,0.6087,0.5794,0.6389,0.535
K111|ENN2|s33|a0.05|lr0.0005,0.6087,0.6087,0.5952,0.6389,0.5
K111|ENN2|s33|a0.0001|lr0.0005,0.6087,0.6087,0.5873,0.6389,0.5
K111|ENN2|s33|a0.001|lr0.0005,0.6087,0.6087,0.5952,0.6389,0.505
K111|ENN2|s33|a0.01|lr0.0005,0.6087,0.6087,0.5873,0.6389,0.5
K120|ENN2|s42|a0.05|lr0.0003,0.6087,0.6087,0.5556,0.6389,0.625
K107|ENN2|s7|a0.0001|lr0.0003,0.6087,0.6087,0.6032,0.6389,0.51
K107|ENN4|s21|a0.05|lr0.001,0.6087,0.6087,0.6032,0.6389,0.91
K107|ENN4|s21|a0.0001|lr0.001,0.6087,0.6087,0.6032,0.6389,0.92
K107|ENN4|s21|a0.001|lr0.001,0.6087,0.6087,0.5952,0.6389,0.92
K107|ENN4|s21|a0.01|lr0.001,0.6087,0.6087,0.6032,0.6389,0.92
K125|ENN2|s13|a0.05|lr0.001,0.6087,0.6087,0.6111,0.6389,0.525
K108|ENN5|s99|a0.01|lr0.0003,0.6087,0.6087,0.5556,0.6389,0.5
K108|ENN5|s99|a0.01|lr0.0005,0.6087,0.6087,0.5635,0.6389,0.5
K112|ENN5|s76|a0.001|lr0.0003,0.6087,0.6087,0.5476,0.6389,0.665
K112|ENN5|s76|a0.01|lr0.0003,0.6087,0.6087,0.5476,0.6389,0.655
K107|ENN2|s7|a0.001|lr0.0003,0.6087,0.6087,0.6032,0.6389,0.51
K107|ENN2|s7|a0.01|lr0.0003,0.6087,0.6087,0.6032,0.6389,0.51
K107|ENN2|s7|a0.05|lr0.0003,0.6087,0.6087,0.6032,0.6389,0.51
arch300x150x75x25|s13|a0.0001|lr0.0005,0.6087,0.6087,0.619,0.6389,0.755
arch300x150x75x25|s13|a0.0001|lr0.001,0.6087,0.6087,0.627,0.6389,0.79
arch300x150x75x25|s13|a0.001|lr0.0005,0.6087,0.6087,0.619,0.6389,0.755
arch300x150x75x25|s13|a0.001|lr0.001,0.6087,0.6087,0.6349,0.6389,0.785
K109|ENN3|s33|a0.001|lr0.001,0.6087,0.6087,0.6429,0.6389,0.79
K109|ENN3|s33|a0.01|lr0.001,0.6087,0.6087,0.6349,0.6389,0.785
K108|ENN5|s99|a0.0001|lr0.0003,0.6087,0.6087,0.5556,0.6389,0.5
K108|ENN5|s99|a0.0001|lr0.0005,0.6087,0.6087,0.5635,0.6389,0.5
K108|ENN5|s99|a0.0001|lr0.001,0.6087,0.6087,0.5635,0.6389,0.51
K108|ENN5|s99|a0.001|lr0.0003,0.6087,0.6087,0.5556,0.6389,0.5
K108|ENN5|s99|a0.001|lr0.0005,0.6087,0.6087,0.5635,0.6389,0.5
K108|ENN5|s99|a0.001|lr0.001,0.6087,0.6087,0.5635,0.6389,0.51
K112|ENN5|s13|a0.0001|lr0.0003,0.6087,0.6087,0.5635,0.6389,0.495
K112|ENN5|s13|a0.001|lr0.0003,0.6087,0.6087,0.5635,0.6389,0.495
arch300x150x75x25|s13|a0.01|lr0.0005,0.6087,0.6087,0.619,0.6389,0.755
arch300x150x75x25|s13|a0.01|lr0.001,0.6087,0.6087,0.627,0.6389,0.79
arch300x150x75x25|s13|a0.05|lr0.0005,0.6087,0.6087,0.619,0.6389,0.745
arch300x150x75x25|s13|a0.05|lr0.001,0.6087,0.6087,0.6349,0.6389,0.775
K95|ENN2|s76|a0.0001|lr0.001,0.6087,0.6087,0.627,0.6389,0.935
K112|ENN5|s76|a0.05|lr0.0003,0.6087,0.6087,0.5397,0.6389,0.665
K109|ENN3|s33|a0.05|lr0.001,0.6087,0.6087,0.627,0.6389,0.755
K109|ENN3|s33|a0.0001|lr0.001,0.6087,0.6087,0.6429,0.6389,0.775
arch200x150x100x50|s42|a0.0001|lr0.0005,0.6087,0.6087,0.619,0.6389,0.805
arch200x150x100x50|s42|a0.001|lr0.0005,0.6087,0.6087,0.619,0.6389,0.805
arch200x150x100x50|s42|a0.01|lr0.0005,0.6087,0.6087,0.619,0.6389,0.8
arch200x150x100x50|s42|a0.01|lr0.001,0.6087,0.6087,0.5873,0.6389,0.815
K95|ENN2|s76|a0.05|lr0.001,0.6087,0.6087,0.6349,0.6389,0.93
K109|ENN5|s33|a0.05|lr0.0005,0.6087,0.6087,0.6032,0.6389,0.795
K109|ENN5|s33|a0.05|lr0.001,0.6087,0.6087,0.6032,0.6389,0.86
K109|ENN5|s33|a0.0001|lr0.001,0.6087,0.6087,0.6032,0.6389,0.885
K109|ENN5|s33|a0.001|lr0.001,0.6087,0.6087,0.5952,0.6389,0.885
K109|ENN5|s33|a0.01|lr0.0005,0.6087,0.6087,0.6032,0.6389,0.805
K108|ENN2|s33|a0.001|lr0.001,0.6087,0.6087,0.5952,0.6389,0.665
K108|ENN2|s33|a0.01|lr0.001,0.6087,0.6087,0.5873,0.6389,0.67
K108|ENN2|s21|a0.0001|lr0.001,0.6087,0.6087,0.6032,0.6389,0.24
K108|ENN2|s21|a0.001|lr0.001,0.6087,0.6087,0.6032,0.6389,0.24
K112|ENN5|s13|a0.01|lr0.0003,0.6087,0.6087,0.5635,0.6389,0.495
K112|ENN5|s13|a0.05|lr0.0005,0.6087,0.6087,0.6349,0.6389,0.5
K100|ENN2|s99|a0.05|lr0.001,0.6087,0.6087,0.5952,0.6389,0.905
K100|ENN2|s0|a0.0001|lr0.001,0.6087,0.6087,0.6429,0.6389,0.905
K100|ENN2|s0|a0.001|lr0.001,0.6087,0.6087,0.619,0.6389,0.905
K100|ENN2|s0|a0.01|lr0.001,0.6087,0.6087,0.619,0.6389,0.905
K100|ENN2|s0|a0.05|lr0.001,0.6087,0.6087,0.6349,0.6389,0.885
K100|ENN2|s99|a0.0001|lr0.001,0.6087,0.6087,0.6032,0.6389,0.905
K113|ENN2|s7|a0.0001|lr0.001,0.6087,0.6087,0.5476,0.6389,0.53
K113|ENN2|s7|a0.001|lr0.001,0.6087,0.6087,0.5476,0.6389,0.525
K113|ENN2|s7|a0.01|lr0.001,0.6087,0.6087,0.5476,0.6389,0.53
MFCC_K80_ENN|s0|a0.01,0.6057,0.6087,0.5714,0.6587,0.625
MFCC_K80_ENN|s0|a0.001,0.6057,0.6087,0.5714,0.6587,0.625
K125|ENN5|s7|a0.05|lr0.001,0.6057,0.6087,0.5635,0.619,0.51
K125|ENN4|s0|a0.01|lr0.001,0.6057,0.6087,0.5952,0.619,0.62
K125|ENN4|s0|a0.01|lr0.0005,0.6057,0.6087,0.5714,0.619,0.635
K125|ENN4|s0|a0.01|lr0.0003,0.6057,0.6087,0.5794,0.619,0.645
K125|ENN4|s0|a0.001|lr0.001,0.6057,0.6087,0.5952,0.619,0.62
K112|ENN2|s7|a0.01|lr0.001,0.6057,0.6087,0.4921,0.619,0.775
K112|ENN2|s7|a0.001|lr0.001,0.6057,0.6087,0.4921,0.619,0.78
K112|ENN2|s7|a0.0001|lr0.001,0.6057,0.6087,0.4921,0.619,0.78
K125|ENN4|s0|a0.05|lr0.001,0.6057,0.6087,0.5952,0.619,0.62
K125|ENN4|s0|a0.05|lr0.0003,0.6057,0.6087,0.5873,0.619,0.645
K112|ENN5|s13|a0.01|lr0.0005,0.6057,0.6087,0.6349,0.619,0.51
K107|ENN5|s33|a0.0001|lr0.001,0.6057,0.6087,0.6349,0.619,0.855
arch256x128x64x32|s7|a0.01|lr0.0005,0.6057,0.6087,0.6587,0.619,0.675
arch256x128x64x32|s7|a0.001|lr0.0005,0.6057,0.6087,0.6508,0.619,0.675
arch256x128x64x32|s7|a0.0001|lr0.0005,0.6057,0.6087,0.6508,0.619,0.675
K109|ENN5|s33|a0.001|lr0.0005,0.6057,0.6087,0.5952,0.619,0.895
K109|ENN5|s33|a0.0001|lr0.0005,0.6057,0.6087,0.6032,0.619,0.89
K107|ENN3|s76|a0.0001|lr0.001,0.6057,0.6087,0.6111,0.619,0.94
K107|ENN3|s76|a0.05|lr0.001,0.6057,0.6087,0.619,0.619,0.925
K107|ENN3|s76|a0.01|lr0.001,0.6057,0.6087,0.6032,0.619,0.94
K107|ENN3|s76|a0.001|lr0.001,0.6057,0.6087,0.6111,0.619,0.94
K109|ENN5|s13|a0.0001|lr0.0005,0.6057,0.6087,0.5714,0.619,0.635
K109|ENN5|s13|a0.0001|lr0.0003,0.6057,0.6087,0.5635,0.619,0.63
K109|ENN5|s76|a0.001|lr0.001,0.6057,0.6087,0.6111,0.619,0.555
K109|ENN5|s76|a0.0001|lr0.001,0.6057,0.6087,0.6111,0.619,0.555
K109|ENN5|s13|a0.05|lr0.0005,0.6057,0.6087,0.5714,0.619,0.63
K109|ENN5|s13|a0.05|lr0.0003,0.6057,0.6087,0.5635,0.619,0.63
K109|ENN5|s13|a0.01|lr0.0005,0.6057,0.6087,0.5714,0.619,0.635
K109|ENN5|s13|a0.01|lr0.0003,0.6057,0.6087,0.5635,0.619,0.63
K109|ENN5|s13|a0.001|lr0.0005,0.6057,0.6087,0.5714,0.619,0.635
K109|ENN5|s13|a0.001|lr0.0003,0.6057,0.6087,0.5635,0.619,0.63
K109|ENN5|s76|a0.05|lr0.001,0.6057,0.6087,0.6111,0.619,0.555
K109|ENN5|s76|a0.01|lr0.001,0.6057,0.6087,0.6032,0.619,0.555
arch400x200x100x50|s13|a0.05|lr0.0005,0.6057,0.6087,0.5635,0.619,0.945
K109|ENN5|s33|a0.01|lr0.001,0.6057,0.6087,0.5952,0.619,0.935
K107|ENN3|s21|a0.01|lr0.0005,0.6057,0.6087,0.5397,0.619,0.55
K107|ENN3|s21|a0.001|lr0.0005,0.6057,0.6087,0.5397,0.619,0.55
K107|ENN3|s21|a0.0001|lr0.0005,0.6057,0.6087,0.5397,0.619,0.55
K107|ENN3|s21|a0.05|lr0.0005,0.6057,0.6087,0.5397,0.619,0.55
K95|ENN2|s42|a0.001|lr0.001,0.6057,0.6087,0.6667,0.619,0.925
K95|ENN2|s42|a0.0001|lr0.001,0.6057,0.6087,0.6587,0.619,0.93
K95|ENN2|s42|a0.05|lr0.001,0.6057,0.6087,0.6587,0.619,0.92
K95|ENN2|s42|a0.01|lr0.001,0.6057,0.6087,0.6587,0.619,0.925
K110|ENN4|s7|a0.001|lr0.001,0.6057,0.6087,0.6508,0.6587,0.61
K110|ENN4|s7|a0.0001|lr0.001,0.6057,0.6087,0.6508,0.6587,0.61
K107|ENN4|s21|a0.05|lr0.0005,0.6057,0.6087,0.5556,0.619,0.555
K112|ENN5|s13|a0.001|lr0.0005,0.6057,0.6087,0.6429,0.619,0.51
K112|ENN5|s13|a0.0001|lr0.0005,0.6057,0.6087,0.6429,0.619,0.51
K108|ENN5|s33|a0.01|lr0.001,0.6057,0.6087,0.6032,0.619,0.655
K108|ENN5|s33|a0.001|lr0.001,0.6057,0.6087,0.6111,0.619,0.67
K108|ENN5|s33|a0.0001|lr0.001,0.6057,0.6087,0.6111,0.619,0.665
K110|ENN4|s7|a0.05|lr0.001,0.6057,0.6087,0.6429,0.6587,0.595
K110|ENN4|s7|a0.01|lr0.001,0.6057,0.6087,0.6508,0.6587,0.61
K110|ENN5|s42|a0.05|lr0.001,0.6057,0.6087,0.5714,0.619,0.85
K110|ENN5|s99|a0.05|lr0.001,0.6057,0.6087,0.5952,0.6587,0.475
K110|ENN5|s99|a0.05|lr0.0005,0.6057,0.6087,0.5873,0.6587,0.455
K110|ENN5|s99|a0.05|lr0.0003,0.6057,0.6087,0.5952,0.6587,0.455
K110|ENN5|s99|a0.01|lr0.001,0.6057,0.6087,0.5873,0.6587,0.475
K110|ENN5|s99|a0.01|lr0.0005,0.6057,0.6087,0.5873,0.6587,0.455
K110|ENN5|s99|a0.01|lr0.0003,0.6057,0.6087,0.5952,0.6587,0.455
K110|ENN5|s99|a0.001|lr0.001,0.6057,0.6087,0.5873,0.6587,0.475
K110|ENN5|s99|a0.001|lr0.0005,0.6057,0.6087,0.5873,0.6587,0.455
K110|ENN5|s99|a0.001|lr0.0003,0.6057,0.6087,0.5952,0.6587,0.455
K110|ENN5|s99|a0.0001|lr0.001,0.6057,0.6087,0.5873,0.6587,0.475
K110|ENN5|s99|a0.0001|lr0.0005,0.6057,0.6087,0.5873,0.6587,0.455
K107|ENN2|s21|a0.001|lr0.0005,0.6057,0.6087,0.5556,0.619,0.555
K107|ENN2|s21|a0.0001|lr0.0005,0.6057,0.6087,0.5556,0.619,0.555
K107|ENN2|s21|a0.05|lr0.0005,0.6057,0.6087,0.5556,0.619,0.555
K107|ENN2|s21|a0.01|lr0.0005,0.6057,0.6087,0.5556,0.619,0.555
arch200x150x100x50|s42|a0.05|lr0.0005,0.6057,0.6087,0.619,0.6587,0.685
K110|ENN5|s99|a0.0001|lr0.0003,0.6057,0.6087,0.5952,0.6587,0.455
K110|ENN5|s21|a0.01|lr0.0005,0.6057,0.6087,0.5952,0.619,0.455
K110|ENN5|s21|a0.01|lr0.0003,0.6057,0.6087,0.5873,0.619,0.45
K110|ENN5|s21|a0.001|lr0.0005,0.6057,0.6087,0.5952,0.619,0.455
K125|ENN2|s42|a0.05|lr0.001,0.6057,0.6087,0.619,0.6587,0.71
K125|ENN2|s42|a0.01|lr0.001,0.6057,0.6087,0.619,0.6587,0.705
K125|ENN2|s42|a0.001|lr0.001,0.6057,0.6087,0.627,0.6587,0.715
K125|ENN2|s42|a0.0001|lr0.001,0.6057,0.6087,0.627,0.6587,0.725
K107|ENN4|s21|a0.01|lr0.0005,0.6057,0.6087,0.5476,0.619,0.555
K107|ENN4|s21|a0.001|lr0.0005,0.6057,0.6087,0.5476,0.619,0.555
K107|ENN4|s21|a0.0001|lr0.0005,0.6057,0.6087,0.5476,0.619,0.555
K90|ENN2|s21|a0.001|lr0.001,0.6057,0.6087,0.627,0.6587,0.41
K90|ENN2|s21|a0.0001|lr0.001,0.6057,0.6087,0.627,0.6587,0.445
K112|ENN4|s76|a0.01|lr0.0005,0.6057,0.6087,0.5476,0.619,0.8
K105|ENN5|s99|a0.01|lr0.001,0.6057,0.6087,0.6825,0.619,0.895
K105|ENN5|s99|a0.001|lr0.001,0.6057,0.6087,0.6825,0.619,0.895
K105|ENN5|s99|a0.001|lr0.0005,0.6057,0.6087,0.6825,0.619,0.89
K105|ENN5|s99|a0.0001|lr0.001,0.6057,0.6087,0.6825,0.619,0.895
K105|ENN5|s99|a0.0001|lr0.0005,0.6057,0.6087,0.6825,0.619,0.89
K107|ENN2|s42|a0.05|lr0.001,0.6057,0.6087,0.6587,0.619,0.57
K107|ENN2|s42|a0.01|lr0.001,0.6057,0.6087,0.6508,0.619,0.57
K107|ENN2|s42|a0.001|lr0.001,0.6057,0.6087,0.6508,0.619,0.57
K107|ENN2|s42|a0.0001|lr0.001,0.6057,0.6087,0.6508,0.619,0.57
K112|ENN4|s76|a0.001|lr0.0005,0.6057,0.6087,0.5556,0.619,0.81
K112|ENN4|s76|a0.0001|lr0.0005,0.6057,0.6087,0.5556,0.619,0.8
K110|ENN5|s21|a0.0001|lr0.0005,0.6057,0.6087,0.5952,0.619,0.455
K110|ENN5|s21|a0.05|lr0.0005,0.6057,0.6087,0.5952,0.619,0.455
K110|ENN5|s21|a0.05|lr0.0003,0.6057,0.6087,0.5873,0.619,0.45
K110|ENN5|s33|a0.05|lr0.001,0.6057,0.6087,0.5476,0.619,0.5
K112|ENN4|s76|a0.05|lr0.0005,0.6057,0.6087,0.5556,0.619,0.785
K111|ENN2|s21|a0.001|lr0.0003,0.6057,0.6087,0.5397,0.619,0.71
K105|ENN5|s99|a0.05|lr0.001,0.6057,0.6087,0.6667,0.619,0.9
K111|ENN2|s21|a0.0001|lr0.0003,0.6057,0.6087,0.5397,0.619,0.715
K111|ENN2|s21|a0.05|lr0.0003,0.6057,0.6087,0.5397,0.619,0.71
K111|ENN2|s21|a0.01|lr0.0003,0.6057,0.6087,0.5397,0.619,0.71
K130|ENN4|s0|a0.05|lr0.001,0.6057,0.6087,0.5556,0.619,0.75
K130|ENN4|s0|a0.05|lr0.0005,0.6057,0.6087,0.5635,0.619,0.77
K130|ENN4|s0|a0.01|lr0.001,0.6057,0.6087,0.5556,0.619,0.76
K130|ENN4|s0|a0.01|lr0.0005,0.6057,0.6087,0.5635,0.619,0.785
K130|ENN4|s0|a0.001|lr0.001,0.6057,0.6087,0.5556,0.619,0.755
K130|ENN4|s0|a0.001|lr0.0005,0.6057,0.6087,0.5635,0.619,0.785
K130|ENN4|s0|a0.0001|lr0.001,0.6057,0.6087,0.5476,0.619,0.755
arch300x150x75x50x25|s42|a0.05|lr0.0003,0.6057,0.6087,0.5397,0.6587,0.575
K100|ENN5|s33|a0.05|lr0.001,0.6057,0.6087,0.6032,0.619,0.935
K100|ENN5|s33|a0.05|lr0.0005,0.6057,0.6087,0.627,0.619,0.925
K130|ENN4|s0|a0.0001|lr0.0005,0.6057,0.6087,0.5635,0.619,0.785
K111|ENN3|s7|a0.001|lr0.001,0.6057,0.6087,0.6587,0.619,0.91
K111|ENN3|s7|a0.0001|lr0.001,0.6057,0.6087,0.6587,0.619,0.91
K111|ENN3|s7|a0.05|lr0.001,0.6057,0.6087,0.6587,0.619,0.9
K111|ENN3|s7|a0.01|lr0.001,0.6057,0.6087,0.6587,0.619,0.91
K100|ENN5|s33|a0.01|lr0.001,0.6057,0.6087,0.6032,0.619,0.945
K100|ENN5|s33|a0.01|lr0.0005,0.6057,0.6087,0.619,0.619,0.94
K100|ENN5|s33|a0.001|lr0.001,0.6057,0.6087,0.6111,0.619,0.945
K100|ENN5|s33|a0.001|lr0.0005,0.6057,0.6087,0.619,0.619,0.94
K100|ENN5|s33|a0.0001|lr0.001,0.6057,0.6087,0.6032,0.619,0.945
K100|ENN5|s33|a0.0001|lr0.0005,0.6057,0.6087,0.619,0.619,0.94
K100|ENN5|s21|a0.05|lr0.0005,0.6057,0.6087,0.5635,0.619,0.51
K100|ENN5|s21|a0.05|lr0.0003,0.6057,0.6087,0.5794,0.619,0.515
K100|ENN5|s21|a0.01|lr0.0005,0.6057,0.6087,0.5635,0.619,0.51
K100|ENN5|s21|a0.01|lr0.0003,0.6057,0.6087,0.5714,0.619,0.515
K112|ENN2|s21|a0.001|lr0.001,0.6057,0.6087,0.5952,0.619,0.895
K100|ENN4|s99|a0.01|lr0.0005,0.6057,0.6087,0.5397,0.6587,0.57
K100|ENN4|s99|a0.01|lr0.0003,0.6057,0.6087,0.5159,0.6587,0.57
K100|ENN4|s99|a0.001|lr0.001,0.6057,0.6087,0.5556,0.6587,0.555
K120|ENN4|s42|a0.05|lr0.001,0.6057,0.6087,0.6032,0.619,0.525
K95|ENN4|s7|a0.05|lr0.001,0.6057,0.6087,0.6111,0.619,0.945
K100|ENN5|s7|a0.0001|lr0.0005,0.6057,0.6087,0.4762,0.619,0.56
K100|ENN5|s21|a0.001|lr0.0005,0.6057,0.6087,0.5635,0.619,0.51
K120|ENN2|s33|a0.05|lr0.001,0.6057,0.6087,0.5317,0.619,0.545
K90|ENN2|s21|a0.05|lr0.001,0.6057,0.6087,0.627,0.6587,0.445
K90|ENN2|s21|a0.01|lr0.001,0.6057,0.6087,0.627,0.6587,0.46
K107|ENN5|s33|a0.001|lr0.001,0.6057,0.6087,0.6349,0.619,0.855
K90|ENN3|s42|a0.05|lr0.001,0.6057,0.6087,0.5397,0.619,0.465
K90|ENN3|s42|a0.01|lr0.001,0.6057,0.6087,0.5238,0.619,0.465
K90|ENN3|s42|a0.001|lr0.001,0.6057,0.6087,0.5238,0.619,0.465
K90|ENN3|s42|a0.0001|lr0.001,0.6057,0.6087,0.5238,0.619,0.465
K108|ENN4|s33|a0.01|lr0.001,0.6057,0.6087,0.5952,0.6587,0.645
K108|ENN4|s33|a0.001|lr0.001,0.6057,0.6087,0.5952,0.6587,0.645
K108|ENN4|s33|a0.0001|lr0.001,0.6057,0.6087,0.5952,0.6587,0.645
K108|ENN4|s33|a0.05|lr0.001,0.6057,0.6087,0.5952,0.6587,0.645
K100|ENN5|s21|a0.001|lr0.0003,0.6057,0.6087,0.5873,0.619,0.515
K100|ENN5|s21|a0.0001|lr0.0005,0.6057,0.6087,0.5556,0.619,0.51
K100|ENN5|s21|a0.0001|lr0.0003,0.6057,0.6087,0.5873,0.619,0.515
K100|ENN5|s7|a0.05|lr0.0005,0.6057,0.6087,0.4762,0.619,0.56
K100|ENN5|s7|a0.01|lr0.0005,0.6057,0.6087,0.4762,0.619,0.56
K100|ENN5|s7|a0.001|lr0.0005,0.6057,0.6087,0.4762,0.619,0.56
K112|ENN2|s21|a0.0001|lr0.001,0.6057,0.6087,0.5952,0.619,0.895
K112|ENN2|s7|a0.05|lr0.001,0.6057,0.6087,0.4921,0.619,0.775
K111|ENN5|s0|a0.0001|lr0.0005,0.6057,0.6087,0.5952,0.619,0.85
K120|ENN4|s42|a0.001|lr0.001,0.6057,0.6087,0.5873,0.619,0.525
K120|ENN4|s42|a0.0001|lr0.001,0.6057,0.6087,0.5873,0.619,0.525
K100|ENN4|s99|a0.05|lr0.001,0.6057,0.6087,0.5556,0.6587,0.555
K100|ENN4|s99|a0.05|lr0.0005,0.6057,0.6087,0.5317,0.6587,0.57
K100|ENN4|s99|a0.05|lr0.0003,0.6057,0.6087,0.5238,0.6587,0.575
K100|ENN4|s99|a0.01|lr0.001,0.6057,0.6087,0.5556,0.6587,0.555
K130|ENN2|s0|a0.05|lr0.001,0.6057,0.6087,0.5397,0.619,0.42
K130|ENN2|s0|a0.01|lr0.001,0.6057,0.6087,0.5476,0.619,0.385
K130|ENN2|s0|a0.001|lr0.001,0.6057,0.6087,0.5476,0.619,0.39
K130|ENN2|s0|a0.0001|lr0.001,0.6057,0.6087,0.5476,0.619,0.37
K95|ENN5|s42|a0.0001|lr0.0003,0.6057,0.6087,0.5317,0.619,0.505
K100|ENN2|s33|a0.05|lr0.001,0.6057,0.6087,0.5635,0.6587,0.93
K95|ENN5|s42|a0.05|lr0.0005,0.6057,0.6087,0.5476,0.619,0.51
K95|ENN5|s42|a0.05|lr0.0003,0.6057,0.6087,0.5317,0.619,0.505
K100|ENN4|s99|a0.001|lr0.0005,0.6057,0.6087,0.5397,0.6587,0.57
K100|ENN2|s21|a0.05|lr0.0005,0.6057,0.6087,0.6349,0.6587,0.495
K100|ENN2|s21|a0.01|lr0.0005,0.6057,0.6087,0.627,0.6587,0.495
K100|ENN2|s21|a0.001|lr0.0005,0.6057,0.6087,0.627,0.6587,0.495
K125|ENN4|s0|a0.05|lr0.0005,0.6057,0.6087,0.5635,0.619,0.635
K120|ENN2|s33|a0.01|lr0.001,0.6057,0.6087,0.5317,0.619,0.54
K100|ENN4|s99|a0.001|lr0.0003,0.6057,0.6087,0.5159,0.6587,0.57
K100|ENN4|s99|a0.0001|lr0.001,0.6057,0.6087,0.5556,0.6587,0.555
K100|ENN4|s99|a0.0001|lr0.0005,0.6057,0.6087,0.5397,0.6587,0.57
K100|ENN4|s99|a0.0001|lr0.0003,0.6057,0.6087,0.5159,0.6587,0.57
K120|ENN4|s42|a0.01|lr0.001,0.6057,0.6087,0.5873,0.619,0.525
K95|ENN5|s42|a0.01|lr0.0003,0.6057,0.6087,0.5317,0.619,0.505
K95|ENN5|s42|a0.001|lr0.0005,0.6057,0.6087,0.5476,0.619,0.51
K95|ENN5|s42|a0.001|lr0.0003,0.6057,0.6087,0.5317,0.619,0.505
K95|ENN5|s42|a0.0001|lr0.0005,0.6057,0.6087,0.5476,0.619,0.51
K125|ENN4|s0|a0.001|lr0.0005,0.6057,0.6087,0.5714,0.619,0.635
K125|ENN4|s0|a0.001|lr0.0003,0.6057,0.6087,0.5794,0.619,0.645
K125|ENN4|s0|a0.0001|lr0.001,0.6057,0.6087,0.5952,0.619,0.62
K125|ENN4|s0|a0.0001|lr0.0005,0.6057,0.6087,0.5714,0.619,0.635
K125|ENN4|s0|a0.0001|lr0.0003,0.6057,0.6087,0.5794,0.619,0.645
K125|ENN5|s7|a0.0001|lr0.001,0.6057,0.6087,0.5635,0.619,0.51
MFCC_K80_ENN|s0|a0.05,0.6057,0.6087,0.5714,0.6587,0.625
K95|ENN5|s76|a0.01|lr0.0005,0.6057,0.6087,0.6032,0.619,0.535
K100|ENN2|s21|a0.0001|lr0.0005,0.6057,0.6087,0.627,0.6587,0.495
K95|ENN5|s42|a0.01|lr0.0005,0.6057,0.6087,0.5476,0.619,0.51
K113|ENN4|s13|a0.05|lr0.001,0.6057,0.6087,0.7302,0.6587,0.925
K95|ENN5|s76|a0.05|lr0.001,0.5965,0.6087,0.4683,0.5992,0.935
K95|ENN5|s76|a0.01|lr0.001,0.5965,0.6087,0.4683,0.5992,0.94
K108|ENN3|s99|a0.0001|lr0.0003,0.5965,0.6087,0.5317,0.5992,0.515
K108|ENN3|s0|a0.05|lr0.0005,0.5965,0.6087,0.5238,0.5992,0.545
K120|ENN2|s33|a0.01|lr0.0005,0.5965,0.6087,0.5,0.5992,0.645
K108|ENN3|s0|a0.01|lr0.0005,0.5965,0.6087,0.5238,0.5992,0.545
K108|ENN3|s0|a0.001|lr0.0005,0.5965,0.6087,0.5159,0.5992,0.545
K108|ENN3|s0|a0.0001|lr0.0005,0.5965,0.6087,0.5159,0.5992,0.545
K108|ENN3|s99|a0.05|lr0.0003,0.5965,0.6087,0.5317,0.5992,0.52
K108|ENN3|s99|a0.01|lr0.0003,0.5965,0.6087,0.5317,0.5992,0.515
K108|ENN3|s99|a0.001|lr0.0003,0.5965,0.6087,0.5317,0.5992,0.515
K125|ENN5|s0|a0.0001|lr0.0003,0.5965,0.6087,0.5714,0.5992,0.62
K125|ENN4|s33|a0.01|lr0.0003,0.5965,0.6087,0.4921,0.5992,0.75
K125|ENN4|s33|a0.001|lr0.0003,0.5965,0.6087,0.4921,0.5992,0.75
K125|ENN4|s33|a0.0001|lr0.0003,0.5965,0.6087,0.4921,0.5992,0.75
K130|ENN3|s99|a0.0001|lr0.001,0.5965,0.6087,0.6111,0.5992,0.78
K113|ENN5|s42|a0.001|lr0.0003,0.5965,0.6087,0.5556,0.5992,0.8
K115|ENN4|s7|a0.05|lr0.0003,0.5965,0.6087,0.5556,0.5992,0.485
K115|ENN4|s7|a0.01|lr0.0003,0.5965,0.6087,0.5556,0.5992,0.485
K115|ENN4|s7|a0.001|lr0.0003,0.5965,0.6087,0.5556,0.5992,0.485
K115|ENN4|s7|a0.0001|lr0.0003,0.5965,0.6087,0.5556,0.5992,0.485
K120|ENN2|s33|a0.001|lr0.001,0.5965,0.6087,0.5079,0.5992,0.625
K120|ENN2|s33|a0.0001|lr0.001,0.5965,0.6087,0.5079,0.5992,0.63
K125|ENN5|s0|a0.0001|lr0.0005,0.5965,0.6087,0.5476,0.5992,0.61
K115|ENN5|s21|a0.05|lr0.001,0.5965,0.6087,0.5873,0.5992,0.585
K115|ENN5|s21|a0.05|lr0.0003,0.5965,0.6087,0.5873,0.5992,0.615
K130|ENN5|s33|a0.05|lr0.0005,0.5965,0.6087,0.5635,0.5992,0.725
K130|ENN5|s33|a0.05|lr0.0003,0.5965,0.6087,0.5556,0.5992,0.72
K130|ENN5|s33|a0.01|lr0.0005,0.5965,0.6087,0.5476,0.5992,0.725
K130|ENN5|s33|a0.01|lr0.0003,0.5965,0.6087,0.5556,0.5992,0.72
K130|ENN5|s33|a0.001|lr0.0005,0.5965,0.6087,0.5476,0.5992,0.725
K130|ENN5|s33|a0.001|lr0.0003,0.5965,0.6087,0.5556,0.5992,0.72
K125|ENN4|s33|a0.05|lr0.0003,0.5965,0.6087,0.4921,0.5992,0.745
K125|ENN4|s7|a0.001|lr0.001,0.5965,0.6087,0.5397,0.5992,0.94
MFCC_K110_ENN|s0|a0.05,0.5965,0.6087,0.5635,0.5992,0.6
K95|ENN4|s33|a0.0001|lr0.0005,0.5965,0.6087,0.6349,0.5992,0.92
K95|ENN4|s33|a0.05|lr0.0005,0.5965,0.6087,0.5952,0.5992,0.92
K115|ENN5|s7|a0.01|lr0.001,0.5965,0.6087,0.5476,0.5992,0.93
K115|ENN5|s7|a0.001|lr0.001,0.5965,0.6087,0.5397,0.5992,0.915
K90|ENN5|s7|a0.001|lr0.001,0.5965,0.6087,0.6111,0.5992,0.575
Stack6_metaC1.0,0.5965,0.6087,0.5794,0.5992,0.605
Stack8_metaC0.1,0.5965,0.6087,0.5952,0.6786,0.445
Stack6_metaC0.1,0.5965,0.6087,0.5714,0.5992,0.525
K95|ENN5|s33|a0.05|lr0.001,0.5965,0.6087,0.5556,0.5992,0.9
K125|ENN5|s0|a0.01|lr0.0005,0.5965,0.6087,0.5476,0.5992,0.61
K125|ENN5|s0|a0.01|lr0.0003,0.5965,0.6087,0.5714,0.5992,0.62
K125|ENN5|s0|a0.001|lr0.0005,0.5965,0.6087,0.5476,0.5992,0.61
K125|ENN5|s0|a0.001|lr0.0003,0.5965,0.6087,0.5714,0.5992,0.62
K130|ENN3|s99|a0.05|lr0.001,0.5965,0.6087,0.6032,0.5992,0.745
K130|ENN3|s99|a0.001|lr0.001,0.5965,0.6087,0.619,0.5992,0.775
arch300x200x100x50x25|s76|a0.05|lr0.001,0.5965,0.6087,0.5317,0.6786,0.31
K112|ENN4|s21|a0.05|lr0.001,0.5965,0.6087,0.5238,0.5992,0.84
K112|ENN4|s21|a0.01|lr0.001,0.5965,0.6087,0.5238,0.5992,0.845
K112|ENN4|s21|a0.01|lr0.0005,0.5965,0.6087,0.5397,0.5992,0.825
K112|ENN4|s21|a0.001|lr0.001,0.5965,0.6087,0.5238,0.5992,0.845
K112|ENN4|s21|a0.0001|lr0.001,0.5965,0.6087,0.5238,0.5992,0.845
arch300x200x100x50x25|s76|a0.0001|lr0.001,0.5965,0.6087,0.5397,0.6786,0.335
K108|ENN5|s0|a0.01|lr0.0005,0.5965,0.6087,0.4365,0.5992,0.54
K108|ENN5|s0|a0.001|lr0.0005,0.5965,0.6087,0.4365,0.5992,0.54
K108|ENN5|s0|a0.0001|lr0.0005,0.5965,0.6087,0.4365,0.5992,0.54
K108|ENN5|s0|a0.05|lr0.0005,0.5965,0.6087,0.4365,0.5992,0.54
K90|ENN3|s99|a0.01|lr0.0003,0.5965,0.6087,0.5714,0.5992,0.65
K90|ENN3|s99|a0.001|lr0.0003,0.5965,0.6087,0.5714,0.5992,0.655
K90|ENN3|s99|a0.0001|lr0.0003,0.5965,0.6087,0.5714,0.5992,0.65
K95|ENN4|s76|a0.05|lr0.001,0.5965,0.6087,0.5317,0.5992,0.555
K95|ENN5|s33|a0.001|lr0.001,0.5965,0.6087,0.5556,0.5992,0.915
K95|ENN5|s33|a0.0001|lr0.001,0.5965,0.6087,0.5556,0.5992,0.915
K95|ENN4|s33|a0.05|lr0.001,0.5965,0.6087,0.5556,0.5992,0.925
K112|ENN5|s21|a0.05|lr0.0005,0.5965,0.6087,0.5476,0.5992,0.805
K112|ENN5|s21|a0.01|lr0.0005,0.5965,0.6087,0.5476,0.5992,0.8
K112|ENN5|s21|a0.001|lr0.0005,0.5965,0.6087,0.5476,0.5992,0.795
K112|ENN5|s21|a0.0001|lr0.0005,0.5965,0.6087,0.5476,0.5992,0.795
K125|ENN5|s0|a0.05|lr0.0005,0.5965,0.6087,0.5476,0.5992,0.61
K125|ENN5|s0|a0.05|lr0.0003,0.5965,0.6087,0.5714,0.5992,0.62
K95|ENN4|s33|a0.001|lr0.001,0.5965,0.6087,0.5952,0.5992,0.93
K95|ENN4|s33|a0.001|lr0.0005,0.5965,0.6087,0.619,0.5992,0.92
K95|ENN4|s33|a0.0001|lr0.001,0.5965,0.6087,0.6032,0.5992,0.93
K130|ENN5|s42|a0.0001|lr0.001,0.5965,0.6087,0.5794,0.5992,0.915
K130|ENN4|s33|a0.01|lr0.0003,0.5965,0.6087,0.5159,0.5992,0.755
K115|ENN5|s21|a0.01|lr0.001,0.5965,0.6087,0.5873,0.5992,0.585
K115|ENN5|s21|a0.01|lr0.0003,0.5965,0.6087,0.5873,0.5992,0.615
K115|ENN5|s21|a0.001|lr0.001,0.5965,0.6087,0.5873,0.5992,0.59
K115|ENN5|s21|a0.001|lr0.0003,0.5965,0.6087,0.5873,0.5992,0.615
K115|ENN5|s21|a0.0001|lr0.0003,0.5965,0.6087,0.5873,0.5992,0.615
K115|ENN5|s7|a0.05|lr0.001,0.5965,0.6087,0.5476,0.5992,0.925
K95|ENN4|s33|a0.01|lr0.001,0.5965,0.6087,0.5714,0.5992,0.94
K95|ENN4|s33|a0.01|lr0.0005,0.5965,0.6087,0.619,0.5992,0.92
K125|ENN4|s13|a0.001|lr0.001,0.5965,0.6087,0.5397,0.5992,0.84
K125|ENN4|s13|a0.001|lr0.0005,0.5965,0.6087,0.5317,0.5992,0.7
K125|ENN4|s13|a0.001|lr0.0003,0.5965,0.6087,0.5238,0.5992,0.58
K125|ENN4|s13|a0.0001|lr0.001,0.5965,0.6087,0.5397,0.5992,0.835
K125|ENN4|s13|a0.0001|lr0.0005,0.5965,0.6087,0.5317,0.5992,0.7
K90|ENN4|s42|a0.05|lr0.0003,0.5965,0.6087,0.5794,0.5992,0.495
K95|ENN4|s76|a0.01|lr0.001,0.5965,0.6087,0.5238,0.5992,0.555
K100|ENN5|s99|a0.05|lr0.001,0.5965,0.6087,0.5794,0.5992,0.62
K100|ENN5|s99|a0.01|lr0.001,0.5965,0.6087,0.5794,0.5992,0.62
K100|ENN5|s99|a0.001|lr0.001,0.5965,0.6087,0.5794,0.5992,0.62
K120|ENN2|s33|a0.05|lr0.0005,0.5965,0.6087,0.5079,0.5992,0.645
K125|ENN3|s33|a0.01|lr0.0005,0.5965,0.6087,0.5794,0.5992,0.72
K125|ENN3|s33|a0.001|lr0.0005,0.5965,0.6087,0.5794,0.5992,0.72
K125|ENN3|s33|a0.0001|lr0.0005,0.5965,0.6087,0.5794,0.5992,0.72
K107|ENN3|s42|a0.05|lr0.001,0.5965,0.6087,0.5794,0.5992,0.57
K107|ENN3|s42|a0.05|lr0.0005,0.5965,0.6087,0.6349,0.5992,0.6
K107|ENN3|s42|a0.05|lr0.0003,0.5965,0.6087,0.6111,0.5992,0.58
K107|ENN3|s42|a0.01|lr0.0003,0.5965,0.6087,0.6111,0.5992,0.58
K125|ENN4|s13|a0.05|lr0.001,0.5965,0.6087,0.5317,0.5992,0.8
K125|ENN4|s13|a0.05|lr0.0005,0.5965,0.6087,0.5317,0.5992,0.695
K125|ENN4|s13|a0.05|lr0.0003,0.5965,0.6087,0.5317,0.5992,0.575
K120|ENN2|s13|a0.001|lr0.0005,0.5965,0.6087,0.5556,0.5992,0.715
K120|ENN2|s13|a0.0001|lr0.001,0.5965,0.6087,0.5397,0.5992,0.685
K120|ENN2|s13|a0.0001|lr0.0005,0.5965,0.6087,0.5556,0.5992,0.725
K112|ENN4|s76|a0.05|lr0.001,0.5965,0.6087,0.5556,0.5992,0.835
K112|ENN4|s76|a0.01|lr0.001,0.5965,0.6087,0.5556,0.5992,0.85
K130|ENN5|s42|a0.05|lr0.001,0.5965,0.6087,0.5794,0.5992,0.9
K130|ENN5|s42|a0.01|lr0.001,0.5965,0.6087,0.5794,0.5992,0.92
K130|ENN5|s42|a0.001|lr0.001,0.5965,0.6087,0.5635,0.5992,0.915
K100|ENN5|s99|a0.0001|lr0.001,0.5965,0.6087,0.5794,0.5992,0.62
arch300x150x75x50x25|s13|a0.0001|lr0.001,0.5965,0.6087,0.627,0.5992,0.49
K95|ENN4|s76|a0.001|lr0.001,0.5965,0.6087,0.5238,0.5992,0.555
K95|ENN4|s76|a0.0001|lr0.001,0.5965,0.6087,0.5238,0.5992,0.555
K111|ENN5|s7|a0.01|lr0.0003,0.5965,0.6087,0.5476,0.5992,0.78
K111|ENN5|s33|a0.05|lr0.001,0.5965,0.6087,0.5635,0.5992,0.925
K111|ENN5|s33|a0.01|lr0.001,0.5965,0.6087,0.5873,0.5992,0.935
K90|ENN4|s42|a0.0001|lr0.0003,0.5965,0.6087,0.5873,0.5992,0.495
arch300x150x75x50x25|s0|a0.05|lr0.001,0.5965,0.6087,0.5873,0.5992,0.495
K115|ENN2|s33|a0.05|lr0.0003,0.5965,0.6087,0.5317,0.5992,0.525
K115|ENN2|s33|a0.001|lr0.0003,0.5965,0.6087,0.5317,0.5992,0.525
K115|ENN2|s33|a0.0001|lr0.0003,0.5965,0.6087,0.5317,0.5992,0.525
K130|ENN3|s42|a0.05|lr0.001,0.5965,0.6087,0.5079,0.5992,0.685
K107|ENN3|s42|a0.001|lr0.0003,0.5965,0.6087,0.6111,0.5992,0.58
K107|ENN3|s42|a0.0001|lr0.0003,0.5965,0.6087,0.6111,0.5992,0.58
K115|ENN5|s42|a0.01|lr0.0005,0.5965,0.6087,0.5397,0.5992,0.605
K130|ENN3|s42|a0.01|lr0.001,0.5965,0.6087,0.5079,0.5992,0.7
K130|ENN3|s42|a0.001|lr0.001,0.5965,0.6087,0.5079,0.5992,0.715
K130|ENN3|s42|a0.0001|lr0.001,0.5965,0.6087,0.5079,0.5992,0.74
K125|ENN2|s7|a0.01|lr0.0003,0.5965,0.6087,0.5635,0.5992,0.495
K125|ENN2|s7|a0.001|lr0.0003,0.5965,0.6087,0.5635,0.5992,0.495
K125|ENN2|s7|a0.0001|lr0.0003,0.5965,0.6087,0.5635,0.5992,0.495
K113|ENN5|s99|a0.0001|lr0.0005,0.5965,0.6087,0.5317,0.5992,0.825
K95|ENN2|s76|a0.01|lr0.0005,0.5965,0.6087,0.5873,0.5992,0.535
K120|ENN2|s13|a0.05|lr0.001,0.5965,0.6087,0.5476,0.5992,0.68
K120|ENN2|s13|a0.05|lr0.0005,0.5965,0.6087,0.5635,0.5992,0.715
K120|ENN2|s13|a0.01|lr0.001,0.5965,0.6087,0.5397,0.5992,0.685
K120|ENN2|s13|a0.01|lr0.0005,0.5965,0.6087,0.5556,0.5992,0.715
K120|ENN2|s13|a0.001|lr0.001,0.5965,0.6087,0.5397,0.5992,0.685
K125|ENN4|s13|a0.01|lr0.001,0.5965,0.6087,0.5397,0.5992,0.83
K125|ENN4|s13|a0.01|lr0.0005,0.5965,0.6087,0.5317,0.5992,0.695
K125|ENN4|s13|a0.01|lr0.0003,0.5965,0.6087,0.5159,0.5992,0.6
arch300x150x75x50x25|s13|a0.01|lr0.001,0.5965,0.6087,0.619,0.5992,0.49
K113|ENN5|s42|a0.001|lr0.0005,0.5965,0.6087,0.5476,0.5992,0.8
K111|ENN5|s33|a0.001|lr0.001,0.5965,0.6087,0.5873,0.5992,0.945
K111|ENN5|s33|a0.0001|lr0.001,0.5965,0.6087,0.5873,0.5992,0.94
K130|ENN2|s7|a0.001|lr0.001,0.5965,0.6087,0.5873,0.5992,0.74
K130|ENN2|s7|a0.0001|lr0.001,0.5965,0.6087,0.5873,0.5992,0.74
K111|ENN5|s7|a0.05|lr0.0003,0.5965,0.6087,0.5556,0.5992,0.755
K109|ENN5|s13|a0.01|lr0.001,0.5965,0.6087,0.5873,0.6786,0.585
K109|ENN5|s13|a0.001|lr0.001,0.5965,0.6087,0.5873,0.6786,0.585
K109|ENN5|s13|a0.0001|lr0.001,0.5965,0.6087,0.5873,0.6786,0.585
K95|ENN2|s76|a0.05|lr0.0005,0.5965,0.6087,0.5952,0.5992,0.535
K115|ENN5|s7|a0.0001|lr0.001,0.5965,0.6087,0.5397,0.5992,0.915
K125|ENN2|s7|a0.05|lr0.0003,0.5965,0.6087,0.5635,0.5992,0.495
K113|ENN5|s42|a0.0001|lr0.0005,0.5965,0.6087,0.5476,0.5992,0.8
K113|ENN5|s42|a0.0001|lr0.0003,0.5965,0.6087,0.5556,0.5992,0.8
K125|ENN4|s13|a0.0001|lr0.0003,0.5965,0.6087,0.5159,0.5992,0.58
K130|ENN2|s7|a0.05|lr0.001,0.5965,0.6087,0.5873,0.5992,0.735
K130|ENN2|s7|a0.01|lr0.001,0.5965,0.6087,0.5873,0.5992,0.74
K111|ENN5|s0|a0.001|lr0.001,0.5965,0.6087,0.5714,0.5992,0.91
K111|ENN5|s7|a0.001|lr0.0003,0.5965,0.6087,0.5556,0.5992,0.795
K113|ENN5|s42|a0.05|lr0.0005,0.5965,0.6087,0.5635,0.5992,0.8
K113|ENN5|s42|a0.05|lr0.0003,0.5965,0.6087,0.5476,0.5992,0.79
K113|ENN5|s42|a0.01|lr0.0005,0.5965,0.6087,0.5556,0.5992,0.8
K113|ENN5|s42|a0.01|lr0.0003,0.5965,0.6087,0.5556,0.5992,0.8
K125|ENN3|s7|a0.001|lr0.001,0.5965,0.6087,0.5714,0.5992,0.48
K113|ENN5|s99|a0.05|lr0.001,0.5965,0.6087,0.5476,0.5992,0.815
K113|ENN5|s99|a0.05|lr0.0005,0.5965,0.6087,0.5317,0.5992,0.815
K113|ENN5|s99|a0.01|lr0.001,0.5965,0.6087,0.5397,0.5992,0.825
K113|ENN5|s99|a0.01|lr0.0005,0.5965,0.6087,0.5317,0.5992,0.83
K113|ENN5|s99|a0.001|lr0.001,0.5965,0.6087,0.5397,0.5992,0.82
K111|ENN2|s21|a0.0001|lr0.001,0.5965,0.6087,0.5317,0.5992,0.795
K111|ENN2|s21|a0.05|lr0.001,0.5965,0.6087,0.5317,0.5992,0.795
K111|ENN2|s21|a0.01|lr0.001,0.5965,0.6087,0.5317,0.5992,0.795
K111|ENN2|s21|a0.001|lr0.001,0.5965,0.6087,0.5317,0.5992,0.795
K113|ENN5|s99|a0.001|lr0.0005,0.5965,0.6087,0.5317,0.5992,0.83
K113|ENN5|s99|a0.0001|lr0.001,0.5965,0.6087,0.5397,0.5992,0.815
K109|ENN5|s13|a0.05|lr0.001,0.5965,0.6087,0.6032,0.6786,0.585
K95|ENN5|s76|a0.001|lr0.001,0.5965,0.6087,0.4762,0.5992,0.94
K90|ENN5|s7|a0.0001|lr0.001,0.5965,0.6087,0.6111,0.5992,0.575
SpecMFCC_K120_ENN|s76|a0.05,0.5965,0.6087,0.5,0.5992,0.56
SpecMFCC_K120_ENN|s76|a0.01,0.5965,0.6087,0.5,0.5992,0.56
K130|ENN5|s33|a0.0001|lr0.0005,0.5965,0.6087,0.5556,0.5992,0.725
K130|ENN5|s33|a0.0001|lr0.0003,0.5965,0.6087,0.5556,0.5992,0.72
K112|ENN4|s76|a0.001|lr0.001,0.5965,0.6087,0.5556,0.5992,0.855
K112|ENN4|s76|a0.0001|lr0.001,0.5965,0.6087,0.5635,0.5992,0.835
K110|ENN5|s21|a0.001|lr0.0003,0.5965,0.6087,0.5873,0.5992,0.465
K110|ENN5|s21|a0.0001|lr0.0003,0.5965,0.6087,0.5873,0.5992,0.465
K90|ENN5|s7|a0.05|lr0.001,0.5965,0.6087,0.6111,0.5992,0.575
K90|ENN5|s7|a0.01|lr0.001,0.5965,0.6087,0.6111,0.5992,0.575
Fusion3_K120_ENN|s0|a0.01,0.5893,0.6522,0.4524,0.5952,0.865
Fusion3_K150_ENN|s42|a0.05,0.5893,0.6522,0.5397,0.5952,0.55
Fusion3_K120_ENN|s0|a0.001,0.5893,0.6522,0.4524,0.5952,0.865
Fusion3_K150_ENN|s0|a0.05,0.5893,0.6522,0.5397,0.5952,0.505
Fusion3_K100_ENN|s76|a0.05,0.5893,0.6522,0.5,0.5952,0.665
Fusion3_K100_ENN|s76|a0.01,0.5893,0.6522,0.5,0.5952,0.665
Fusion3_K100_ENN|s76|a0.001,0.5893,0.6522,0.5,0.5952,0.665
Fusion3_K150_ENN|s0|a0.001,0.5893,0.6522,0.5397,0.5952,0.505
Fusion3_K80_ENN|s76|a0.05,0.5893,0.6522,0.4206,0.5952,0.645
Fusion3_K80_ENN|s76|a0.001,0.5893,0.6522,0.4206,0.5952,0.645
Fusion3_K120_ENN|s0|a0.05,0.5893,0.6522,0.4524,0.5952,0.865
K125|ENN4|s33|a0.01|lr0.0005,0.5893,0.6522,0.4762,0.5952,0.915
K125|ENN4|s33|a0.01|lr0.001,0.5893,0.6522,0.4841,0.5952,0.935
SpecMFCC_K80_ENN|s13|a0.001,0.5893,0.6522,0.5079,0.5952,0.54
SpecMFCC_K80_ENN|s13|a0.01,0.5893,0.6522,0.5079,0.5952,0.54
SpecMFCC_K80_ENN|s13|a0.05,0.5893,0.6522,0.5079,0.5952,0.54
SpecMFCC_K80_ENN|s76|a0.001,0.5893,0.6522,0.4841,0.5952,0.79
SpecMFCC_K80_ENN|s76|a0.01,0.5893,0.6522,0.4921,0.5952,0.79
SpecMFCC_K80_ENN|s76|a0.05,0.5893,0.6522,0.4921,0.5952,0.785
SpecMFCC_K80_ENN|s0|a0.001,0.5893,0.6522,0.4683,0.5952,0.705
K112|ENN5|s99|a0.0001|lr0.0003,0.5893,0.6522,0.4841,0.5952,0.815
K112|ENN5|s99|a0.0001|lr0.0005,0.5893,0.6522,0.4762,0.5952,0.83
K112|ENN5|s99|a0.0001|lr0.001,0.5893,0.6522,0.4762,0.5952,0.85
K112|ENN5|s99|a0.001|lr0.0003,0.5893,0.6522,0.4841,0.5952,0.815
K112|ENN5|s99|a0.001|lr0.0005,0.5893,0.6522,0.4762,0.5952,0.83
K105|ENN5|s21|a0.01|lr0.0005,0.5893,0.6522,0.5794,0.5952,0.52
K111|ENN5|s99|a0.05|lr0.0003,0.5893,0.6522,0.5317,0.5952,0.635
K130|ENN2|s21|a0.05|lr0.0003,0.5893,0.6522,0.5079,0.5952,0.81
K112|ENN5|s99|a0.001|lr0.001,0.5893,0.6522,0.4762,0.5952,0.85
K112|ENN5|s99|a0.01|lr0.0003,0.5893,0.6522,0.4841,0.5952,0.815
K112|ENN5|s99|a0.01|lr0.0005,0.5893,0.6522,0.4762,0.5952,0.825
K112|ENN5|s99|a0.01|lr0.001,0.5893,0.6522,0.4762,0.5952,0.85
arch300x150x75x50x25|s13|a0.001|lr0.001,0.5893,0.6522,0.627,0.5952,0.5
arch300x150x75x50x25|s0|a0.0001|lr0.0005,0.5893,0.6522,0.5317,0.5952,0.51
arch200x150x100x50|s99|a0.01|lr0.0005,0.5893,0.6522,0.4921,0.5952,0.53
arch200x150x100x50|s99|a0.05|lr0.0003,0.5893,0.6522,0.4603,0.5952,0.52
K115|ENN2|s0|a0.0001|lr0.0005,0.5893,0.6522,0.5635,0.5952,0.62
K115|ENN2|s0|a0.001|lr0.0005,0.5893,0.6522,0.5635,0.5952,0.62
K115|ENN2|s0|a0.01|lr0.0005,0.5893,0.6522,0.5635,0.5952,0.62
K125|ENN3|s21|a0.0001|lr0.0003,0.5893,0.6522,0.5159,0.5952,0.735
K120|ENN5|s42|a0.0001|lr0.0005,0.5893,0.6522,0.4603,0.5952,0.54
K120|ENN5|s42|a0.001|lr0.0005,0.5893,0.6522,0.4603,0.5952,0.54
K120|ENN5|s42|a0.01|lr0.0005,0.5893,0.6522,0.4603,0.5952,0.54
arch300x150x75x50x25|s0|a0.001|lr0.0005,0.5893,0.6522,0.5317,0.5952,0.51
arch300x150x75x50x25|s0|a0.01|lr0.0005,0.5893,0.6522,0.5317,0.5952,0.51
arch300x150x75x50x25|s0|a0.05|lr0.0005,0.5893,0.6522,0.5159,0.5952,0.51
K125|ENN5|s33|a0.05|lr0.001,0.5893,0.6522,0.5317,0.5952,0.905
K120|ENN2|s0|a0.05|lr0.0003,0.5893,0.6522,0.5238,0.5952,0.81
K125|ENN5|s33|a0.0001|lr0.0003,0.5893,0.6522,0.5159,0.5952,0.895
K125|ENN5|s33|a0.0001|lr0.001,0.5893,0.6522,0.5238,0.5952,0.905
K125|ENN5|s33|a0.001|lr0.0003,0.5893,0.6522,0.5159,0.5952,0.895
K125|ENN5|s33|a0.001|lr0.001,0.5893,0.6522,0.5238,0.5952,0.905
K120|ENN5|s42|a0.05|lr0.0005,0.5893,0.6522,0.4603,0.5952,0.54
arch200x150x100x50|s99|a0.001|lr0.0005,0.5893,0.6522,0.4921,0.5952,0.53
arch200x150x100x50|s99|a0.01|lr0.0003,0.5893,0.6522,0.4683,0.5952,0.52
K120|ENN5|s76|a0.001|lr0.0005,0.5893,0.6522,0.5556,0.5952,0.65
K107|ENN4|s33|a0.0001|lr0.0003,0.5893,0.6522,0.5873,0.5952,0.545
K107|ENN4|s33|a0.001|lr0.0003,0.5893,0.6522,0.5873,0.5952,0.545
K107|ENN4|s33|a0.01|lr0.0003,0.5893,0.6522,0.5873,0.5952,0.545
K107|ENN4|s33|a0.05|lr0.0003,0.5893,0.6522,0.5873,0.5952,0.545
K125|ENN5|s33|a0.05|lr0.0003,0.5893,0.6522,0.5079,0.5952,0.885
K125|ENN5|s33|a0.05|lr0.0005,0.5893,0.6522,0.5238,0.5952,0.895
K125|ENN5|s7|a0.0001|lr0.0003,0.5893,0.6522,0.5397,0.5952,0.585
K125|ENN5|s7|a0.001|lr0.0003,0.5893,0.6522,0.5397,0.5952,0.585
K125|ENN5|s7|a0.01|lr0.0003,0.5893,0.6522,0.5397,0.5952,0.585
K125|ENN5|s7|a0.05|lr0.0003,0.5893,0.6522,0.5397,0.5952,0.59
K112|ENN5|s99|a0.05|lr0.0003,0.5893,0.6522,0.4841,0.5952,0.81
K112|ENN5|s99|a0.05|lr0.0005,0.5893,0.6522,0.4683,0.5952,0.825
K112|ENN5|s99|a0.05|lr0.001,0.5893,0.6522,0.4683,0.5952,0.85
K125|ENN5|s33|a0.01|lr0.0003,0.5893,0.6522,0.5079,0.5952,0.89
K125|ENN5|s33|a0.01|lr0.0005,0.5893,0.6522,0.5079,0.5952,0.9
K125|ENN5|s33|a0.01|lr0.001,0.5893,0.6522,0.5159,0.5952,0.905
K108|ENN4|s76|a0.05|lr0.0005,0.5893,0.6522,0.5635,0.5952,0.575
K120|ENN5|s76|a0.01|lr0.0005,0.5893,0.6522,0.5556,0.5952,0.65
K120|ENN5|s76|a0.05|lr0.0005,0.5893,0.6522,0.5476,0.5952,0.65
K130|ENN5|s76|a0.0001|lr0.001,0.5893,0.6522,0.5159,0.5952,0.515
K130|ENN5|s76|a0.001|lr0.001,0.5893,0.6522,0.5159,0.5952,0.515
K130|ENN5|s76|a0.01|lr0.001,0.5893,0.6522,0.5159,0.5952,0.515
MFCC_K110_ENN|s42|a0.05,0.5893,0.6522,0.5476,0.5952,0.935
K125|ENN4|s33|a0.05|lr0.0005,0.5893,0.6522,0.4762,0.5952,0.91
K125|ENN4|s33|a0.05|lr0.001,0.5893,0.6522,0.4841,0.5952,0.935
K130|ENN5|s76|a0.05|lr0.001,0.5893,0.6522,0.5159,0.5952,0.515
K90|ENN3|s0|a0.05|lr0.0005,0.5893,0.6522,0.4762,0.5952,0.665
K120|ENN5|s21|a0.05|lr0.0005,0.5893,0.6522,0.5476,0.5952,0.62
K108|ENN4|s76|a0.0001|lr0.0005,0.5893,0.6522,0.5635,0.5952,0.575
K120|ENN2|s0|a0.0001|lr0.0003,0.5893,0.6522,0.5238,0.5952,0.81
K120|ENN2|s0|a0.001|lr0.0003,0.5893,0.6522,0.5238,0.5952,0.81
K120|ENN2|s0|a0.01|lr0.0003,0.5893,0.6522,0.5238,0.5952,0.81
K115|ENN2|s0|a0.05|lr0.0005,0.5893,0.6522,0.5635,0.5952,0.62
K90|ENN3|s0|a0.001|lr0.0005,0.5893,0.6522,0.4762,0.5952,0.665
MFCC_K150_ENN|s42|a0.001,0.5893,0.6522,0.5714,0.5952,0.6
MFCC_K150_ENN|s42|a0.01,0.5893,0.6522,0.5635,0.5952,0.6
MFCC_K150_ENN|s42|a0.05,0.5893,0.6522,0.5714,0.5952,0.6
MFCC_K150_ENN|s0|a0.001,0.5893,0.6522,0.5079,0.5952,0.51
MFCC_K150_ENN|s0|a0.01,0.5893,0.6522,0.5079,0.5952,0.51
MFCC_K150_ENN|s0|a0.05,0.5893,0.6522,0.5,0.5952,0.51
K125|ENN4|s33|a0.0001|lr0.0005,0.5893,0.6522,0.4762,0.5952,0.915
K125|ENN4|s33|a0.0001|lr0.001,0.5893,0.6522,0.4841,0.5952,0.935
K125|ENN4|s33|a0.001|lr0.0005,0.5893,0.6522,0.4762,0.5952,0.915
K125|ENN4|s33|a0.001|lr0.001,0.5893,0.6522,0.4841,0.5952,0.935
MFCC_K110_ENN|s42|a0.001,0.5893,0.6522,0.5476,0.5952,0.935
MFCC_K110_ENN|s42|a0.01,0.5893,0.6522,0.5556,0.5952,0.93
K90|ENN3|s0|a0.01|lr0.0005,0.5893,0.6522,0.4762,0.5952,0.665
K125|ENN3|s21|a0.001|lr0.0003,0.5893,0.6522,0.5159,0.5952,0.735
K108|ENN4|s76|a0.001|lr0.0005,0.5893,0.6522,0.5635,0.5952,0.575
K108|ENN4|s76|a0.01|lr0.0005,0.5893,0.6522,0.5635,0.5952,0.575
K90|ENN3|s0|a0.0001|lr0.0005,0.5893,0.6522,0.4762,0.5952,0.665
Fusion3_K150_ENN|s0|a0.01,0.5893,0.6522,0.5476,0.5952,0.505
Fusion3_K80_ENN|s76|a0.01,0.5893,0.6522,0.4206,0.5952,0.645
Fusion3_K150_ENN|s42|a0.01,0.5893,0.6522,0.5397,0.5952,0.55
Fusion3_K150_ENN|s42|a0.001,0.5893,0.6522,0.5397,0.5952,0.55
SpecMFCC_K80_ENN|s0|a0.01,0.5893,0.6522,0.4683,0.5952,0.705
SpecMFCC_K80_ENN|s0|a0.05,0.5893,0.6522,0.4683,0.5952,0.705
SpecMFCC_K100_ENN|s13|a0.01,0.5818,0.6957,0.5794,0.6111,0.58
SpecMFCC_K100_ENN|s13|a0.001,0.5818,0.6957,0.5794,0.6111,0.58
K110|ENN5|s33|a0.001|lr0.0003,0.5818,0.6957,0.5238,0.6111,0.575
K110|ENN5|s33|a0.0001|lr0.0005,0.5818,0.6957,0.5317,0.6111,0.585
K110|ENN5|s33|a0.0001|lr0.0003,0.5818,0.6957,0.5238,0.6111,0.575
K111|ENN4|s99|a0.001|lr0.0005,0.5818,0.6957,0.3889,0.6111,0.61
K111|ENN4|s99|a0.05|lr0.0005,0.5818,0.6957,0.3889,0.6111,0.61
Fusion3_K100_ENN|s13|a0.01,0.5818,0.6957,0.4683,0.6111,0.695
K111|ENN3|s99|a0.001|lr0.0003,0.5818,0.6957,0.373,0.6111,0.595
K115|ENN4|s33|a0.0001|lr0.0003,0.5818,0.6957,0.4286,0.6111,0.54
K115|ENN4|s33|a0.001|lr0.0003,0.5818,0.6957,0.4286,0.6111,0.54
K111|ENN4|s99|a0.01|lr0.0005,0.5818,0.6957,0.3889,0.6111,0.61
K111|ENN4|s99|a0.0001|lr0.0005,0.5818,0.6957,0.3889,0.6111,0.61
K115|ENN2|s0|a0.05|lr0.001,0.5818,0.6957,0.5794,0.6111,0.675
K115|ENN2|s0|a0.01|lr0.001,0.5818,0.6957,0.5714,0.6111,0.67
K115|ENN2|s0|a0.05|lr0.0003,0.5818,0.6957,0.5556,0.6111,0.67
K115|ENN4|s33|a0.05|lr0.001,0.5818,0.6957,0.4206,0.6111,0.53
K115|ENN4|s33|a0.05|lr0.0005,0.5818,0.6957,0.4206,0.6111,0.53
K115|ENN4|s33|a0.001|lr0.0005,0.5818,0.6957,0.4206,0.6111,0.53
K115|ENN4|s33|a0.001|lr0.001,0.5818,0.6957,0.4206,0.6111,0.53
K115|ENN4|s33|a0.01|lr0.0003,0.5818,0.6957,0.4286,0.6111,0.54
K115|ENN4|s33|a0.01|lr0.0005,0.5818,0.6957,0.4206,0.6111,0.53
K115|ENN4|s33|a0.01|lr0.001,0.5818,0.6957,0.4206,0.6111,0.53
K115|ENN4|s33|a0.05|lr0.0003,0.5818,0.6957,0.4206,0.6111,0.54
K115|ENN4|s33|a0.0001|lr0.0005,0.5818,0.6957,0.4206,0.6111,0.53
K130|ENN4|s13|a0.001|lr0.0005,0.5818,0.6957,0.4365,0.6111,0.575
K130|ENN4|s13|a0.0001|lr0.0005,0.5818,0.6957,0.4365,0.6111,0.575
K115|ENN4|s33|a0.0001|lr0.001,0.5818,0.6957,0.4206,0.6111,0.53
K111|ENN3|s99|a0.0001|lr0.0003,0.5818,0.6957,0.373,0.6111,0.595
K111|ENN3|s99|a0.05|lr0.0003,0.5818,0.6957,0.373,0.6111,0.595
K111|ENN3|s99|a0.01|lr0.0003,0.5818,0.6957,0.373,0.6111,0.595
arch500x250x100x50|s0|a0.001|lr0.0005,0.5818,0.6957,0.5317,0.6111,0.68
K130|ENN4|s13|a0.01|lr0.0005,0.5818,0.6957,0.4365,0.6111,0.575
arch500x250x100x50|s0|a0.01|lr0.0005,0.5818,0.6957,0.5317,0.6111,0.68
arch500x250x100x50|s0|a0.01|lr0.0003,0.5818,0.6957,0.5476,0.6111,0.7
arch500x250x100x50|s0|a0.05|lr0.0005,0.5818,0.6957,0.5317,0.6111,0.68
arch500x250x100x50|s0|a0.05|lr0.0003,0.5818,0.6957,0.5476,0.6111,0.7
K130|ENN4|s13|a0.05|lr0.0005,0.5818,0.6957,0.4365,0.6111,0.575
K115|ENN5|s33|a0.001|lr0.0003,0.5818,0.6957,0.4683,0.6111,0.56
K113|ENN2|s7|a0.0001|lr0.0003,0.5818,0.6957,0.5397,0.6111,0.52
Fusion3_K100_ENN|s13|a0.001,0.5818,0.6957,0.4683,0.6111,0.695
Fusion3_K100_ENN|s13|a0.05,0.5818,0.6957,0.4683,0.6111,0.695
K110|ENN5|s33|a0.001|lr0.0005,0.5818,0.6957,0.5317,0.6111,0.585
K110|ENN5|s33|a0.05|lr0.0005,0.5818,0.6957,0.5317,0.6111,0.585
K125|ENN3|s76|a0.05|lr0.0003,0.5818,0.6957,0.4048,0.6111,0.685
K125|ENN3|s76|a0.01|lr0.0003,0.5818,0.6957,0.4048,0.6111,0.685
K125|ENN3|s76|a0.0001|lr0.0003,0.5818,0.6957,0.4048,0.6111,0.685
SpecMFCC_K100_ENN|s13|a0.05,0.5818,0.6957,0.5794,0.6111,0.58
K110|ENN5|s33|a0.05|lr0.0003,0.5818,0.6957,0.5238,0.6111,0.57
K110|ENN5|s33|a0.01|lr0.0005,0.5818,0.6957,0.5317,0.6111,0.585
K110|ENN5|s33|a0.01|lr0.0003,0.5818,0.6957,0.5238,0.6111,0.57
K113|ENN2|s7|a0.01|lr0.0005,0.5818,0.6957,0.4921,0.6111,0.51
K125|ENN3|s76|a0.001|lr0.0003,0.5818,0.6957,0.4048,0.6111,0.685
K110|ENN3|s33|a0.01|lr0.0005,0.5818,0.6957,0.5317,0.6111,0.535
K110|ENN3|s33|a0.001|lr0.0005,0.5818,0.6957,0.5317,0.6111,0.53
K90|ENN3|s99|a0.01|lr0.0005,0.5818,0.6957,0.5635,0.6111,0.71
K115|ENN2|s33|a0.01|lr0.0003,0.5818,0.6957,0.5317,0.6111,0.545
K90|ENN3|s99|a0.05|lr0.001,0.5818,0.6957,0.5794,0.6111,0.725
K90|ENN3|s99|a0.05|lr0.0005,0.5818,0.6957,0.5635,0.6111,0.71
K90|ENN3|s99|a0.05|lr0.0003,0.5818,0.6957,0.5714,0.6111,0.69
K90|ENN3|s99|a0.01|lr0.001,0.5818,0.6957,0.5952,0.6111,0.73
K110|ENN3|s33|a0.05|lr0.0003,0.5818,0.6957,0.4841,0.6111,0.515
K110|ENN3|s33|a0.01|lr0.0003,0.5818,0.6957,0.4841,0.6111,0.515
K115|ENN2|s0|a0.0001|lr0.0003,0.5818,0.6957,0.5556,0.6111,0.67
K125|ENN3|s21|a0.0001|lr0.0005,0.5818,0.6957,0.5635,0.6111,0.76
K115|ENN2|s0|a0.001|lr0.0003,0.5818,0.6957,0.5556,0.6111,0.67
K115|ENN2|s0|a0.001|lr0.001,0.5818,0.6957,0.5714,0.6111,0.67
K115|ENN2|s0|a0.01|lr0.0003,0.5818,0.6957,0.5556,0.6111,0.67
K115|ENN2|s0|a0.0001|lr0.001,0.5818,0.6957,0.5714,0.6111,0.67
arch500x250x100x50|s0|a0.0001|lr0.0003,0.5818,0.6957,0.5476,0.6111,0.7
arch500x250x100x50|s0|a0.001|lr0.0003,0.5818,0.6957,0.5476,0.6111,0.7
arch500x250x100x50|s0|a0.0001|lr0.0005,0.5818,0.6957,0.5317,0.6111,0.68
K113|ENN2|s7|a0.05|lr0.0005,0.5818,0.6957,0.4921,0.6111,0.51
K113|ENN2|s7|a0.05|lr0.0003,0.5818,0.6957,0.5397,0.6111,0.52
K115|ENN5|s33|a0.01|lr0.0003,0.5818,0.6957,0.4603,0.6111,0.56
K115|ENN5|s33|a0.05|lr0.0003,0.5818,0.6957,0.4603,0.6111,0.56
K115|ENN5|s33|a0.0001|lr0.0003,0.5818,0.6957,0.4683,0.6111,0.56
K115|ENN5|s21|a0.05|lr0.0005,0.5818,0.6957,0.5873,0.6111,0.775
K113|ENN2|s7|a0.0001|lr0.0005,0.5818,0.6957,0.4921,0.6111,0.51
K113|ENN2|s7|a0.001|lr0.0003,0.5818,0.6957,0.5397,0.6111,0.52
K130|ENN5|s13|a0.001|lr0.0003,0.5818,0.6957,0.4286,0.6111,0.565
K130|ENN5|s13|a0.001|lr0.0005,0.5818,0.6957,0.4603,0.6111,0.57
K130|ENN5|s13|a0.01|lr0.0003,0.5818,0.6957,0.4286,0.6111,0.565
K130|ENN5|s13|a0.01|lr0.0005,0.5818,0.6957,0.4603,0.6111,0.57
K113|ENN2|s7|a0.01|lr0.0003,0.5818,0.6957,0.5397,0.6111,0.52
K113|ENN2|s7|a0.001|lr0.0005,0.5818,0.6957,0.4921,0.6111,0.51
K130|ENN5|s13|a0.0001|lr0.0003,0.5818,0.6957,0.4286,0.6111,0.565
K130|ENN5|s13|a0.0001|lr0.0005,0.5818,0.6957,0.4603,0.6111,0.57
K115|ENN5|s21|a0.0001|lr0.0005,0.5818,0.6957,0.5873,0.6111,0.775
K115|ENN5|s21|a0.0001|lr0.001,0.5818,0.6957,0.5873,0.6111,0.735
K130|ENN5|s13|a0.05|lr0.0005,0.5818,0.6957,0.4603,0.6111,0.57
K130|ENN5|s13|a0.05|lr0.0003,0.5818,0.6957,0.4286,0.6111,0.565
K90|ENN3|s99|a0.0001|lr0.001,0.5818,0.6957,0.5952,0.6111,0.73
K90|ENN3|s99|a0.001|lr0.0005,0.5818,0.6957,0.5635,0.6111,0.71
K90|ENN3|s99|a0.001|lr0.001,0.5818,0.6957,0.5952,0.6111,0.73
K90|ENN3|s99|a0.0001|lr0.0005,0.5818,0.6957,0.5635,0.6111,0.71
K110|ENN3|s33|a0.05|lr0.0005,0.5818,0.6957,0.5317,0.6111,0.535
K110|ENN3|s33|a0.0001|lr0.0003,0.5818,0.6957,0.4841,0.6111,0.515
K115|ENN5|s21|a0.01|lr0.0005,0.5818,0.6957,0.5794,0.6111,0.775
K115|ENN5|s21|a0.001|lr0.0005,0.5818,0.6957,0.5873,0.6111,0.775
K110|ENN3|s33|a0.0001|lr0.0005,0.5818,0.6957,0.5317,0.6111,0.53
K110|ENN3|s33|a0.001|lr0.0003,0.5818,0.6957,0.4841,0.6111,0.515
K115|ENN5|s42|a0.01|lr0.001,0.5801,0.6087,0.5397,0.5794,0.61
K115|ENN5|s42|a0.05|lr0.001,0.5801,0.6087,0.5397,0.5794,0.61
SpecMFCC_K120_ENN|s0|a0.05,0.5801,0.6087,0.4683,0.5794,0.85
SpecMFCC_K150_ENN|s76|a0.001,0.5801,0.6087,0.4048,0.5794,0.51
K130|ENN3|s13|a0.01|lr0.0003,0.5801,0.6087,0.5079,0.5794,0.7
K130|ENN3|s13|a0.05|lr0.0003,0.5801,0.6087,0.5,0.5794,0.695
K107|ENN4|s42|a0.0001|lr0.0005,0.5801,0.6087,0.5,0.5794,0.545
K107|ENN4|s42|a0.001|lr0.0003,0.5801,0.6087,0.4286,0.5794,0.53
K107|ENN4|s42|a0.001|lr0.0005,0.5801,0.6087,0.5,0.5794,0.545
K107|ENN4|s42|a0.01|lr0.0003,0.5801,0.6087,0.4286,0.5794,0.53
K107|ENN4|s42|a0.01|lr0.0005,0.5801,0.6087,0.5,0.5794,0.545
K107|ENN4|s42|a0.05|lr0.0003,0.5801,0.6087,0.4286,0.5794,0.53
K107|ENN4|s42|a0.05|lr0.0005,0.5801,0.6087,0.4921,0.5794,0.545
K107|ENN4|s42|a0.0001|lr0.0003,0.5801,0.6087,0.4286,0.5794,0.53
K108|ENN4|s0|a0.01|lr0.0003,0.5801,0.6087,0.5159,0.5794,0.55
K108|ENN4|s0|a0.001|lr0.0003,0.5801,0.6087,0.5159,0.5794,0.55
K108|ENN4|s0|a0.05|lr0.0003,0.5801,0.6087,0.5159,0.5794,0.55
K108|ENN4|s0|a0.0001|lr0.0003,0.5801,0.6087,0.5159,0.5794,0.55
K90|ENN3|s42|a0.001|lr0.0005,0.5801,0.6087,0.5397,0.5794,0.48
K90|ENN3|s42|a0.01|lr0.0005,0.5801,0.6087,0.5397,0.5794,0.48
K90|ENN3|s42|a0.0001|lr0.0005,0.5801,0.6087,0.5397,0.5794,0.48
K120|ENN2|s33|a0.01|lr0.0003,0.5801,0.6087,0.4921,0.5794,0.75
K120|ENN2|s33|a0.05|lr0.0003,0.5801,0.6087,0.5,0.5794,0.745
SpecMFCC_K120_ENN|s0|a0.001,0.5801,0.6087,0.4683,0.5794,0.855
K108|ENN2|s0|a0.05|lr0.0005,0.5801,0.6087,0.4762,0.5794,0.555
K108|ENN2|s0|a0.01|lr0.0005,0.5801,0.6087,0.4762,0.5794,0.555
K108|ENN2|s0|a0.001|lr0.0005,0.5801,0.6087,0.4762,0.5794,0.555
K108|ENN2|s0|a0.0001|lr0.0005,0.5801,0.6087,0.4762,0.5794,0.555
K113|ENN5|s21|a0.05|lr0.001,0.5801,0.6087,0.4683,0.5794,0.805
K120|ENN2|s33|a0.0001|lr0.0003,0.5801,0.6087,0.5,0.5794,0.75
K120|ENN2|s33|a0.001|lr0.0005,0.5801,0.6087,0.4921,0.5794,0.74
K120|ENN2|s33|a0.001|lr0.0003,0.5801,0.6087,0.4921,0.5794,0.75
K120|ENN2|s33|a0.0001|lr0.0005,0.5801,0.6087,0.4921,0.5794,0.74
SpecMFCC_K120_ENN|s0|a0.01,0.5801,0.6087,0.4683,0.5794,0.855
K95|ENN4|s0|a0.01|lr0.0003,0.5801,0.6087,0.5873,0.5794,0.575
K95|ENN4|s0|a0.05|lr0.0003,0.5801,0.6087,0.5873,0.5794,0.575
K120|ENN2|s42|a0.05|lr0.001,0.5801,0.6087,0.5397,0.5794,0.82
K112|ENN2|s13|a0.0001|lr0.001,0.5801,0.6087,0.5238,0.5794,0.56
K120|ENN2|s42|a0.01|lr0.0005,0.5801,0.6087,0.5476,0.5794,0.77
K120|ENN2|s42|a0.01|lr0.001,0.5801,0.6087,0.5397,0.5794,0.8
K120|ENN2|s42|a0.001|lr0.001,0.5801,0.6087,0.5317,0.5794,0.8
K112|ENN2|s13|a0.001|lr0.001,0.5801,0.6087,0.5238,0.5794,0.56
K90|ENN2|s0|a0.001|lr0.0005,0.5801,0.6087,0.5238,0.5794,0.655
K90|ENN2|s0|a0.0001|lr0.0005,0.5801,0.6087,0.5159,0.5794,0.655
K115|ENN4|s13|a0.01|lr0.001,0.5801,0.6087,0.4127,0.5794,0.48
K120|ENN4|s0|a0.05|lr0.0003,0.5801,0.6087,0.5476,0.5794,0.875
K120|ENN4|s0|a0.01|lr0.0003,0.5801,0.6087,0.5476,0.5794,0.88
K120|ENN4|s0|a0.001|lr0.0003,0.5801,0.6087,0.5476,0.5794,0.88
K120|ENN4|s0|a0.0001|lr0.0003,0.5801,0.6087,0.5476,0.5794,0.88
K112|ENN2|s13|a0.01|lr0.001,0.5801,0.6087,0.5238,0.5794,0.56
K120|ENN4|s33|a0.01|lr0.0003,0.5801,0.6087,0.4444,0.5794,0.845
K115|ENN4|s13|a0.05|lr0.001,0.5801,0.6087,0.4048,0.5794,0.48
K90|ENN2|s0|a0.01|lr0.0005,0.5801,0.6087,0.5159,0.5794,0.655
K90|ENN2|s0|a0.05|lr0.0005,0.5801,0.6087,0.5159,0.5794,0.655
K120|ENN4|s33|a0.01|lr0.0005,0.5801,0.6087,0.4524,0.5794,0.81
K120|ENN4|s33|a0.001|lr0.001,0.5801,0.6087,0.4683,0.5794,0.805
K125|ENN3|s7|a0.05|lr0.001,0.5801,0.6087,0.5714,0.5794,0.485
K125|ENN3|s7|a0.01|lr0.001,0.5801,0.6087,0.5714,0.5794,0.485
K125|ENN3|s7|a0.0001|lr0.001,0.5801,0.6087,0.5714,0.5794,0.485
K105|ENN5|s21|a0.01|lr0.0003,0.5801,0.6087,0.5794,0.5794,0.495
K105|ENN5|s21|a0.05|lr0.0005,0.5801,0.6087,0.5794,0.5794,0.505
K105|ENN5|s21|a0.05|lr0.0003,0.5801,0.6087,0.5873,0.5794,0.495
K120|ENN4|s33|a0.05|lr0.001,0.5801,0.6087,0.4603,0.5794,0.81
K120|ENN4|s33|a0.05|lr0.0005,0.5801,0.6087,0.4444,0.5794,0.825
K120|ENN4|s33|a0.05|lr0.0003,0.5801,0.6087,0.4365,0.5794,0.865
K120|ENN4|s33|a0.01|lr0.001,0.5801,0.6087,0.4603,0.5794,0.81
K115|ENN5|s42|a0.001|lr0.001,0.5801,0.6087,0.5397,0.5794,0.61
K113|ENN5|s21|a0.001|lr0.0005,0.5801,0.6087,0.4524,0.5794,0.78
K113|ENN5|s21|a0.0001|lr0.0005,0.5801,0.6087,0.4524,0.5794,0.78
K115|ENN5|s42|a0.0001|lr0.001,0.5801,0.6087,0.5397,0.5794,0.61
K113|ENN5|s21|a0.01|lr0.0005,0.5801,0.6087,0.4524,0.5794,0.78
K113|ENN5|s21|a0.01|lr0.001,0.5801,0.6087,0.4683,0.5794,0.81
K113|ENN5|s21|a0.001|lr0.001,0.5801,0.6087,0.4524,0.5794,0.81
K113|ENN5|s21|a0.0001|lr0.001,0.5801,0.6087,0.4683,0.5794,0.81
K120|ENN4|s33|a0.0001|lr0.001,0.5801,0.6087,0.4762,0.5794,0.805
K120|ENN4|s33|a0.001|lr0.0003,0.5801,0.6087,0.4365,0.5794,0.865
K120|ENN4|s33|a0.0001|lr0.0003,0.5801,0.6087,0.4444,0.5794,0.835
K120|ENN4|s33|a0.0001|lr0.0005,0.5801,0.6087,0.4524,0.5794,0.805
K120|ENN4|s33|a0.001|lr0.0005,0.5801,0.6087,0.4444,0.5794,0.82
K120|ENN4|s42|a0.05|lr0.0005,0.5801,0.6087,0.5397,0.5794,0.53
K100|ENN5|s99|a0.05|lr0.0005,0.5801,0.6087,0.5397,0.5794,0.605
K95|ENN4|s0|a0.0001|lr0.0003,0.5801,0.6087,0.5873,0.5794,0.575
K120|ENN2|s42|a0.001|lr0.0005,0.5801,0.6087,0.5476,0.5794,0.77
K120|ENN2|s42|a0.0001|lr0.001,0.5801,0.6087,0.5317,0.5794,0.8
K95|ENN4|s0|a0.001|lr0.0003,0.5801,0.6087,0.5873,0.5794,0.575
MFCC_K110_ENN|s76|a0.001,0.5801,0.6087,0.5476,0.5794,0.465
MFCC_K120_ENN|s42|a0.01,0.5801,0.6087,0.5476,0.5794,0.51
MFCC_K120_ENN|s42|a0.05,0.5801,0.6087,0.5556,0.5794,0.51
Stack8_metaC10.0,0.5801,0.6087,0.5714,0.5794,0.705
Stack6_metaC10.0,0.5801,0.6087,0.5794,0.5794,0.72
K120|ENN2|s42|a0.0001|lr0.0005,0.5801,0.6087,0.5476,0.5794,0.77
MFCC_K110_ENN|s76|a0.01,0.5801,0.6087,0.5476,0.5794,0.465
MFCC_K110_ENN|s76|a0.05,0.5801,0.6087,0.5476,0.5794,0.465
MFCC_K120_ENN|s42|a0.001,0.5801,0.6087,0.5476,0.5794,0.51
MFCC_K120_ENN|s0|a0.01,0.5801,0.6087,0.5476,0.5794,0.67
MFCC_K120_ENN|s0|a0.05,0.5801,0.6087,0.5476,0.5794,0.665
MFCC_K120_ENN|s0|a0.001,0.5801,0.6087,0.5476,0.5794,0.67
SpecMFCC_K150_ENN|s76|a0.01,0.5801,0.6087,0.4048,0.5794,0.51
Fusion3_K110_ENN|s42|a0.05,0.5644,0.5652,0.4841,0.5833,0.65
Fusion3_K110_ENN|s42|a0.01,0.5644,0.5652,0.4841,0.5833,0.65
Fusion3_K110_ENN|s42|a0.001,0.5644,0.5652,0.4921,0.5833,0.65
K120|ENN2|s7|a0.05|lr0.001,0.5644,0.5652,0.5,0.6032,0.41
K120|ENN2|s7|a0.05|lr0.0005,0.5644,0.5652,0.5159,0.5833,0.46
K112|ENN2|s7|a0.05|lr0.0005,0.5644,0.5652,0.4762,0.5833,0.78
K120|ENN5|s42|a0.0001|lr0.001,0.5644,0.5652,0.4444,0.5833,0.505
K120|ENN4|s76|a0.01|lr0.001,0.5644,0.5652,0.5556,0.6032,0.47
K120|ENN4|s76|a0.0001|lr0.001,0.5644,0.5652,0.5635,0.6032,0.47
arch300x150x75x50x25|s42|a0.05|lr0.001,0.5644,0.5652,0.5952,0.6032,0.85
arch300x150x75x50x25|s42|a0.01|lr0.001,0.5644,0.5652,0.5952,0.6032,0.87
arch300x150x75x50x25|s42|a0.001|lr0.001,0.5644,0.5652,0.5714,0.6032,0.87
K95|ENN5|s76|a0.001|lr0.0005,0.5644,0.5652,0.5952,0.5833,0.535
K95|ENN5|s76|a0.0001|lr0.0005,0.5644,0.5652,0.5952,0.5833,0.535
K130|ENN2|s76|a0.05|lr0.001,0.5644,0.5652,0.5238,0.6032,0.31
arch200x150x100x50|s42|a0.001|lr0.001,0.5644,0.5652,0.5794,0.6032,0.735
arch200x150x100x50|s42|a0.0001|lr0.001,0.5644,0.5652,0.5714,0.6032,0.735
arch200x150x100x50|s42|a0.05|lr0.001,0.5644,0.5652,0.5952,0.6032,0.725
K120|ENN5|s42|a0.05|lr0.001,0.5644,0.5652,0.4524,0.5833,0.505
K120|ENN5|s42|a0.01|lr0.001,0.5644,0.5652,0.4524,0.5833,0.505
K120|ENN5|s42|a0.001|lr0.001,0.5644,0.5652,0.4444,0.5833,0.505
K125|ENN3|s21|a0.05|lr0.001,0.5644,0.5652,0.5714,0.5833,0.645
K111|ENN4|s13|a0.01|lr0.001,0.5644,0.5652,0.4762,0.5833,0.58
K130|ENN2|s76|a0.001|lr0.001,0.5644,0.5652,0.5238,0.6032,0.305
K90|ENN4|s99|a0.05|lr0.0005,0.5644,0.5652,0.5556,0.6032,0.585
K111|ENN4|s13|a0.001|lr0.001,0.5644,0.5652,0.4762,0.5833,0.58
K125|ENN3|s21|a0.001|lr0.001,0.5644,0.5652,0.5714,0.5833,0.645
K125|ENN3|s21|a0.0001|lr0.001,0.5644,0.5652,0.5714,0.5833,0.645
K108|ENN3|s99|a0.0001|lr0.0005,0.5644,0.5652,0.5159,0.5833,0.495
K112|ENN4|s33|a0.01|lr0.0005,0.5644,0.5652,0.4762,0.5833,0.76
K112|ENN4|s33|a0.01|lr0.0003,0.5644,0.5652,0.4762,0.5833,0.755
K108|ENN3|s99|a0.01|lr0.0005,0.5644,0.5652,0.5159,0.5833,0.495
K108|ENN3|s99|a0.001|lr0.0005,0.5644,0.5652,0.5159,0.5833,0.495
K100|ENN5|s76|a0.05|lr0.001,0.5644,0.5652,0.6349,0.5833,0.895
arch300x200x100x50x25|s0|a0.05|lr0.001,0.5644,0.5652,0.5,0.5833,0.485
K108|ENN4|s99|a0.05|lr0.001,0.5644,0.5652,0.5159,0.6032,0.49
K108|ENN4|s99|a0.01|lr0.001,0.5644,0.5652,0.5159,0.6032,0.49
K108|ENN4|s99|a0.001|lr0.001,0.5644,0.5652,0.5159,0.6032,0.49
MFCC_K150_ENN|s76|a0.05,0.5644,0.5652,0.4762,0.6032,0.43
MFCC_K150_ENN|s76|a0.01,0.5644,0.5652,0.4762,0.6032,0.43
MFCC_K150_ENN|s76|a0.001,0.5644,0.5652,0.4762,0.6032,0.43
K130|ENN4|s33|a0.05|lr0.0005,0.5644,0.5652,0.5317,0.5833,0.73
K130|ENN4|s33|a0.05|lr0.0003,0.5644,0.5652,0.5159,0.5833,0.715
K130|ENN4|s33|a0.01|lr0.0005,0.5644,0.5652,0.5317,0.5833,0.73
K125|ENN3|s21|a0.01|lr0.001,0.5644,0.5652,0.5714,0.5833,0.645
arch300x200x100x50x25|s0|a0.0001|lr0.001,0.5644,0.5652,0.5079,0.5833,0.485
K112|ENN4|s33|a0.0001|lr0.0005,0.5644,0.5652,0.4762,0.5833,0.76
K112|ENN4|s33|a0.0001|lr0.0003,0.5644,0.5652,0.4762,0.5833,0.745
K112|ENN4|s33|a0.05|lr0.001,0.5644,0.5652,0.4762,0.5833,0.735
K112|ENN4|s33|a0.05|lr0.0005,0.5644,0.5652,0.4762,0.5833,0.76
K108|ENN4|s99|a0.0001|lr0.001,0.5644,0.5652,0.5159,0.6032,0.49
arch300x200x100x50x25|s0|a0.01|lr0.001,0.5644,0.5652,0.5079,0.5833,0.485
arch300x200x100x50x25|s0|a0.001|lr0.001,0.5644,0.5652,0.5079,0.5833,0.485
K90|ENN4|s99|a0.001|lr0.0005,0.5644,0.5652,0.5556,0.6032,0.585
K90|ENN4|s99|a0.0001|lr0.0005,0.5644,0.5652,0.5556,0.6032,0.585
K105|ENN3|s99|a0.0001|lr0.001,0.5644,0.5652,0.6032,0.5833,0.94
K130|ENN4|s33|a0.001|lr0.0005,0.5644,0.5652,0.5317,0.5833,0.73
K130|ENN4|s33|a0.001|lr0.0003,0.5644,0.5652,0.5159,0.5833,0.715
K112|ENN4|s33|a0.05|lr0.0003,0.5644,0.5652,0.4762,0.5833,0.745
K108|ENN5|s42|a0.05|lr0.0005,0.5644,0.5652,0.5794,0.5833,0.62
K90|ENN3|s42|a0.05|lr0.0005,0.5644,0.5652,0.5397,0.5833,0.455
K90|ENN3|s42|a0.05|lr0.0003,0.5644,0.5652,0.5317,0.5833,0.45
K90|ENN3|s42|a0.01|lr0.0003,0.5644,0.5652,0.5317,0.5833,0.45
K90|ENN3|s42|a0.001|lr0.0003,0.5644,0.5652,0.5317,0.5833,0.45
K90|ENN3|s42|a0.0001|lr0.0003,0.5644,0.5652,0.5317,0.5833,0.45
arch300x200x100x50x25|s76|a0.01|lr0.001,0.5644,0.5652,0.5397,0.6032,0.9
K108|ENN5|s42|a0.001|lr0.0005,0.5644,0.5652,0.5714,0.5833,0.63
K108|ENN5|s42|a0.0001|lr0.0005,0.5644,0.5652,0.5714,0.5833,0.63
K108|ENN5|s99|a0.05|lr0.0005,0.5644,0.5652,0.5635,0.6032,0.495
MFCC_K100_ENN|s42|a0.05,0.5644,0.5652,0.5476,0.5833,0.46
MFCC_K100_ENN|s42|a0.01,0.5644,0.5652,0.5397,0.5833,0.46
K105|ENN3|s99|a0.05|lr0.001,0.5644,0.5652,0.619,0.5833,0.925
K112|ENN4|s33|a0.001|lr0.0005,0.5644,0.5652,0.4762,0.5833,0.76
K112|ENN4|s33|a0.001|lr0.0003,0.5644,0.5652,0.4762,0.5833,0.755
K108|ENN5|s42|a0.01|lr0.0005,0.5644,0.5652,0.5714,0.5833,0.62
arch400x300x200x100|s0|a0.01|lr0.001,0.5644,0.5652,0.6349,0.5833,0.94
K120|ENN2|s7|a0.05|lr0.0003,0.5644,0.5652,0.5079,0.5833,0.455
K120|ENN2|s7|a0.01|lr0.001,0.5644,0.5652,0.5238,0.6032,0.475
K120|ENN2|s7|a0.01|lr0.0005,0.5644,0.5652,0.5159,0.5833,0.46
K120|ENN2|s7|a0.01|lr0.0003,0.5644,0.5652,0.5079,0.5833,0.455
K120|ENN2|s7|a0.001|lr0.001,0.5644,0.5652,0.4841,0.6032,0.39
K120|ENN2|s7|a0.001|lr0.0005,0.5644,0.5652,0.5079,0.5833,0.46
K120|ENN2|s7|a0.001|lr0.0003,0.5644,0.5652,0.5079,0.5833,0.455
K120|ENN2|s7|a0.0001|lr0.001,0.5644,0.5652,0.5238,0.6032,0.475
K120|ENN2|s7|a0.0001|lr0.0005,0.5644,0.5652,0.5079,0.5833,0.46
K120|ENN2|s7|a0.0001|lr0.0003,0.5644,0.5652,0.5079,0.5833,0.455
K112|ENN2|s7|a0.01|lr0.0005,0.5644,0.5652,0.4841,0.5833,0.775
K112|ENN2|s7|a0.001|lr0.0005,0.5644,0.5652,0.4762,0.5833,0.78
K111|ENN5|s76|a0.01|lr0.001,0.5644,0.5652,0.5556,0.6032,0.525
K111|ENN5|s76|a0.001|lr0.001,0.5644,0.5652,0.5556,0.6032,0.515
K111|ENN5|s76|a0.0001|lr0.001,0.5644,0.5652,0.5556,0.6032,0.52
K111|ENN5|s99|a0.0001|lr0.0005,0.5644,0.5652,0.5476,0.5833,0.56
K111|ENN5|s99|a0.001|lr0.0005,0.5644,0.5652,0.5476,0.5833,0.56
K111|ENN5|s21|a0.001|lr0.0005,0.5644,0.5652,0.4762,0.6032,0.82
K111|ENN5|s21|a0.0001|lr0.0005,0.5644,0.5652,0.4762,0.6032,0.83
K111|ENN5|s76|a0.05|lr0.001,0.5644,0.5652,0.5556,0.6032,0.53
K111|ENN5|s99|a0.05|lr0.0005,0.5644,0.5652,0.5476,0.5833,0.56
K111|ENN5|s99|a0.01|lr0.0005,0.5644,0.5652,0.5476,0.5833,0.56
arch500x250x100x50|s13|a0.001|lr0.001,0.5644,0.5652,0.5794,0.5833,0.795
K112|ENN5|s21|a0.05|lr0.001,0.5644,0.5652,0.5,0.5833,0.51
K112|ENN5|s21|a0.01|lr0.001,0.5644,0.5652,0.5079,0.5833,0.505
K112|ENN5|s21|a0.001|lr0.001,0.5644,0.5652,0.5079,0.5833,0.505
K112|ENN5|s21|a0.0001|lr0.001,0.5644,0.5652,0.5079,0.5833,0.5
K90|ENN4|s99|a0.01|lr0.0005,0.5644,0.5652,0.5556,0.6032,0.585
K100|ENN2|s99|a0.01|lr0.0005,0.5644,0.5652,0.5873,0.6032,0.865
K95|ENN2|s76|a0.001|lr0.001,0.5644,0.5652,0.619,0.6032,0.93
K120|ENN2|s42|a0.05|lr0.0005,0.5644,0.5652,0.5397,0.6032,0.525
K120|ENN2|s42|a0.01|lr0.0003,0.5644,0.5652,0.5476,0.6032,0.53
K95|ENN2|s76|a0.01|lr0.001,0.5644,0.5652,0.6032,0.5833,0.94
MFCC_K100_ENN|s42|a0.001,0.5644,0.5652,0.5476,0.5833,0.46
arch600x300x150x75|s76|a0.001|lr0.001,0.5644,0.5652,0.5476,0.5833,0.55
arch600x300x150x75|s76|a0.0001|lr0.001,0.5644,0.5652,0.5397,0.5833,0.55
K105|ENN5|s21|a0.001|lr0.0003,0.5644,0.5652,0.5794,0.6032,0.435
K105|ENN5|s21|a0.0001|lr0.0003,0.5644,0.5652,0.5794,0.6032,0.435
K111|ENN2|s21|a0.01|lr0.0005,0.5644,0.5652,0.5079,0.5833,0.63
K111|ENN2|s21|a0.001|lr0.0005,0.5644,0.5652,0.5079,0.5833,0.625
K111|ENN3|s13|a0.05|lr0.001,0.5644,0.5652,0.6111,0.6032,0.75
K130|ENN4|s33|a0.0001|lr0.0005,0.5644,0.5652,0.5317,0.5833,0.73
K130|ENN4|s33|a0.0001|lr0.0003,0.5644,0.5652,0.5159,0.5833,0.715
K111|ENN2|s21|a0.0001|lr0.0005,0.5644,0.5652,0.5079,0.5833,0.625
K111|ENN2|s21|a0.05|lr0.0005,0.5644,0.5652,0.5159,0.5833,0.625
K112|ENN2|s7|a0.0001|lr0.0005,0.5644,0.5652,0.4762,0.5833,0.775
K100|ENN2|s76|a0.05|lr0.001,0.5644,0.5652,0.5635,0.6032,0.9
K110|ENN5|s33|a0.01|lr0.001,0.5644,0.5652,0.5556,0.5833,0.5
K110|ENN5|s33|a0.001|lr0.001,0.5644,0.5652,0.5556,0.5833,0.5
K110|ENN5|s33|a0.0001|lr0.001,0.5644,0.5652,0.5556,0.5833,0.5
K95|ENN3|s7|a0.01|lr0.001,0.5644,0.5652,0.5794,0.6032,0.94
K107|ENN3|s21|a0.01|lr0.0003,0.5644,0.5652,0.4921,0.6032,0.535
K107|ENN3|s21|a0.001|lr0.0003,0.5644,0.5652,0.4921,0.6032,0.535
K107|ENN3|s21|a0.0001|lr0.0003,0.5644,0.5652,0.4921,0.6032,0.535
K107|ENN3|s21|a0.05|lr0.0003,0.5644,0.5652,0.4921,0.6032,0.535
K120|ENN2|s42|a0.001|lr0.0003,0.5644,0.5652,0.5476,0.6032,0.53
K120|ENN2|s42|a0.0001|lr0.0003,0.5644,0.5652,0.5556,0.6032,0.53
arch600x300x150x75|s76|a0.05|lr0.001,0.5644,0.5652,0.5476,0.5833,0.56
arch600x300x150x75|s76|a0.01|lr0.001,0.5644,0.5652,0.5476,0.5833,0.57
K130|ENN3|s13|a0.0001|lr0.0003,0.5577,0.5652,0.5,0.5635,0.595
K90|ENN4|s0|a0.01|lr0.0005,0.5577,0.5652,0.5159,0.5635,0.64
K115|ENN3|s13|a0.05|lr0.0005,0.5577,0.5652,0.5079,0.5635,0.385
K90|ENN4|s0|a0.05|lr0.0005,0.5577,0.5652,0.5159,0.5635,0.64
Fusion3_K80_ENN|s13|a0.01,0.5577,0.5652,0.5,0.623,0.45
K100|ENN5|s99|a0.0001|lr0.0003,0.5577,0.5652,0.5238,0.5635,0.585
K100|ENN5|s99|a0.001|lr0.0003,0.5577,0.5652,0.5238,0.5635,0.585
K107|ENN2|s42|a0.0001|lr0.0005,0.5577,0.5652,0.5317,0.5635,0.54
K130|ENN4|s33|a0.0001|lr0.001,0.5577,0.5652,0.5159,0.5635,0.76
K95|ENN5|s42|a0.0001|lr0.001,0.5577,0.5652,0.5079,0.5635,0.815
K95|ENN5|s42|a0.001|lr0.001,0.5577,0.5652,0.5079,0.5635,0.81
K125|ENN2|s0|a0.05|lr0.001,0.5577,0.5652,0.5397,0.5635,0.82
K125|ENN2|s76|a0.05|lr0.0005,0.5577,0.5652,0.5,0.5635,0.91
K125|ENN2|s76|a0.05|lr0.001,0.5577,0.5652,0.5238,0.5635,0.93
K125|ENN2|s0|a0.001|lr0.001,0.5577,0.5652,0.5397,0.5635,0.855
K125|ENN2|s0|a0.01|lr0.001,0.5577,0.5652,0.5317,0.5635,0.85
K111|ENN2|s13|a0.05|lr0.001,0.5577,0.5652,0.5476,0.5635,0.59
K111|ENN2|s13|a0.0001|lr0.001,0.5577,0.5652,0.5238,0.5635,0.59
K111|ENN2|s13|a0.001|lr0.001,0.5577,0.5652,0.5317,0.5635,0.59
K107|ENN4|s21|a0.001|lr0.0003,0.5577,0.5652,0.4841,0.5635,0.545
K107|ENN4|s21|a0.01|lr0.0003,0.5577,0.5652,0.4841,0.5635,0.545
K107|ENN4|s21|a0.05|lr0.0003,0.5577,0.5652,0.4921,0.5635,0.545
K120|ENN4|s0|a0.001|lr0.0005,0.5577,0.5652,0.5476,0.5635,0.66
K107|ENN2|s21|a0.05|lr0.0003,0.5577,0.5652,0.4921,0.5635,0.545
K107|ENN2|s21|a0.0001|lr0.0003,0.5577,0.5652,0.4921,0.5635,0.545
K107|ENN2|s21|a0.001|lr0.0003,0.5577,0.5652,0.4921,0.5635,0.545
K130|ENN2|s76|a0.05|lr0.0005,0.5577,0.5652,0.5238,0.5635,0.595
MFCC_K80_ENN|s76|a0.001,0.5577,0.5652,0.5317,0.623,0.635
MFCC_K80_ENN|s76|a0.05,0.5577,0.5652,0.5238,0.623,0.635
K100|ENN2|s33|a0.0001|lr0.001,0.5577,0.5652,0.5476,0.623,0.88
K107|ENN5|s21|a0.05|lr0.0003,0.5577,0.5652,0.4524,0.5635,0.545
K115|ENN4|s0|a0.01|lr0.0003,0.5577,0.5652,0.4841,0.5635,0.6
K115|ENN4|s0|a0.01|lr0.0005,0.5577,0.5652,0.4841,0.5635,0.61
K115|ENN4|s0|a0.01|lr0.001,0.5577,0.5652,0.4762,0.5635,0.64
K115|ENN4|s0|a0.05|lr0.0003,0.5577,0.5652,0.4921,0.5635,0.6
K115|ENN4|s0|a0.05|lr0.0005,0.5577,0.5652,0.4762,0.5635,0.61
K130|ENN2|s76|a0.0001|lr0.0005,0.5577,0.5652,0.5238,0.5635,0.59
K130|ENN2|s76|a0.0001|lr0.001,0.5577,0.5652,0.5159,0.5635,0.64
K130|ENN2|s76|a0.001|lr0.0005,0.5577,0.5652,0.5238,0.5635,0.59
K130|ENN2|s76|a0.01|lr0.0005,0.5577,0.5652,0.5238,0.5635,0.58
K108|ENN4|s76|a0.0001|lr0.0003,0.5577,0.5652,0.5238,0.5635,0.545
K125|ENN3|s7|a0.001|lr0.0005,0.5577,0.5652,0.5476,0.623,0.44
K113|ENN5|s42|a0.01|lr0.001,0.5577,0.5652,0.5556,0.5635,0.805
K113|ENN5|s13|a0.0001|lr0.0005,0.5577,0.5652,0.4921,0.5635,0.575
K107|ENN2|s42|a0.001|lr0.0005,0.5577,0.5652,0.5317,0.5635,0.54
K125|ENN3|s7|a0.01|lr0.0005,0.5577,0.5652,0.5397,0.623,0.44
K125|ENN3|s7|a0.05|lr0.0005,0.5577,0.5652,0.5397,0.623,0.44
K107|ENN4|s21|a0.0001|lr0.0003,0.5577,0.5652,0.4841,0.5635,0.545
K108|ENN4|s76|a0.001|lr0.0003,0.5577,0.5652,0.5238,0.5635,0.545
K130|ENN2|s76|a0.01|lr0.001,0.5577,0.5652,0.5159,0.5635,0.65
K107|ENN5|s76|a0.01|lr0.001,0.5577,0.5652,0.5159,0.623,0.39
K112|ENN2|s13|a0.001|lr0.0003,0.5577,0.5652,0.4841,0.5635,0.525
K112|ENN2|s13|a0.01|lr0.0003,0.5577,0.5652,0.4841,0.5635,0.525
K112|ENN2|s13|a0.05|lr0.0003,0.5577,0.5652,0.4841,0.5635,0.525
K130|ENN3|s13|a0.001|lr0.0005,0.5577,0.5652,0.4762,0.5635,0.6
K130|ENN3|s13|a0.001|lr0.001,0.5577,0.5652,0.4762,0.5635,0.6
K130|ENN3|s13|a0.01|lr0.0005,0.5577,0.5652,0.4762,0.5635,0.6
K100|ENN5|s99|a0.01|lr0.0003,0.5577,0.5652,0.5238,0.5635,0.585
K100|ENN5|s99|a0.05|lr0.0003,0.5577,0.5652,0.5238,0.5635,0.585
K125|ENN4|s76|a0.001|lr0.001,0.5577,0.5652,0.4524,0.5635,0.74
K130|ENN3|s13|a0.0001|lr0.0005,0.5577,0.5652,0.4762,0.5635,0.595
K130|ENN3|s13|a0.0001|lr0.001,0.5577,0.5652,0.4841,0.5635,0.6
K107|ENN2|s21|a0.01|lr0.0003,0.5577,0.5652,0.4921,0.5635,0.545
K125|ENN4|s76|a0.01|lr0.0003,0.5577,0.5652,0.4524,0.5635,0.735
K125|ENN4|s76|a0.01|lr0.0005,0.5577,0.5652,0.4524,0.5635,0.735
K125|ENN4|s76|a0.01|lr0.001,0.5577,0.5652,0.4524,0.5635,0.74
K108|ENN4|s76|a0.01|lr0.0003,0.5577,0.5652,0.5238,0.5635,0.545
K108|ENN3|s99|a0.05|lr0.0005,0.5577,0.5652,0.5238,0.623,0.465
K113|ENN4|s13|a0.0001|lr0.001,0.5577,0.5652,0.746,0.623,0.86
K113|ENN4|s13|a0.001|lr0.001,0.5577,0.5652,0.746,0.623,0.855
K113|ENN4|s13|a0.01|lr0.001,0.5577,0.5652,0.746,0.623,0.845
K130|ENN4|s33|a0.01|lr0.001,0.5577,0.5652,0.5159,0.5635,0.765
K130|ENN4|s33|a0.05|lr0.001,0.5577,0.5652,0.5159,0.5635,0.76
K90|ENN3|s13|a0.001|lr0.001,0.5577,0.5652,0.5079,0.5635,0.565
K90|ENN4|s0|a0.001|lr0.0005,0.5577,0.5652,0.5159,0.5635,0.64
K115|ENN3|s13|a0.0001|lr0.0005,0.5577,0.5652,0.5079,0.5635,0.385
K115|ENN3|s13|a0.001|lr0.0005,0.5577,0.5652,0.5,0.5635,0.385
K125|ENN3|s7|a0.0001|lr0.0005,0.5577,0.5652,0.5476,0.623,0.44
K113|ENN5|s42|a0.001|lr0.001,0.5577,0.5652,0.5556,0.5635,0.805
K130|ENN3|s13|a0.01|lr0.001,0.5577,0.5652,0.4841,0.5635,0.605
K130|ENN3|s13|a0.05|lr0.0005,0.5577,0.5652,0.4762,0.5635,0.595
K130|ENN3|s13|a0.05|lr0.001,0.5577,0.5652,0.4841,0.5635,0.605
K107|ENN5|s21|a0.0001|lr0.0003,0.5577,0.5652,0.4603,0.5635,0.545
K107|ENN5|s21|a0.001|lr0.0003,0.5577,0.5652,0.4603,0.5635,0.545
K107|ENN5|s21|a0.01|lr0.0003,0.5577,0.5652,0.4603,0.5635,0.545
K90|ENN3|s13|a0.0001|lr0.001,0.5577,0.5652,0.5079,0.5635,0.565
K108|ENN5|s7|a0.05|lr0.001,0.5577,0.5652,0.5556,0.623,0.41
K125|ENN2|s76|a0.0001|lr0.0005,0.5577,0.5652,0.5079,0.5635,0.91
K115|ENN4|s0|a0.0001|lr0.0003,0.5577,0.5652,0.4921,0.5635,0.605
K115|ENN4|s0|a0.0001|lr0.0005,0.5577,0.5652,0.4841,0.5635,0.61
K113|ENN5|s13|a0.01|lr0.0005,0.5577,0.5652,0.4921,0.5635,0.575
K115|ENN3|s13|a0.01|lr0.0005,0.5577,0.5652,0.5079,0.5635,0.385
K125|ENN5|s0|a0.05|lr0.001,0.5577,0.5652,0.5476,0.5635,0.615
K95|ENN5|s42|a0.01|lr0.001,0.5577,0.5652,0.5079,0.5635,0.81
K95|ENN5|s42|a0.05|lr0.001,0.5577,0.5652,0.5079,0.5635,0.8
K100|ENN2|s33|a0.001|lr0.001,0.5577,0.5652,0.5476,0.623,0.88
K100|ENN2|s33|a0.01|lr0.001,0.5577,0.5652,0.5476,0.623,0.87
K113|ENN5|s13|a0.001|lr0.0005,0.5577,0.5652,0.4921,0.5635,0.575
K95|ENN5|s76|a0.05|lr0.0003,0.5577,0.5652,0.5714,0.5635,0.53
K112|ENN4|s99|a0.001|lr0.001,0.5577,0.5652,0.4921,0.5635,0.715
K112|ENN4|s99|a0.01|lr0.001,0.5577,0.5652,0.5,0.5635,0.715
K108|ENN5|s42|a0.001|lr0.001,0.5577,0.5652,0.5556,0.623,0.1
K125|ENN2|s76|a0.01|lr0.0005,0.5577,0.5652,0.5079,0.5635,0.91
K108|ENN5|s7|a0.0001|lr0.001,0.5577,0.5652,0.5476,0.623,0.405
K108|ENN5|s7|a0.001|lr0.001,0.5577,0.5652,0.5476,0.623,0.4
K108|ENN5|s7|a0.01|lr0.001,0.5577,0.5652,0.5556,0.623,0.41
K125|ENN4|s76|a0.05|lr0.0003,0.5577,0.5652,0.4524,0.5635,0.735
K125|ENN3|s21|a0.01|lr0.0005,0.5577,0.5652,0.5556,0.623,0.57
K125|ENN3|s21|a0.05|lr0.0005,0.5577,0.5652,0.5556,0.623,0.57
K130|ENN4|s33|a0.001|lr0.001,0.5577,0.5652,0.5159,0.5635,0.765
K130|ENN3|s13|a0.001|lr0.0003,0.5577,0.5652,0.5,0.5635,0.6
K120|ENN4|s0|a0.01|lr0.0005,0.5577,0.5652,0.5556,0.5635,0.66
K125|ENN4|s76|a0.0001|lr0.0003,0.5577,0.5652,0.4524,0.5635,0.735
K125|ENN4|s76|a0.0001|lr0.0005,0.5577,0.5652,0.4524,0.5635,0.735
K115|ENN4|s0|a0.0001|lr0.001,0.5577,0.5652,0.4762,0.5635,0.64
K130|ENN4|s42|a0.05|lr0.001,0.5577,0.5652,0.6032,0.5635,0.945
K125|ENN2|s76|a0.001|lr0.0005,0.5577,0.5652,0.5,0.5635,0.915
K125|ENN4|s76|a0.001|lr0.0003,0.5577,0.5652,0.4524,0.5635,0.735
K125|ENN4|s76|a0.001|lr0.0005,0.5577,0.5652,0.4603,0.5635,0.735
K112|ENN2|s13|a0.0001|lr0.0003,0.5577,0.5652,0.4841,0.5635,0.525
K125|ENN4|s76|a0.0001|lr0.001,0.5577,0.5652,0.4524,0.5635,0.74
K115|ENN4|s0|a0.001|lr0.001,0.5577,0.5652,0.4762,0.5635,0.64
arch300x200x100x50x25|s76|a0.001|lr0.001,0.5577,0.5652,0.5317,0.623,0.555
K125|ENN4|s76|a0.05|lr0.0005,0.5577,0.5652,0.4603,0.5635,0.735
K125|ENN4|s76|a0.05|lr0.001,0.5577,0.5652,0.4524,0.5635,0.735
K105|ENN4|s7|a0.01|lr0.0005,0.5577,0.5652,0.6032,0.5635,0.945
K105|ENN4|s7|a0.0001|lr0.0005,0.5577,0.5652,0.6032,0.5635,0.94
K105|ENN3|s99|a0.001|lr0.001,0.5577,0.5652,0.6111,0.623,0.415
K105|ENN3|s99|a0.01|lr0.001,0.5577,0.5652,0.6111,0.623,0.435
K90|ENN4|s99|a0.001|lr0.0003,0.5577,0.5652,0.4921,0.5635,0.585
K115|ENN4|s0|a0.05|lr0.001,0.5577,0.5652,0.4762,0.5635,0.64
K115|ENN4|s0|a0.001|lr0.0003,0.5577,0.5652,0.4921,0.5635,0.605
K115|ENN4|s0|a0.001|lr0.0005,0.5577,0.5652,0.4841,0.5635,0.61
K108|ENN5|s0|a0.0001|lr0.0003,0.5577,0.5652,0.4206,0.5635,0.525
K108|ENN5|s0|a0.001|lr0.0003,0.5577,0.5652,0.4286,0.5635,0.525
K108|ENN5|s0|a0.01|lr0.0003,0.5577,0.5652,0.4286,0.5635,0.525
K108|ENN5|s0|a0.05|lr0.0003,0.5577,0.5652,0.4286,0.5635,0.525
K108|ENN5|s42|a0.0001|lr0.001,0.5577,0.5652,0.5556,0.623,0.1
K108|ENN5|s42|a0.01|lr0.001,0.5577,0.5652,0.5556,0.623,0.1
K108|ENN5|s42|a0.05|lr0.001,0.5577,0.5652,0.5476,0.623,0.1
K130|ENN4|s42|a0.01|lr0.001,0.5577,0.5652,0.5952,0.5635,0.935
K90|ENN4|s99|a0.0001|lr0.0003,0.5577,0.5652,0.5,0.5635,0.585
K90|ENN3|s13|a0.01|lr0.001,0.5577,0.5652,0.5079,0.5635,0.565
K90|ENN3|s13|a0.05|lr0.001,0.5577,0.5652,0.5079,0.5635,0.565
MFCC_K110_ENN|s0|a0.001,0.5577,0.5652,0.5635,0.5635,0.6
MFCC_K110_ENN|s0|a0.01,0.5577,0.5652,0.5635,0.5635,0.6
Fusion3_K80_ENN|s13|a0.05,0.5577,0.5652,0.5,0.623,0.45
SpecMFCC_K120_ENN|s76|a0.001,0.5577,0.5652,0.5,0.5635,0.515
K120|ENN2|s21|a0.0001|lr0.0003,0.5577,0.5652,0.4683,0.5635,0.595
K120|ENN2|s21|a0.001|lr0.0003,0.5577,0.5652,0.4683,0.5635,0.595
K111|ENN2|s13|a0.01|lr0.001,0.5577,0.5652,0.5397,0.5635,0.59
K95|ENN5|s76|a0.0001|lr0.0003,0.5577,0.5652,0.5794,0.5635,0.53
K95|ENN5|s76|a0.0001|lr0.001,0.5577,0.5652,0.4683,0.5635,0.87
K95|ENN5|s76|a0.001|lr0.0003,0.5577,0.5652,0.5714,0.5635,0.53
K95|ENN5|s76|a0.01|lr0.0003,0.5577,0.5652,0.5794,0.5635,0.53
K120|ENN4|s0|a0.0001|lr0.0005,0.5577,0.5652,0.5556,0.5635,0.66
K120|ENN4|s0|a0.05|lr0.0005,0.5577,0.5652,0.5476,0.5635,0.655
K105|ENN4|s7|a0.001|lr0.0005,0.5577,0.5652,0.6032,0.5635,0.94
Fusion3_K80_ENN|s13|a0.001,0.5577,0.5652,0.5,0.623,0.45
K90|ENN4|s0|a0.0001|lr0.0005,0.5577,0.5652,0.5159,0.5635,0.64
Fusion3_K110_ENN|s76|a0.001,0.5548,0.6087,0.4762,0.5595,0.745
K120|ENN4|s0|a0.0001|lr0.001,0.5548,0.6087,0.5159,0.5595,0.905
K120|ENN5|s42|a0.001|lr0.0003,0.5548,0.6087,0.4444,0.5595,0.525
K112|ENN2|s99|a0.05|lr0.0005,0.5548,0.6087,0.4286,0.5595,0.69
K125|ENN3|s76|a0.01|lr0.001,0.5548,0.6087,0.4921,0.5595,0.93
K125|ENN3|s76|a0.01|lr0.0005,0.5548,0.6087,0.5,0.5595,0.935
K125|ENN3|s76|a0.0001|lr0.001,0.5548,0.6087,0.4921,0.5595,0.93
K112|ENN2|s99|a0.01|lr0.0005,0.5548,0.6087,0.4286,0.5595,0.69
K125|ENN3|s76|a0.001|lr0.001,0.5548,0.6087,0.4921,0.5595,0.925
K125|ENN3|s76|a0.0001|lr0.0005,0.5548,0.6087,0.5079,0.5595,0.94
K90|ENN2|s99|a0.05|lr0.001,0.5548,0.6087,0.4921,0.5595,0.595
K115|ENN4|s13|a0.0001|lr0.0005,0.5548,0.6087,0.4127,0.5595,0.46
K115|ENN4|s13|a0.001|lr0.0005,0.5548,0.6087,0.4127,0.5595,0.46
K115|ENN4|s13|a0.01|lr0.0005,0.5548,0.6087,0.4127,0.5595,0.455
K112|ENN2|s99|a0.001|lr0.0005,0.5548,0.6087,0.4286,0.5595,0.69
K90|ENN3|s0|a0.01|lr0.0003,0.5548,0.6087,0.4286,0.5595,0.655
K115|ENN5|s13|a0.0001|lr0.0003,0.5548,0.6087,0.4127,0.5595,0.47
K125|ENN5|s0|a0.01|lr0.001,0.5548,0.6087,0.5397,0.5595,0.665
K113|ENN5|s21|a0.05|lr0.0005,0.5548,0.6087,0.4365,0.5595,0.795
K108|ENN4|s76|a0.05|lr0.0003,0.5548,0.6087,0.5238,0.5595,0.56
K113|ENN5|s21|a0.001|lr0.0003,0.5548,0.6087,0.4365,0.5595,0.785
K115|ENN5|s13|a0.01|lr0.0005,0.5548,0.6087,0.4206,0.5595,0.505
K125|ENN3|s21|a0.05|lr0.0003,0.5548,0.6087,0.5159,0.5595,0.73
K107|ENN5|s42|a0.001|lr0.0005,0.5548,0.6087,0.5079,0.5595,0.565
K107|ENN5|s42|a0.01|lr0.0005,0.5548,0.6087,0.5079,0.5595,0.565
K120|ENN4|s0|a0.001|lr0.001,0.5548,0.6087,0.5159,0.5595,0.905
K120|ENN4|s0|a0.01|lr0.001,0.5548,0.6087,0.5159,0.5595,0.905
K112|ENN4|s0|a0.0001|lr0.001,0.5548,0.6087,0.4683,0.5595,0.61
K108|ENN2|s0|a0.001|lr0.0003,0.5548,0.6087,0.5397,0.5595,0.56
Fusion3_K110_ENN|s76|a0.01,0.5548,0.6087,0.4762,0.5595,0.74
Fusion3_K110_ENN|s76|a0.05,0.5548,0.6087,0.4762,0.5595,0.74
K120|ENN4|s0|a0.05|lr0.001,0.5548,0.6087,0.5159,0.5595,0.9
K113|ENN5|s21|a0.0001|lr0.0003,0.5548,0.6087,0.4365,0.5595,0.785
K115|ENN5|s13|a0.05|lr0.0005,0.5548,0.6087,0.4286,0.5595,0.495
K115|ENN5|s13|a0.05|lr0.0003,0.5548,0.6087,0.4127,0.5595,0.465
arch500x250x100x50|s13|a0.05|lr0.0003,0.5548,0.6087,0.5397,0.5595,0.595
K113|ENN5|s21|a0.01|lr0.0003,0.5548,0.6087,0.4365,0.5595,0.785
K90|ENN2|s99|a0.0001|lr0.001,0.5548,0.6087,0.4921,0.5595,0.595
K90|ENN2|s99|a0.01|lr0.001,0.5548,0.6087,0.4921,0.5595,0.595
K90|ENN2|s99|a0.001|lr0.001,0.5548,0.6087,0.4921,0.5595,0.595
K112|ENN4|s0|a0.001|lr0.001,0.5548,0.6087,0.4683,0.5595,0.61
K112|ENN4|s0|a0.01|lr0.0003,0.5548,0.6087,0.4444,0.5595,0.605
K130|ENN5|s76|a0.0001|lr0.0003,0.5548,0.6087,0.5079,0.5595,0.5
K112|ENN4|s0|a0.01|lr0.001,0.5548,0.6087,0.4683,0.5595,0.61
K130|ENN5|s76|a0.001|lr0.0003,0.5548,0.6087,0.5079,0.5595,0.5
arch500x250x100x50|s13|a0.0001|lr0.0003,0.5548,0.6087,0.5397,0.5595,0.595
K112|ENN4|s0|a0.001|lr0.0003,0.5548,0.6087,0.4444,0.5595,0.605
K115|ENN4|s13|a0.05|lr0.0005,0.5548,0.6087,0.4048,0.5595,0.455
K120|ENN5|s42|a0.05|lr0.0003,0.5548,0.6087,0.4524,0.5595,0.525
K120|ENN5|s42|a0.01|lr0.0003,0.5548,0.6087,0.4444,0.5595,0.525
K130|ENN5|s76|a0.01|lr0.0003,0.5548,0.6087,0.5079,0.5595,0.5
K107|ENN5|s42|a0.0001|lr0.0005,0.5548,0.6087,0.5079,0.5595,0.565
K112|ENN4|s0|a0.05|lr0.0003,0.5548,0.6087,0.4524,0.5595,0.605
K112|ENN2|s99|a0.0001|lr0.0005,0.5548,0.6087,0.4286,0.5595,0.69
K112|ENN4|s0|a0.05|lr0.001,0.5548,0.6087,0.4683,0.5595,0.61
K112|ENN4|s0|a0.0001|lr0.0003,0.5548,0.6087,0.4444,0.5595,0.605
K115|ENN5|s13|a0.001|lr0.0003,0.5548,0.6087,0.4206,0.5595,0.465
K111|ENN5|s99|a0.001|lr0.0003,0.5548,0.6087,0.5159,0.5595,0.6
K111|ENN5|s99|a0.01|lr0.0003,0.5548,0.6087,0.5159,0.5595,0.6
K111|ENN5|s99|a0.0001|lr0.0003,0.5548,0.6087,0.5159,0.5595,0.6
K125|ENN5|s0|a0.0001|lr0.001,0.5548,0.6087,0.5397,0.5595,0.665
K115|ENN5|s13|a0.001|lr0.0005,0.5548,0.6087,0.4127,0.5595,0.505
K115|ENN5|s13|a0.01|lr0.0003,0.5548,0.6087,0.4048,0.5595,0.475
K125|ENN3|s76|a0.05|lr0.001,0.5548,0.6087,0.5,0.5595,0.92
K108|ENN2|s0|a0.05|lr0.0003,0.5548,0.6087,0.5397,0.5595,0.56
K90|ENN3|s0|a0.001|lr0.0003,0.5548,0.6087,0.4286,0.5595,0.655
K90|ENN3|s0|a0.0001|lr0.0003,0.5548,0.6087,0.4286,0.5595,0.655
K108|ENN2|s0|a0.0001|lr0.0003,0.5548,0.6087,0.5397,0.5595,0.56
arch500x250x100x50|s13|a0.01|lr0.0003,0.5548,0.6087,0.5397,0.5595,0.595
arch500x250x100x50|s13|a0.001|lr0.0003,0.5548,0.6087,0.5397,0.5595,0.595
K90|ENN3|s0|a0.05|lr0.0003,0.5548,0.6087,0.4206,0.5595,0.655
K125|ENN3|s21|a0.01|lr0.0003,0.5548,0.6087,0.5159,0.5595,0.73
K120|ENN5|s42|a0.0001|lr0.0003,0.5548,0.6087,0.4524,0.5595,0.525
K108|ENN2|s0|a0.01|lr0.0003,0.5548,0.6087,0.5397,0.5595,0.56
K130|ENN5|s76|a0.05|lr0.0003,0.5548,0.6087,0.5079,0.5595,0.5
K125|ENN5|s0|a0.001|lr0.001,0.5548,0.6087,0.5397,0.5595,0.665
K112|ENN2|s33|a0.05|lr0.0003,0.549,0.6522,0.5,0.5754,0.945
K111|ENN4|s99|a0.001|lr0.0003,0.549,0.6522,0.4286,0.5754,0.595
K111|ENN4|s99|a0.0001|lr0.0003,0.549,0.6522,0.4286,0.5754,0.595
K111|ENN4|s21|a0.05|lr0.001,0.549,0.6522,0.3413,0.5754,0.655
SpecMFCC_K150_ENN|s42|a0.001,0.549,0.6522,0.5476,0.5754,0.555
SpecMFCC_K150_ENN|s42|a0.01,0.549,0.6522,0.5476,0.5754,0.555
K112|ENN4|s99|a0.05|lr0.0005,0.549,0.6522,0.4841,0.5754,0.82
K120|ENN4|s7|a0.0001|lr0.0003,0.549,0.6522,0.3968,0.5754,0.51
K125|ENN4|s7|a0.05|lr0.0005,0.549,0.6522,0.4683,0.5754,0.485
K125|ENN4|s7|a0.01|lr0.0005,0.549,0.6522,0.4683,0.5754,0.485
K125|ENN4|s7|a0.001|lr0.0005,0.549,0.6522,0.4683,0.5754,0.485
K120|ENN4|s7|a0.0001|lr0.0005,0.549,0.6522,0.4206,0.5754,0.515
K130|ENN4|s13|a0.05|lr0.0003,0.549,0.6522,0.4127,0.5754,0.54
K111|ENN4|s21|a0.0001|lr0.001,0.549,0.6522,0.3492,0.5754,0.655
K112|ENN4|s99|a0.05|lr0.0003,0.549,0.6522,0.4603,0.5754,0.805
K130|ENN4|s13|a0.01|lr0.0003,0.549,0.6522,0.4127,0.5754,0.54
K130|ENN4|s13|a0.001|lr0.0003,0.549,0.6522,0.4127,0.5754,0.54
K130|ENN4|s13|a0.0001|lr0.0003,0.549,0.6522,0.4127,0.5754,0.54
K120|ENN4|s7|a0.001|lr0.001,0.549,0.6522,0.4524,0.5754,0.515
K120|ENN4|s7|a0.001|lr0.0005,0.549,0.6522,0.4206,0.5754,0.515
K112|ENN2|s7|a0.05|lr0.0003,0.549,0.6522,0.4841,0.5754,0.92
K120|ENN4|s7|a0.01|lr0.0005,0.549,0.6522,0.4206,0.5754,0.515
SpecMFCC_K150_ENN|s42|a0.05,0.549,0.6522,0.5476,0.5754,0.555
K125|ENN4|s7|a0.0001|lr0.0005,0.549,0.6522,0.4683,0.5754,0.485
K111|ENN4|s99|a0.01|lr0.0003,0.549,0.6522,0.4365,0.5754,0.595
K113|ENN5|s13|a0.05|lr0.0005,0.549,0.6522,0.4921,0.5754,0.75
K113|ENN5|s13|a0.05|lr0.0003,0.549,0.6522,0.4841,0.5754,0.77
K111|ENN4|s99|a0.05|lr0.0003,0.549,0.6522,0.4365,0.5754,0.595
K112|ENN4|s99|a0.0001|lr0.0005,0.549,0.6522,0.4762,0.5754,0.82
K112|ENN4|s99|a0.05|lr0.001,0.549,0.6522,0.5,0.5754,0.835
K112|ENN4|s99|a0.001|lr0.0003,0.549,0.6522,0.4683,0.5754,0.805
K112|ENN4|s99|a0.01|lr0.0005,0.549,0.6522,0.4762,0.5754,0.82
K112|ENN4|s99|a0.01|lr0.0003,0.549,0.6522,0.4683,0.5754,0.805
K112|ENN4|s99|a0.001|lr0.0005,0.549,0.6522,0.4762,0.5754,0.82
K112|ENN4|s99|a0.0001|lr0.001,0.549,0.6522,0.5,0.5754,0.835
K120|ENN4|s7|a0.01|lr0.001,0.549,0.6522,0.4683,0.5754,0.515
K113|ENN3|s21|a0.01|lr0.0005,0.549,0.6522,0.4921,0.5754,0.72
K112|ENN2|s7|a0.01|lr0.0003,0.549,0.6522,0.4762,0.5754,0.91
K112|ENN4|s99|a0.0001|lr0.0003,0.549,0.6522,0.4603,0.5754,0.805
K120|ENN4|s7|a0.01|lr0.0003,0.549,0.6522,0.4127,0.5754,0.51
K120|ENN4|s7|a0.05|lr0.0003,0.549,0.6522,0.4127,0.5754,0.51
K120|ENN4|s7|a0.05|lr0.0005,0.549,0.6522,0.4206,0.5754,0.515
K120|ENN4|s7|a0.05|lr0.001,0.549,0.6522,0.4762,0.5754,0.515
K111|ENN4|s21|a0.01|lr0.001,0.549,0.6522,0.3492,0.5754,0.655
K120|ENN4|s7|a0.0001|lr0.001,0.549,0.6522,0.4524,0.5754,0.515
K120|ENN4|s7|a0.001|lr0.0003,0.549,0.6522,0.4048,0.5754,0.51
K111|ENN4|s21|a0.001|lr0.001,0.549,0.6522,0.3492,0.5754,0.655
K113|ENN3|s21|a0.0001|lr0.0005,0.549,0.6522,0.4921,0.5754,0.72
K112|ENN2|s7|a0.0001|lr0.0003,0.549,0.6522,0.4762,0.5754,0.91
K112|ENN2|s7|a0.001|lr0.0003,0.549,0.6522,0.4762,0.5754,0.91
K113|ENN3|s21|a0.001|lr0.0005,0.549,0.6522,0.4921,0.5754,0.72
K113|ENN3|s21|a0.05|lr0.0005,0.549,0.6522,0.4841,0.5754,0.72
Fusion3_K100_ENN|s42|a0.001,0.5437,0.5652,0.5079,0.5437,0.585
Fusion3_K100_ENN|s42|a0.01,0.5437,0.5652,0.5079,0.5437,0.585
Fusion3_K100_ENN|s42|a0.05,0.5437,0.5652,0.5159,0.5437,0.585
Fusion3_K100_ENN|s0|a0.001,0.5437,0.5652,0.4365,0.5437,0.59
Fusion3_K100_ENN|s0|a0.05,0.5437,0.5652,0.4365,0.5437,0.59
Fusion3_K100_ENN|s0|a0.01,0.5437,0.5652,0.4286,0.5437,0.59
K108|ENN2|s76|a0.05|lr0.0003,0.5437,0.5652,0.4365,0.5437,0.535
K100|ENN5|s99|a0.0001|lr0.0005,0.5437,0.5652,0.5397,0.5437,0.605
K115|ENN5|s13|a0.0001|lr0.0005,0.5437,0.5652,0.4127,0.5437,0.455
K125|ENN5|s21|a0.001|lr0.001,0.5437,0.5652,0.4365,0.5437,0.655
K108|ENN2|s76|a0.0001|lr0.0003,0.5437,0.5652,0.4365,0.5437,0.535
K108|ENN2|s99|a0.0001|lr0.0003,0.5437,0.5652,0.4286,0.5437,0.505
K108|ENN2|s76|a0.001|lr0.0003,0.5437,0.5652,0.4365,0.5437,0.535
K108|ENN2|s76|a0.01|lr0.0003,0.5437,0.5652,0.4365,0.5437,0.535
K108|ENN2|s99|a0.01|lr0.0003,0.5437,0.5652,0.4286,0.5437,0.505
K108|ENN2|s99|a0.001|lr0.0003,0.5437,0.5652,0.4286,0.5437,0.505
K125|ENN5|s21|a0.01|lr0.001,0.5437,0.5652,0.4365,0.5437,0.655
K120|ENN5|s7|a0.0001|lr0.0005,0.5437,0.5652,0.4921,0.5437,0.485
K108|ENN2|s99|a0.05|lr0.0003,0.5437,0.5652,0.4286,0.5437,0.505
K120|ENN5|s21|a0.05|lr0.0003,0.5437,0.5652,0.4762,0.5437,0.6
K100|ENN5|s99|a0.01|lr0.0005,0.5437,0.5652,0.5397,0.5437,0.605
K120|ENN5|s21|a0.01|lr0.0003,0.5437,0.5652,0.4762,0.5437,0.6
K120|ENN5|s7|a0.01|lr0.0005,0.5437,0.5652,0.4921,0.5437,0.485
K108|ENN2|s99|a0.05|lr0.0005,0.5437,0.5652,0.4206,0.5437,0.5
K113|ENN4|s76|a0.05|lr0.001,0.5437,0.5652,0.6905,0.6429,0.585
K120|ENN5|s21|a0.001|lr0.0003,0.5437,0.5652,0.4762,0.5437,0.6
K120|ENN5|s21|a0.0001|lr0.0003,0.5437,0.5652,0.4762,0.5437,0.6
K120|ENN3|s21|a0.001|lr0.0003,0.5437,0.5652,0.4444,0.5437,0.6
K107|ENN5|s42|a0.05|lr0.0003,0.5437,0.5652,0.4365,0.5437,0.525
K107|ENN5|s42|a0.01|lr0.0003,0.5437,0.5652,0.4365,0.5437,0.525
K112|ENN2|s33|a0.05|lr0.001,0.5437,0.5652,0.4841,0.5437,0.89
K107|ENN5|s42|a0.001|lr0.0003,0.5437,0.5652,0.4365,0.5437,0.525
K112|ENN2|s33|a0.0001|lr0.001,0.5437,0.5652,0.4841,0.5437,0.89
K112|ENN2|s33|a0.001|lr0.001,0.5437,0.5652,0.4841,0.5437,0.89
K113|ENN5|s42|a0.0001|lr0.001,0.5437,0.5652,0.5556,0.5437,0.815
K112|ENN2|s33|a0.01|lr0.001,0.5437,0.5652,0.4921,0.5437,0.89
K100|ENN5|s99|a0.001|lr0.0005,0.5437,0.5652,0.5397,0.5437,0.605
K125|ENN5|s21|a0.05|lr0.001,0.5437,0.5652,0.4365,0.5437,0.655
K112|ENN5|s0|a0.05|lr0.001,0.5437,0.5652,0.4444,0.5437,0.575
K125|ENN5|s21|a0.0001|lr0.001,0.5437,0.5652,0.4365,0.5437,0.655
K120|ENN3|s21|a0.01|lr0.0003,0.5437,0.5652,0.4444,0.5437,0.6
K115|ENN5|s13|a0.0001|lr0.001,0.5437,0.5652,0.4048,0.5437,0.47
K120|ENN3|s21|a0.05|lr0.0003,0.5437,0.5652,0.4444,0.5437,0.6
K115|ENN5|s13|a0.001|lr0.001,0.5437,0.5652,0.4048,0.5437,0.47
K107|ENN2|s42|a0.0001|lr0.0003,0.5437,0.5652,0.4365,0.5437,0.53
K113|ENN5|s42|a0.05|lr0.001,0.5437,0.5652,0.5397,0.5437,0.81
K107|ENN2|s42|a0.05|lr0.0003,0.5437,0.5652,0.4365,0.5437,0.53
K107|ENN2|s42|a0.01|lr0.0003,0.5437,0.5652,0.4365,0.5437,0.53
K113|ENN5|s13|a0.0001|lr0.0003,0.5437,0.5652,0.4762,0.5437,0.625
SpecMFCC_K150_ENN|s76|a0.05,0.5437,0.5652,0.4048,0.5437,0.505
K120|ENN3|s21|a0.0001|lr0.0003,0.5437,0.5652,0.4444,0.5437,0.6
K115|ENN5|s13|a0.01|lr0.001,0.5437,0.5652,0.3968,0.5437,0.465
K115|ENN5|s13|a0.05|lr0.001,0.5437,0.5652,0.4127,0.5437,0.465
K107|ENN2|s42|a0.001|lr0.0003,0.5437,0.5652,0.4365,0.5437,0.53
K90|ENN4|s99|a0.01|lr0.0003,0.5437,0.5652,0.4921,0.5437,0.59
K113|ENN5|s13|a0.01|lr0.0003,0.5437,0.5652,0.4841,0.5437,0.625
K113|ENN5|s13|a0.001|lr0.0003,0.5437,0.5652,0.4762,0.5437,0.625
K107|ENN5|s42|a0.0001|lr0.0003,0.5437,0.5652,0.4365,0.5437,0.525
K113|ENN5|s21|a0.05|lr0.0003,0.5437,0.5652,0.4286,0.5437,0.755
K107|ENN5|s42|a0.05|lr0.0005,0.5437,0.5652,0.5079,0.5437,0.545
K100|ENN2|s76|a0.01|lr0.001,0.5217,0.5217,0.5159,0.5476,0.935
K100|ENN5|s76|a0.0001|lr0.001,0.5217,0.5217,0.6349,0.5476,0.885
K120|ENN5|s7|a0.01|lr0.0003,0.5217,0.5217,0.4444,0.5476,0.46
K112|ENN2|s13|a0.0001|lr0.0005,0.5217,0.5217,0.4762,0.5476,0.515
K120|ENN5|s7|a0.001|lr0.0003,0.5217,0.5217,0.4444,0.5476,0.46
K112|ENN2|s13|a0.001|lr0.0005,0.5217,0.5217,0.4762,0.5476,0.515
K112|ENN2|s13|a0.01|lr0.0005,0.5217,0.5217,0.4841,0.5476,0.515
K112|ENN2|s13|a0.05|lr0.0005,0.5217,0.5217,0.4841,0.5476,0.515
K120|ENN5|s7|a0.001|lr0.001,0.5217,0.5217,0.4762,0.5476,0.48
K120|ENN5|s7|a0.001|lr0.0005,0.5217,0.5217,0.5,0.5476,0.465
K111|ENN4|s13|a0.05|lr0.001,0.5217,0.5217,0.4762,0.5476,0.58
K111|ENN4|s13|a0.0001|lr0.001,0.5217,0.5217,0.4762,0.5476,0.58
K120|ENN5|s7|a0.05|lr0.0005,0.5217,0.5217,0.4921,0.5476,0.465
K120|ENN5|s7|a0.05|lr0.0003,0.5217,0.5217,0.4444,0.5476,0.46
K120|ENN5|s7|a0.01|lr0.001,0.5217,0.5217,0.4683,0.5476,0.48
arch300x200x100x50x25|s0|a0.05|lr0.0005,0.5217,0.5217,0.4841,0.5476,0.48
arch300x200x100x50x25|s0|a0.05|lr0.0003,0.5217,0.5217,0.4524,0.5476,0.48
arch300x200x100x50x25|s0|a0.01|lr0.0005,0.5217,0.5217,0.4841,0.5476,0.48
arch300x200x100x50x25|s0|a0.01|lr0.0003,0.5217,0.5217,0.4524,0.5476,0.48
arch300x200x100x50x25|s0|a0.001|lr0.0005,0.5217,0.5217,0.4841,0.5476,0.48
arch300x200x100x50x25|s0|a0.001|lr0.0003,0.5217,0.5217,0.4524,0.5476,0.48
K107|ENN4|s33|a0.05|lr0.0005,0.5217,0.5217,0.5794,0.5476,0.92
K107|ENN4|s33|a0.01|lr0.0005,0.5217,0.5217,0.5873,0.5476,0.925
K95|ENN4|s7|a0.0001|lr0.001,0.5217,0.5217,0.627,0.5476,0.865
K95|ENN4|s7|a0.01|lr0.001,0.5217,0.5217,0.627,0.5476,0.855
K95|ENN4|s7|a0.001|lr0.001,0.5217,0.5217,0.627,0.5476,0.855
arch300x200x100x50x25|s0|a0.0001|lr0.0003,0.5217,0.5217,0.4524,0.5476,0.48
arch300x200x100x50x25|s0|a0.0001|lr0.0005,0.5217,0.5217,0.4841,0.5476,0.48
K115|ENN4|s99|a0.05|lr0.001,0.5217,0.5217,0.6032,0.5476,0.915
K111|ENN3|s21|a0.05|lr0.001,0.5217,0.5217,0.6032,0.5476,0.915
K107|ENN4|s33|a0.0001|lr0.0005,0.5217,0.5217,0.5714,0.5476,0.925
K107|ENN4|s33|a0.001|lr0.0005,0.5217,0.5217,0.5873,0.5476,0.93
K120|ENN5|s7|a0.0001|lr0.0003,0.5217,0.5217,0.4524,0.5476,0.46
K112|ENN4|s33|a0.001|lr0.001,0.5217,0.5217,0.4683,0.5476,0.73
K120|ENN5|s7|a0.0001|lr0.001,0.5217,0.5217,0.4762,0.5476,0.48
K115|ENN4|s99|a0.01|lr0.001,0.5217,0.5217,0.6032,0.5476,0.915
K112|ENN4|s33|a0.0001|lr0.001,0.5217,0.5217,0.4683,0.5476,0.73
K125|ENN2|s76|a0.01|lr0.001,0.5217,0.5217,0.5238,0.5476,0.865
K125|ENN2|s76|a0.001|lr0.001,0.5217,0.5217,0.5238,0.5476,0.865
K125|ENN2|s76|a0.0001|lr0.001,0.5217,0.5217,0.5238,0.5476,0.86
K115|ENN5|s0|a0.05|lr0.0003,0.5217,0.5217,0.4603,0.5476,0.54
K115|ENN5|s0|a0.05|lr0.0005,0.5217,0.5217,0.4683,0.5476,0.54
K115|ENN4|s99|a0.0001|lr0.001,0.5217,0.5217,0.5952,0.5476,0.91
K115|ENN4|s99|a0.001|lr0.001,0.5217,0.5217,0.6032,0.5476,0.915
arch600x300x150x75|s42|a0.0001|lr0.001,0.5217,0.5217,0.5476,0.5476,0.455
K107|ENN2|s42|a0.05|lr0.0005,0.5217,0.5217,0.5317,0.5476,0.52
K107|ENN2|s42|a0.01|lr0.0005,0.5217,0.5217,0.5317,0.5476,0.52
K107|ENN4|s33|a0.05|lr0.001,0.5217,0.5217,0.5635,0.5476,0.94
arch400x300x200x100|s0|a0.001|lr0.001,0.5217,0.5217,0.6349,0.5476,0.935
arch400x300x200x100|s0|a0.0001|lr0.001,0.5217,0.5217,0.6349,0.5476,0.94
K115|ENN5|s0|a0.01|lr0.0005,0.5217,0.5217,0.4683,0.5476,0.54
K120|ENN5|s7|a0.05|lr0.001,0.5217,0.5217,0.4762,0.5476,0.48
K95|ENN2|s0|a0.05|lr0.001,0.5217,0.5217,0.5952,0.5476,0.935
K107|ENN4|s76|a0.01|lr0.0005,0.5217,0.5217,0.6032,0.5476,0.93
K107|ENN4|s76|a0.05|lr0.0005,0.5217,0.5217,0.5873,0.5476,0.92
K95|ENN3|s7|a0.05|lr0.001,0.5217,0.5217,0.5714,0.5476,0.935
K109|ENN4|s33|a0.001|lr0.001,0.5217,0.5217,0.5238,0.5476,0.945
arch500x250x100x50|s13|a0.0001|lr0.001,0.5217,0.5217,0.5714,0.5476,0.43
K109|ENN4|s33|a0.05|lr0.001,0.5217,0.5217,0.5317,0.5476,0.94
arch500x250x100x50|s13|a0.01|lr0.001,0.5217,0.5217,0.5794,0.5476,0.425
arch300x150x75x25|s7|a0.05|lr0.001,0.5217,0.5217,0.6032,0.5476,0.94
MFCC_K80_ENN|s76|a0.01,0.5217,0.5217,0.5238,0.5476,0.64
K107|ENN4|s76|a0.001|lr0.0005,0.5217,0.5217,0.6111,0.5476,0.93
K107|ENN4|s76|a0.0001|lr0.0005,0.5217,0.5217,0.6111,0.5476,0.93
K115|ENN5|s0|a0.01|lr0.0003,0.5217,0.5217,0.4603,0.5476,0.54
K115|ENN5|s0|a0.001|lr0.0005,0.5217,0.5217,0.4683,0.5476,0.54
K90|ENN4|s99|a0.05|lr0.0003,0.5217,0.5217,0.5,0.5476,0.58
K115|ENN5|s0|a0.001|lr0.0003,0.5217,0.5217,0.4603,0.5476,0.54
K95|ENN2|s0|a0.01|lr0.001,0.5217,0.5217,0.6032,0.5476,0.945
arch400x200x100x50|s13|a0.01|lr0.0005,0.5217,0.5217,0.5556,0.5476,0.945
K115|ENN5|s0|a0.0001|lr0.0005,0.5217,0.5217,0.4683,0.5476,0.54
K115|ENN5|s0|a0.0001|lr0.0003,0.5217,0.5217,0.4683,0.5476,0.54
arch600x300x150x75|s42|a0.001|lr0.001,0.5217,0.5217,0.5556,0.5476,0.445
SpecMFCC_K80_ENN|s42|a0.001,0.5217,0.5217,0.4524,0.5476,0.23
SpecMFCC_K80_ENN|s42|a0.01,0.5217,0.5217,0.4444,0.5476,0.23
SpecMFCC_K80_ENN|s42|a0.05,0.5217,0.5217,0.4524,0.5476,0.245
Fusion3_K120_ENN|s42|a0.01,0.5208,0.5652,0.4206,0.5238,0.745
Fusion3_K120_ENN|s42|a0.05,0.5208,0.5652,0.4286,0.5238,0.74
SpecMFCC_K120_ENN|s42|a0.05,0.5208,0.5652,0.4683,0.5238,0.935
SpecMFCC_K120_ENN|s42|a0.01,0.5208,0.5652,0.4683,0.5238,0.935
Fusion3_K120_ENN|s42|a0.001,0.5208,0.5652,0.4127,0.5238,0.765
K125|ENN3|s76|a0.001|lr0.0005,0.5208,0.5652,0.5,0.5238,0.925
K90|ENN5|s13|a0.001|lr0.001,0.5208,0.5652,0.5079,0.5238,0.58
K90|ENN5|s13|a0.01|lr0.001,0.5208,0.5652,0.5079,0.5238,0.58
K120|ENN3|s21|a0.01|lr0.0005,0.5208,0.5652,0.4762,0.5238,0.615
K112|ENN4|s7|a0.05|lr0.001,0.5208,0.5652,0.4683,0.5238,0.875
K111|ENN3|s13|a0.001|lr0.001,0.5208,0.5652,0.5714,0.5238,0.6
K112|ENN5|s7|a0.01|lr0.0005,0.5208,0.5652,0.4444,0.5238,0.94
K120|ENN3|s21|a0.001|lr0.0005,0.5208,0.5652,0.4762,0.5238,0.615
K111|ENN3|s13|a0.001|lr0.0005,0.5208,0.5652,0.4762,0.5238,0.58
K112|ENN2|s13|a0.05|lr0.001,0.5208,0.5652,0.5238,0.5238,0.56
K90|ENN2|s0|a0.01|lr0.0003,0.5208,0.5652,0.4365,0.5238,0.65
K112|ENN5|s7|a0.001|lr0.0003,0.5208,0.5652,0.4524,0.5238,0.91
K112|ENN5|s7|a0.01|lr0.0003,0.5208,0.5652,0.4524,0.5238,0.91
K112|ENN4|s0|a0.001|lr0.0005,0.5208,0.5652,0.4524,0.5238,0.595
SpecMFCC_K120_ENN|s42|a0.001,0.5208,0.5652,0.4603,0.5238,0.935
K90|ENN5|s99|a0.0001|lr0.001,0.5208,0.5652,0.4206,0.5238,0.59
K125|ENN3|s76|a0.05|lr0.0005,0.5208,0.5652,0.5079,0.5238,0.92
K90|ENN5|s99|a0.001|lr0.001,0.5208,0.5652,0.4206,0.5238,0.59
K90|ENN5|s13|a0.0001|lr0.001,0.5208,0.5652,0.5079,0.5238,0.58
MFCC_K100_ENN|s13|a0.05,0.5208,0.5652,0.373,0.5238,0.515
K125|ENN2|s76|a0.05|lr0.0003,0.5208,0.5652,0.3968,0.5238,0.645
K115|ENN5|s0|a0.0001|lr0.001,0.5208,0.5652,0.4762,0.5238,0.645
K112|ENN4|s0|a0.0001|lr0.0005,0.5208,0.5652,0.4524,0.5238,0.595
K111|ENN3|s13|a0.01|lr0.0005,0.5208,0.5652,0.4762,0.5238,0.58
K120|ENN3|s21|a0.05|lr0.0005,0.5208,0.5652,0.4762,0.5238,0.615
K112|ENN5|s7|a0.05|lr0.0003,0.5208,0.5652,0.4524,0.5238,0.905
K90|ENN5|s99|a0.01|lr0.001,0.5208,0.5652,0.4206,0.5238,0.59
K112|ENN4|s0|a0.01|lr0.0005,0.5208,0.5652,0.4524,0.5238,0.595
K112|ENN4|s0|a0.05|lr0.0005,0.5208,0.5652,0.4524,0.5238,0.595
K90|ENN5|s99|a0.05|lr0.001,0.5208,0.5652,0.4127,0.5238,0.59
MFCC_K100_ENN|s13|a0.01,0.5208,0.5652,0.3651,0.5238,0.515
MFCC_K100_ENN|s13|a0.001,0.5208,0.5652,0.3651,0.5238,0.515
K115|ENN5|s0|a0.05|lr0.001,0.5208,0.5652,0.4762,0.5238,0.645
K115|ENN5|s0|a0.01|lr0.001,0.5208,0.5652,0.4762,0.5238,0.645
K90|ENN2|s0|a0.001|lr0.0003,0.5208,0.5652,0.4365,0.5238,0.65
K90|ENN5|s13|a0.05|lr0.001,0.5208,0.5652,0.5,0.5238,0.58
K120|ENN3|s21|a0.0001|lr0.0005,0.5208,0.5652,0.4762,0.5238,0.615
K111|ENN3|s13|a0.0001|lr0.001,0.5208,0.5652,0.5714,0.5238,0.6
K111|ENN3|s13|a0.0001|lr0.0005,0.5208,0.5652,0.4762,0.5238,0.58
K115|ENN5|s0|a0.001|lr0.001,0.5208,0.5652,0.4762,0.5238,0.645
K111|ENN3|s13|a0.05|lr0.0005,0.5208,0.5652,0.4762,0.5238,0.58
K111|ENN3|s13|a0.01|lr0.001,0.5208,0.5652,0.5714,0.5238,0.6
Fusion3_K80_ENN|s42|a0.001,0.5181,0.5217,0.381,0.5675,0.56
Fusion3_K80_ENN|s42|a0.01,0.5181,0.5217,0.381,0.5675,0.56
K95|ENN3|s7|a0.0001|lr0.001,0.5181,0.5217,0.5794,0.5675,0.945
K112|ENN5|s76|a0.01|lr0.001,0.5181,0.5217,0.4921,0.5675,0.225
K112|ENN5|s76|a0.05|lr0.001,0.5181,0.5217,0.4921,0.5675,0.28
K112|ENN5|s0|a0.0001|lr0.001,0.5181,0.5217,0.4444,0.5278,0.57
K111|ENN5|s21|a0.05|lr0.0005,0.5181,0.5217,0.4444,0.5675,0.495
arch200x150x100x50|s42|a0.05|lr0.0003,0.5181,0.5217,0.4444,0.5675,0.545
K95|ENN3|s0|a0.05|lr0.001,0.5181,0.5217,0.6429,0.5675,0.89
Fusion3_K80_ENN|s42|a0.05,0.5181,0.5217,0.381,0.5675,0.56
arch512x256x128x64x32|s76|a0.0001|lr0.001,0.5181,0.5217,0.5556,0.5675,0.1
K108|ENN2|s99|a0.01|lr0.0005,0.5181,0.5217,0.4206,0.5278,0.475
K90|ENN2|s0|a0.05|lr0.0003,0.5181,0.5217,0.4365,0.5278,0.625
K107|ENN5|s76|a0.05|lr0.001,0.5181,0.5217,0.5317,0.5675,0.41
K107|ENN5|s76|a0.0001|lr0.001,0.5181,0.5217,0.5397,0.5675,0.435
K107|ENN5|s76|a0.001|lr0.001,0.5181,0.5217,0.5317,0.5675,0.42
arch512x256x128x64x32|s76|a0.05|lr0.001,0.5181,0.5217,0.5397,0.5278,0.655
K107|ENN4|s76|a0.0001|lr0.001,0.5181,0.5217,0.5714,0.5675,0.775
K107|ENN4|s76|a0.001|lr0.001,0.5181,0.5217,0.5794,0.5675,0.765
arch512x256x128x64x32|s13|a0.001|lr0.001,0.5181,0.5217,0.5476,0.5675,0.335
K120|ENN2|s21|a0.01|lr0.0003,0.5181,0.5217,0.4683,0.5278,0.58
K120|ENN2|s21|a0.05|lr0.0003,0.5181,0.5217,0.4683,0.5278,0.58
K112|ENN5|s76|a0.0001|lr0.001,0.5181,0.5217,0.4921,0.5675,0.225
K107|ENN4|s33|a0.0001|lr0.001,0.5181,0.5217,0.5556,0.5675,0.915
arch512x256x128x64x32|s13|a0.0001|lr0.001,0.5181,0.5217,0.5476,0.5675,0.315
K107|ENN4|s33|a0.001|lr0.001,0.5181,0.5217,0.5556,0.5675,0.915
arch200x150x100x50|s42|a0.01|lr0.0003,0.5181,0.5217,0.4444,0.5675,0.545
K95|ENN3|s0|a0.0001|lr0.001,0.5181,0.5217,0.6349,0.5675,0.915
arch512x256x128x64x32|s76|a0.01|lr0.001,0.5181,0.5217,0.5397,0.5278,0.655
arch512x256x128x64x32|s76|a0.001|lr0.001,0.5181,0.5217,0.5556,0.5675,0.1
K112|ENN5|s76|a0.001|lr0.001,0.5181,0.5217,0.4921,0.5675,0.2
arch200x150x100x50|s42|a0.001|lr0.0003,0.5181,0.5217,0.4444,0.5675,0.545
arch200x150x100x50|s42|a0.0001|lr0.0003,0.5181,0.5217,0.4444,0.5675,0.545
K107|ENN4|s76|a0.05|lr0.001,0.5181,0.5217,0.5794,0.5675,0.75
K107|ENN4|s76|a0.01|lr0.001,0.5181,0.5217,0.5714,0.5675,0.765
arch400x200x100x50|s7|a0.05|lr0.0005,0.5181,0.5217,0.5317,0.5278,0.885
K111|ENN3|s21|a0.001|lr0.001,0.5181,0.5217,0.5714,0.5675,0.63
K111|ENN3|s21|a0.01|lr0.001,0.5181,0.5217,0.5714,0.5675,0.62
K115|ENN4|s42|a0.0001|lr0.0005,0.5181,0.5217,0.5317,0.5278,0.865
K108|ENN4|s21|a0.05|lr0.001,0.5181,0.5217,0.5317,0.5675,0.49
K108|ENN4|s21|a0.0001|lr0.001,0.5181,0.5217,0.5238,0.5675,0.505
K90|ENN4|s0|a0.01|lr0.0003,0.5181,0.5217,0.4524,0.5278,0.625
K90|ENN4|s0|a0.001|lr0.0003,0.5181,0.5217,0.4603,0.5278,0.625
K108|ENN4|s21|a0.001|lr0.001,0.5181,0.5217,0.5238,0.5675,0.5
K108|ENN4|s21|a0.01|lr0.001,0.5181,0.5217,0.5238,0.5675,0.505
K111|ENN4|s13|a0.0001|lr0.0003,0.5181,0.5217,0.3889,0.5278,0.555
K111|ENN3|s21|a0.0001|lr0.001,0.5181,0.5217,0.5635,0.5675,0.625
K115|ENN4|s99|a0.05|lr0.0005,0.5181,0.5217,0.5952,0.5278,0.935
K115|ENN4|s99|a0.01|lr0.0005,0.5181,0.5217,0.5952,0.5278,0.935
K115|ENN4|s99|a0.001|lr0.0005,0.5181,0.5217,0.5952,0.5278,0.94
K115|ENN4|s99|a0.0001|lr0.0005,0.5181,0.5217,0.5952,0.5278,0.94
K111|ENN4|s13|a0.01|lr0.0003,0.5181,0.5217,0.3889,0.5278,0.555
K112|ENN4|s33|a0.01|lr0.001,0.5181,0.5217,0.4683,0.5278,0.775
K108|ENN2|s99|a0.0001|lr0.0005,0.5181,0.5217,0.4206,0.5278,0.475
K111|ENN4|s13|a0.001|lr0.0003,0.5181,0.5217,0.3889,0.5278,0.555
K108|ENN2|s99|a0.001|lr0.0005,0.5181,0.5217,0.4206,0.5278,0.475
K100|ENN5|s76|a0.001|lr0.001,0.5181,0.5217,0.627,0.5278,0.915
K100|ENN5|s76|a0.01|lr0.001,0.5181,0.5217,0.627,0.5278,0.9
K107|ENN4|s33|a0.01|lr0.001,0.5181,0.5217,0.5556,0.5675,0.905
arch512x256x128x64x32|s13|a0.01|lr0.001,0.5181,0.5217,0.5476,0.5675,0.365
arch512x256x128x64x32|s13|a0.05|lr0.001,0.5181,0.5217,0.5317,0.5675,0.38
K115|ENN4|s42|a0.001|lr0.001,0.5181,0.5217,0.5397,0.5278,0.915
K115|ENN4|s42|a0.001|lr0.0005,0.5181,0.5217,0.5317,0.5278,0.865
K115|ENN4|s42|a0.0001|lr0.001,0.5181,0.5217,0.5397,0.5278,0.92
K109|ENN4|s33|a0.0001|lr0.001,0.5181,0.5217,0.5159,0.5675,0.62
K115|ENN4|s42|a0.01|lr0.001,0.5181,0.5217,0.5397,0.5278,0.91
K115|ENN4|s42|a0.01|lr0.0005,0.5181,0.5217,0.5317,0.5278,0.86
K111|ENN5|s21|a0.01|lr0.0005,0.5181,0.5217,0.4444,0.5675,0.49
K113|ENN2|s21|a0.05|lr0.001,0.5181,0.5217,0.4762,0.5675,0.625
K100|ENN2|s76|a0.0001|lr0.001,0.5181,0.5217,0.5238,0.5675,0.94
K100|ENN2|s7|a0.05|lr0.001,0.5181,0.5217,0.5556,0.5675,0.945
arch400x200x100x50|s13|a0.0001|lr0.0005,0.5181,0.5217,0.5556,0.5675,0.79
arch400x200x100x50|s13|a0.001|lr0.001,0.5181,0.5217,0.5317,0.5675,0.855
arch400x200x100x50|s13|a0.001|lr0.0005,0.5181,0.5217,0.5556,0.5675,0.795
arch400x200x100x50|s13|a0.0001|lr0.001,0.5181,0.5217,0.5317,0.5675,0.855
arch400x200x100x50|s13|a0.05|lr0.001,0.5181,0.5217,0.5476,0.5675,0.82
K115|ENN4|s42|a0.05|lr0.001,0.5181,0.5217,0.5397,0.5278,0.905
arch400x200x100x50|s7|a0.0001|lr0.0005,0.5181,0.5217,0.5397,0.5278,0.905
arch400x200x100x50|s13|a0.01|lr0.001,0.5181,0.5217,0.5397,0.5675,0.835
arch600x300x150x75|s42|a0.01|lr0.001,0.5181,0.5217,0.5317,0.5278,0.895
arch600x300x150x75|s42|a0.05|lr0.001,0.5181,0.5217,0.5397,0.5278,0.85
arch400x200x100x50|s7|a0.01|lr0.0005,0.5181,0.5217,0.5397,0.5278,0.875
arch400x200x100x50|s7|a0.001|lr0.0005,0.5181,0.5217,0.5397,0.5278,0.905
K115|ENN4|s42|a0.05|lr0.0005,0.5181,0.5217,0.5317,0.5278,0.855
arch300x150x75x25|s7|a0.001|lr0.001,0.5181,0.5217,0.5714,0.5675,0.845
K112|ENN5|s0|a0.01|lr0.001,0.5181,0.5217,0.4444,0.5278,0.57
arch300x150x75x25|s7|a0.01|lr0.001,0.5181,0.5217,0.6032,0.5675,0.82
K105|ENN4|s7|a0.01|lr0.001,0.5181,0.5217,0.5873,0.5278,0.94
K105|ENN4|s7|a0.0001|lr0.001,0.5181,0.5217,0.5952,0.5675,0.81
K90|ENN2|s0|a0.0001|lr0.0003,0.5181,0.5217,0.4365,0.5278,0.625
K112|ENN5|s0|a0.001|lr0.001,0.5181,0.5217,0.4444,0.5278,0.57
K130|ENN5|s33|a0.0001|lr0.001,0.5181,0.5217,0.5873,0.5675,0.155
arch300x150x75x25|s7|a0.0001|lr0.001,0.5181,0.5217,0.5635,0.5675,0.855
K130|ENN5|s33|a0.01|lr0.001,0.5181,0.5217,0.5873,0.5675,0.165
K130|ENN5|s33|a0.05|lr0.001,0.5181,0.5217,0.5794,0.5675,0.185
K130|ENN5|s33|a0.001|lr0.001,0.5181,0.5217,0.5873,0.5675,0.17
K105|ENN4|s7|a0.001|lr0.001,0.5181,0.5217,0.5952,0.5278,0.945
K90|ENN4|s0|a0.0001|lr0.0003,0.5181,0.5217,0.4603,0.5278,0.625
K90|ENN4|s0|a0.05|lr0.0003,0.5181,0.5217,0.4603,0.5278,0.625
K90|ENN4|s13|a0.001|lr0.0003,0.5175,0.6087,0.3889,0.5397,0.575
K90|ENN4|s13|a0.05|lr0.0003,0.5175,0.6087,0.3889,0.5397,0.575
K90|ENN4|s13|a0.05|lr0.0005,0.5175,0.6087,0.4286,0.5397,0.58
K125|ENN4|s7|a0.0001|lr0.0003,0.5175,0.6087,0.4603,0.5397,0.48
K90|ENN5|s13|a0.05|lr0.0003,0.5175,0.6087,0.373,0.5397,0.575
K113|ENN3|s21|a0.05|lr0.0003,0.5175,0.6087,0.4444,0.5397,0.685
K90|ENN5|s13|a0.01|lr0.0005,0.5175,0.6087,0.4127,0.5397,0.575
K95|ENN5|s0|a0.0001|lr0.0003,0.5175,0.6087,0.4683,0.5397,0.595
K95|ENN5|s0|a0.001|lr0.0003,0.5175,0.6087,0.4683,0.5397,0.595
K95|ENN5|s0|a0.0001|lr0.0005,0.5175,0.6087,0.4841,0.5397,0.595
K95|ENN5|s0|a0.05|lr0.0005,0.5175,0.6087,0.4683,0.5397,0.595
K95|ENN5|s0|a0.05|lr0.0003,0.5175,0.6087,0.4762,0.5397,0.595
K95|ENN5|s0|a0.01|lr0.0005,0.5175,0.6087,0.4841,0.5397,0.595
K95|ENN5|s0|a0.01|lr0.0003,0.5175,0.6087,0.4683,0.5397,0.595
K95|ENN5|s0|a0.001|lr0.0005,0.5175,0.6087,0.4841,0.5397,0.595
K112|ENN2|s33|a0.05|lr0.0005,0.5175,0.6087,0.4841,0.5397,0.925
K112|ENN2|s33|a0.0001|lr0.0003,0.5175,0.6087,0.4841,0.5397,0.92
K90|ENN4|s13|a0.01|lr0.0005,0.5175,0.6087,0.4286,0.5397,0.58
K90|ENN5|s13|a0.001|lr0.0003,0.5175,0.6087,0.381,0.5397,0.575
K90|ENN5|s13|a0.01|lr0.0003,0.5175,0.6087,0.381,0.5397,0.575
K90|ENN5|s13|a0.001|lr0.0005,0.5175,0.6087,0.4127,0.5397,0.575
K112|ENN5|s0|a0.0001|lr0.0005,0.5175,0.6087,0.4444,0.5397,0.6
K112|ENN5|s0|a0.0001|lr0.0003,0.5175,0.6087,0.4524,0.5397,0.6
K113|ENN3|s21|a0.001|lr0.0003,0.5175,0.6087,0.4444,0.5397,0.685
K108|ENN3|s76|a0.01|lr0.0003,0.5175,0.6087,0.4603,0.5397,0.56
K112|ENN5|s0|a0.001|lr0.0003,0.5175,0.6087,0.4444,0.5397,0.6
K112|ENN5|s0|a0.001|lr0.0005,0.5175,0.6087,0.4444,0.5397,0.6
K108|ENN3|s76|a0.001|lr0.0003,0.5175,0.6087,0.4603,0.5397,0.56
K113|ENN3|s21|a0.01|lr0.0003,0.5175,0.6087,0.4444,0.5397,0.685
K112|ENN2|s33|a0.0001|lr0.0005,0.5175,0.6087,0.4841,0.5397,0.93
K113|ENN3|s21|a0.0001|lr0.0003,0.5175,0.6087,0.4444,0.5397,0.685
K125|ENN4|s7|a0.001|lr0.0003,0.5175,0.6087,0.4603,0.5397,0.48
K125|ENN5|s76|a0.0001|lr0.0003,0.5175,0.6087,0.4127,0.5397,0.835
K112|ENN2|s99|a0.05|lr0.0003,0.5175,0.6087,0.4365,0.5397,0.695
K112|ENN5|s0|a0.01|lr0.0005,0.5175,0.6087,0.4444,0.5397,0.6
K112|ENN5|s0|a0.05|lr0.0005,0.5175,0.6087,0.4444,0.5397,0.6
SpecMFCC_K150_ENN|s0|a0.01,0.5175,0.6087,0.373,0.5397,0.515
SpecMFCC_K150_ENN|s0|a0.05,0.5175,0.6087,0.373,0.5397,0.515
K112|ENN5|s0|a0.05|lr0.0003,0.5175,0.6087,0.4365,0.5397,0.6
SpecMFCC_K150_ENN|s0|a0.001,0.5175,0.6087,0.373,0.5397,0.515
K90|ENN4|s13|a0.0001|lr0.0003,0.5175,0.6087,0.3889,0.5397,0.575
K90|ENN4|s13|a0.0001|lr0.0005,0.5175,0.6087,0.4286,0.5397,0.58
K90|ENN4|s13|a0.01|lr0.0003,0.5175,0.6087,0.3889,0.5397,0.575
K115|ENN5|s7|a0.0001|lr0.0005,0.5175,0.6087,0.4603,0.5397,0.525
K90|ENN3|s13|a0.001|lr0.0003,0.5175,0.6087,0.3651,0.5397,0.57
K90|ENN3|s13|a0.001|lr0.0005,0.5175,0.6087,0.3968,0.5397,0.57
K125|ENN5|s76|a0.05|lr0.0005,0.5175,0.6087,0.4206,0.5397,0.845
K125|ENN5|s76|a0.05|lr0.0003,0.5175,0.6087,0.4127,0.5397,0.835
K125|ENN5|s76|a0.01|lr0.0005,0.5175,0.6087,0.4206,0.5397,0.845
K125|ENN5|s76|a0.01|lr0.001,0.5175,0.6087,0.4048,0.5397,0.805
K125|ENN5|s76|a0.05|lr0.001,0.5175,0.6087,0.4206,0.5397,0.805
K112|ENN2|s99|a0.01|lr0.0003,0.5175,0.6087,0.4365,0.5397,0.695
K90|ENN3|s13|a0.0001|lr0.0005,0.5175,0.6087,0.3968,0.5397,0.57
K90|ENN3|s13|a0.0001|lr0.0003,0.5175,0.6087,0.3651,0.5397,0.57
K125|ENN5|s21|a0.001|lr0.0005,0.5175,0.6087,0.3889,0.5397,0.675
K125|ENN5|s21|a0.001|lr0.0003,0.5175,0.6087,0.3492,0.5397,0.67
K125|ENN5|s21|a0.0001|lr0.0005,0.5175,0.6087,0.3889,0.5397,0.675
K125|ENN5|s21|a0.0001|lr0.0003,0.5175,0.6087,0.3492,0.5397,0.67
K90|ENN3|s13|a0.05|lr0.0005,0.5175,0.6087,0.3889,0.5397,0.57
K90|ENN3|s13|a0.05|lr0.0003,0.5175,0.6087,0.3651,0.5397,0.565
K90|ENN3|s13|a0.01|lr0.0005,0.5175,0.6087,0.3968,0.5397,0.57
K90|ENN3|s13|a0.01|lr0.0003,0.5175,0.6087,0.3651,0.5397,0.57
K115|ENN5|s7|a0.05|lr0.0005,0.5175,0.6087,0.4603,0.5397,0.525
K90|ENN5|s13|a0.0001|lr0.0003,0.5175,0.6087,0.381,0.5397,0.575
K125|ENN4|s7|a0.01|lr0.0003,0.5175,0.6087,0.4603,0.5397,0.48
K125|ENN4|s7|a0.05|lr0.0003,0.5175,0.6087,0.4603,0.5397,0.48
K112|ENN2|s33|a0.01|lr0.0003,0.5175,0.6087,0.4762,0.5397,0.92
K112|ENN2|s33|a0.01|lr0.0005,0.5175,0.6087,0.4841,0.5397,0.93
K112|ENN2|s33|a0.001|lr0.0003,0.5175,0.6087,0.4841,0.5397,0.92
K112|ENN2|s33|a0.001|lr0.0005,0.5175,0.6087,0.4841,0.5397,0.93
K125|ENN5|s21|a0.05|lr0.0005,0.5175,0.6087,0.3889,0.5397,0.675
K90|ENN5|s13|a0.05|lr0.0005,0.5175,0.6087,0.4127,0.5397,0.58
K90|ENN5|s13|a0.0001|lr0.0005,0.5175,0.6087,0.4127,0.5397,0.575
K112|ENN2|s99|a0.0001|lr0.0003,0.5175,0.6087,0.4365,0.5397,0.695
K115|ENN5|s7|a0.01|lr0.0005,0.5175,0.6087,0.4603,0.5397,0.525
MFCC_K120_ENN|s76|a0.05,0.5175,0.6087,0.381,0.5397,0.45
MFCC_K120_ENN|s76|a0.01,0.5175,0.6087,0.381,0.5397,0.45
MFCC_K120_ENN|s76|a0.001,0.5175,0.6087,0.381,0.5397,0.45
K125|ENN5|s21|a0.01|lr0.0003,0.5175,0.6087,0.3492,0.5397,0.67
K125|ENN5|s21|a0.01|lr0.0005,0.5175,0.6087,0.3889,0.5397,0.675
K125|ENN5|s21|a0.05|lr0.0003,0.5175,0.6087,0.3492,0.5397,0.67
K108|ENN3|s76|a0.0001|lr0.0003,0.5175,0.6087,0.4603,0.5397,0.56
K125|ENN5|s76|a0.001|lr0.0003,0.5175,0.6087,0.4127,0.5397,0.835
K125|ENN5|s76|a0.001|lr0.0005,0.5175,0.6087,0.4206,0.5397,0.845
K115|ENN5|s7|a0.001|lr0.0005,0.5175,0.6087,0.4603,0.5397,0.525
K112|ENN2|s99|a0.001|lr0.0003,0.5175,0.6087,0.4365,0.5397,0.695
K90|ENN4|s13|a0.001|lr0.0005,0.5175,0.6087,0.4286,0.5397,0.58
K112|ENN5|s0|a0.01|lr0.0003,0.5175,0.6087,0.4444,0.5397,0.6
K125|ENN5|s76|a0.001|lr0.001,0.5175,0.6087,0.4206,0.5397,0.81
K125|ENN5|s76|a0.01|lr0.0003,0.5175,0.6087,0.4127,0.5397,0.835
K125|ENN5|s76|a0.0001|lr0.0005,0.5175,0.6087,0.4206,0.5397,0.845
K125|ENN5|s76|a0.0001|lr0.001,0.5175,0.6087,0.4127,0.5397,0.81
K111|ENN5|s21|a0.01|lr0.001,0.5068,0.5217,0.4365,0.5873,0.41
arch600x300x150x75|s7|a0.0001|lr0.001,0.5068,0.5217,0.4921,0.5873,0.385
K125|ENN2|s99|a0.0001|lr0.001,0.5068,0.5217,0.3968,0.5079,0.67
arch400x200x100x50|s7|a0.01|lr0.001,0.5068,0.5217,0.5079,0.5873,0.385
K111|ENN5|s21|a0.0001|lr0.001,0.5068,0.5217,0.4365,0.5873,0.41
arch600x300x150x75|s7|a0.001|lr0.001,0.5068,0.5217,0.4921,0.5873,0.415
K111|ENN2|s13|a0.001|lr0.0005,0.5068,0.5217,0.4603,0.5079,0.57
K111|ENN2|s13|a0.05|lr0.0005,0.5068,0.5217,0.4603,0.5079,0.57
K111|ENN5|s21|a0.001|lr0.001,0.5068,0.5217,0.4365,0.5873,0.41
K120|ENN4|s13|a0.0001|lr0.0005,0.5068,0.5217,0.5159,0.5079,0.85
K120|ENN4|s13|a0.001|lr0.0005,0.5068,0.5217,0.5159,0.5079,0.85
K100|ENN5|s7|a0.05|lr0.0003,0.5068,0.5217,0.4286,0.5079,0.55
K125|ENN2|s99|a0.05|lr0.001,0.5068,0.5217,0.3968,0.5079,0.67
K100|ENN2|s76|a0.001|lr0.001,0.5068,0.5217,0.5159,0.5873,0.48
K125|ENN2|s99|a0.01|lr0.001,0.5068,0.5217,0.3968,0.5079,0.67
arch400x200x100x50|s7|a0.001|lr0.001,0.5068,0.5217,0.5079,0.5873,0.38
arch400x200x100x50|s7|a0.0001|lr0.001,0.5068,0.5217,0.5079,0.5873,0.385
K125|ENN2|s99|a0.001|lr0.001,0.5068,0.5217,0.3968,0.5079,0.67
K100|ENN5|s7|a0.0001|lr0.0003,0.5068,0.5217,0.4286,0.5079,0.55
K111|ENN2|s13|a0.0001|lr0.0005,0.5068,0.5217,0.4603,0.5079,0.57
K95|ENN2|s7|a0.0001|lr0.001,0.5068,0.5217,0.619,0.5873,0.87
K120|ENN4|s13|a0.0001|lr0.001,0.5068,0.5217,0.5,0.5079,0.895
arch600x300x150x75|s7|a0.01|lr0.001,0.5068,0.5217,0.4921,0.5873,0.4
arch600x300x150x75|s7|a0.05|lr0.001,0.5068,0.5217,0.4921,0.5873,0.375
K111|ENN5|s21|a0.05|lr0.001,0.5068,0.5217,0.4365,0.5873,0.45
K95|ENN2|s7|a0.05|lr0.001,0.5068,0.5217,0.6032,0.5873,0.855
K111|ENN2|s13|a0.01|lr0.0005,0.5068,0.5217,0.4603,0.5079,0.57
K120|ENN4|s13|a0.001|lr0.001,0.5068,0.5217,0.5,0.5079,0.895
K100|ENN5|s7|a0.001|lr0.0003,0.5068,0.5217,0.4286,0.5079,0.55
K95|ENN2|s7|a0.001|lr0.001,0.5068,0.5217,0.6111,0.5873,0.875
K95|ENN2|s7|a0.01|lr0.001,0.5068,0.5217,0.6032,0.5873,0.87
K100|ENN5|s7|a0.01|lr0.0003,0.5068,0.5217,0.4286,0.5079,0.55
K120|ENN4|s13|a0.05|lr0.001,0.5068,0.5217,0.5,0.5079,0.89
K120|ENN4|s13|a0.01|lr0.001,0.5068,0.5217,0.5,0.5079,0.9
K125|ENN2|s21|a0.05|lr0.0003,0.4889,0.6522,0.3175,0.5556,0.71
K125|ENN2|s21|a0.01|lr0.0003,0.4889,0.6522,0.3175,0.5556,0.71
K125|ENN2|s21|a0.05|lr0.001,0.4889,0.6522,0.381,0.5556,0.76
K125|ENN4|s21|a0.05|lr0.0003,0.4889,0.6522,0.3254,0.5556,0.71
K108|ENN4|s99|a0.05|lr0.0003,0.4889,0.6522,0.4048,0.5556,0.585
K125|ENN4|s21|a0.001|lr0.0003,0.4889,0.6522,0.3254,0.5556,0.71
K115|ENN5|s7|a0.01|lr0.0003,0.4889,0.6522,0.4286,0.5556,0.54
K111|ENN3|s21|a0.01|lr0.0003,0.4889,0.6522,0.3095,0.5556,0.66
K111|ENN3|s21|a0.05|lr0.0003,0.4889,0.6522,0.3095,0.5556,0.66
K125|ENN2|s76|a0.0001|lr0.0003,0.4889,0.6522,0.3968,0.5556,0.68
K125|ENN2|s76|a0.001|lr0.0003,0.4889,0.6522,0.4048,0.5556,0.68
K125|ENN2|s76|a0.01|lr0.0003,0.4889,0.6522,0.3968,0.5556,0.68
K108|ENN4|s99|a0.0001|lr0.0003,0.4889,0.6522,0.4048,0.5556,0.585
K111|ENN3|s21|a0.0001|lr0.0003,0.4889,0.6522,0.3095,0.5556,0.66
K111|ENN3|s21|a0.001|lr0.0003,0.4889,0.6522,0.3095,0.5556,0.66
K108|ENN3|s76|a0.0001|lr0.0005,0.4889,0.6522,0.4286,0.5556,0.565
K108|ENN4|s99|a0.001|lr0.0003,0.4889,0.6522,0.4048,0.5556,0.585
K108|ENN3|s76|a0.01|lr0.0005,0.4889,0.6522,0.4286,0.5556,0.565
K125|ENN2|s21|a0.01|lr0.001,0.4889,0.6522,0.381,0.5556,0.76
K108|ENN3|s76|a0.001|lr0.0005,0.4889,0.6522,0.4286,0.5556,0.565
K125|ENN4|s21|a0.01|lr0.0003,0.4889,0.6522,0.3254,0.5556,0.71
K125|ENN2|s21|a0.001|lr0.0003,0.4889,0.6522,0.3175,0.5556,0.71
K115|ENN5|s7|a0.0001|lr0.0003,0.4889,0.6522,0.4286,0.5556,0.54
K125|ENN2|s21|a0.0001|lr0.001,0.4889,0.6522,0.381,0.5556,0.76
K125|ENN2|s99|a0.01|lr0.0003,0.4889,0.6522,0.3889,0.5556,0.765
K115|ENN5|s7|a0.001|lr0.0003,0.4889,0.6522,0.4286,0.5556,0.54
K125|ENN2|s99|a0.05|lr0.0005,0.4889,0.6522,0.4127,0.5556,0.75
K125|ENN2|s21|a0.001|lr0.001,0.4889,0.6522,0.381,0.5556,0.76
K125|ENN2|s99|a0.01|lr0.0005,0.4889,0.6522,0.4127,0.5556,0.75
K125|ENN2|s99|a0.0001|lr0.0005,0.4889,0.6522,0.4127,0.5556,0.75
K125|ENN2|s99|a0.001|lr0.0003,0.4889,0.6522,0.3889,0.5556,0.765
K125|ENN2|s99|a0.001|lr0.0005,0.4889,0.6522,0.4127,0.5556,0.75
K125|ENN2|s21|a0.0001|lr0.0003,0.4889,0.6522,0.3175,0.5556,0.71
K125|ENN2|s99|a0.05|lr0.0003,0.4889,0.6522,0.3889,0.5556,0.765
K125|ENN2|s99|a0.0001|lr0.0003,0.4889,0.6522,0.3889,0.5556,0.765
K125|ENN4|s21|a0.0001|lr0.0003,0.4889,0.6522,0.3254,0.5556,0.71
K115|ENN5|s7|a0.05|lr0.0003,0.4889,0.6522,0.4365,0.5556,0.54
K108|ENN4|s99|a0.01|lr0.0003,0.4889,0.6522,0.4048,0.5556,0.585
arch200x150x100x50|s7|a0.05|lr0.001,0.4868,0.5217,0.4048,0.4881,0.54
arch200x150x100x50|s7|a0.001|lr0.0005,0.4868,0.5217,0.4127,0.4881,0.54
K113|ENN2|s21|a0.0001|lr0.0003,0.4868,0.5217,0.4524,0.6071,0.535
arch200x150x100x50|s7|a0.0001|lr0.001,0.4868,0.5217,0.4048,0.4881,0.54
arch200x150x100x50|s7|a0.0001|lr0.0005,0.4868,0.5217,0.4127,0.4881,0.54
SpecMFCC_K150_ENN|s13|a0.001,0.4868,0.5217,0.3175,0.4881,0.57
K113|ENN2|s21|a0.001|lr0.0005,0.4868,0.5217,0.4444,0.6071,0.475
K113|ENN2|s21|a0.001|lr0.0003,0.4868,0.5217,0.4444,0.6071,0.535
K113|ENN2|s21|a0.0001|lr0.001,0.4868,0.5217,0.4524,0.6071,0.39
K113|ENN2|s21|a0.0001|lr0.0005,0.4868,0.5217,0.4444,0.6071,0.475
K90|ENN5|s99|a0.05|lr0.0005,0.4868,0.5217,0.3571,0.4881,0.57
SpecMFCC_K150_ENN|s13|a0.05,0.4868,0.5217,0.3175,0.4881,0.565
SpecMFCC_K150_ENN|s13|a0.01,0.4868,0.5217,0.3175,0.4881,0.565
arch200x150x100x50|s7|a0.001|lr0.001,0.4868,0.5217,0.4048,0.4881,0.54
K112|ENN5|s7|a0.001|lr0.0005,0.4868,0.5217,0.4444,0.4881,0.915
K112|ENN5|s7|a0.001|lr0.001,0.4868,0.5217,0.4444,0.4881,0.945
K111|ENN4|s21|a0.01|lr0.0003,0.4868,0.5217,0.3254,0.4881,0.605
K112|ENN5|s7|a0.01|lr0.001,0.4868,0.5217,0.4444,0.4881,0.945
K112|ENN5|s7|a0.0001|lr0.001,0.4868,0.5217,0.4444,0.4881,0.945
K95|ENN3|s0|a0.001|lr0.001,0.4868,0.5217,0.6349,0.6071,0.76
K111|ENN4|s21|a0.0001|lr0.0003,0.4868,0.5217,0.3254,0.4881,0.605
K111|ENN4|s21|a0.05|lr0.0003,0.4868,0.5217,0.3254,0.4881,0.605
K95|ENN3|s0|a0.01|lr0.001,0.4868,0.5217,0.6349,0.6071,0.76
K115|ENN4|s13|a0.001|lr0.0003,0.4868,0.5217,0.3968,0.4881,0.42
K115|ENN4|s13|a0.01|lr0.0003,0.4868,0.5217,0.3889,0.4881,0.425
K115|ENN4|s13|a0.05|lr0.0003,0.4868,0.5217,0.3889,0.4881,0.425
K111|ENN4|s21|a0.001|lr0.0003,0.4868,0.5217,0.3254,0.4881,0.605
K112|ENN5|s7|a0.05|lr0.0005,0.4868,0.5217,0.4444,0.4881,0.92
K112|ENN5|s7|a0.05|lr0.001,0.4868,0.5217,0.4444,0.4881,0.94
MFCC_K120_ENN|s13|a0.001,0.4868,0.5217,0.4048,0.4881,0.56
K112|ENN4|s7|a0.0001|lr0.001,0.4868,0.5217,0.4524,0.4881,0.835
MFCC_K120_ENN|s13|a0.01,0.4868,0.5217,0.4048,0.4881,0.56
K112|ENN5|s7|a0.0001|lr0.0005,0.4868,0.5217,0.4365,0.4881,0.92
K112|ENN5|s7|a0.0001|lr0.0003,0.4868,0.5217,0.4206,0.4881,0.905
K113|ENN2|s21|a0.05|lr0.0005,0.4868,0.5217,0.4524,0.6071,0.495
K115|ENN4|s13|a0.0001|lr0.0003,0.4868,0.5217,0.3889,0.4881,0.425
K112|ENN4|s7|a0.001|lr0.001,0.4868,0.5217,0.4603,0.4881,0.835
K112|ENN4|s7|a0.01|lr0.001,0.4868,0.5217,0.4762,0.4881,0.83
K113|ENN2|s21|a0.01|lr0.0003,0.4868,0.5217,0.4524,0.6071,0.54
K113|ENN2|s21|a0.01|lr0.0005,0.4868,0.5217,0.4444,0.6071,0.475
K113|ENN2|s21|a0.01|lr0.001,0.4868,0.5217,0.4603,0.6071,0.4
K113|ENN2|s21|a0.05|lr0.0003,0.4868,0.5217,0.4524,0.6071,0.53
K113|ENN2|s21|a0.001|lr0.001,0.4868,0.5217,0.4524,0.6071,0.38
arch200x150x100x50|s7|a0.01|lr0.0005,0.4868,0.5217,0.4127,0.4881,0.54
arch200x150x100x50|s7|a0.05|lr0.0005,0.4868,0.5217,0.4127,0.4881,0.54
arch200x150x100x50|s7|a0.01|lr0.001,0.4868,0.5217,0.4048,0.4881,0.54
K90|ENN5|s99|a0.0001|lr0.0005,0.4866,0.5652,0.3571,0.504,0.575
K90|ENN5|s99|a0.001|lr0.0003,0.4866,0.5652,0.3492,0.504,0.575
K90|ENN5|s99|a0.0001|lr0.0003,0.4866,0.5652,0.3492,0.504,0.575
K111|ENN3|s21|a0.01|lr0.0005,0.4866,0.5652,0.2778,0.504,0.61
K90|ENN5|s0|a0.001|lr0.0005,0.4866,0.5652,0.3968,0.504,0.66
K90|ENN5|s99|a0.01|lr0.0005,0.4866,0.5652,0.3571,0.504,0.575
K90|ENN5|s99|a0.01|lr0.0003,0.4866,0.5652,0.3492,0.504,0.575
K90|ENN5|s99|a0.001|lr0.0005,0.4866,0.5652,0.3571,0.504,0.575
K90|ENN5|s0|a0.001|lr0.0003,0.4866,0.5652,0.381,0.504,0.655
K111|ENN3|s21|a0.05|lr0.0005,0.4866,0.5652,0.2778,0.504,0.61
K111|ENN3|s21|a0.001|lr0.0005,0.4866,0.5652,0.2778,0.504,0.61
K90|ENN2|s99|a0.0001|lr0.0003,0.4866,0.5652,0.3492,0.504,0.58
SpecMFCC_K100_ENN|s0|a0.01,0.4866,0.5652,0.381,0.504,0.545
K90|ENN2|s99|a0.01|lr0.0003,0.4866,0.5652,0.3492,0.504,0.58
K90|ENN2|s99|a0.01|lr0.0005,0.4866,0.5652,0.4048,0.504,0.58
K90|ENN2|s99|a0.001|lr0.0003,0.4866,0.5652,0.3492,0.504,0.58
K90|ENN2|s99|a0.05|lr0.0005,0.4866,0.5652,0.3968,0.504,0.58
SpecMFCC_K100_ENN|s0|a0.05,0.4866,0.5652,0.381,0.504,0.545
K90|ENN5|s99|a0.05|lr0.0003,0.4866,0.5652,0.3492,0.504,0.575
K90|ENN5|s0|a0.01|lr0.0003,0.4866,0.5652,0.381,0.504,0.655
K90|ENN5|s0|a0.05|lr0.0003,0.4866,0.5652,0.381,0.504,0.655
K90|ENN5|s0|a0.0001|lr0.0003,0.4866,0.5652,0.381,0.504,0.655
K90|ENN2|s99|a0.001|lr0.0005,0.4866,0.5652,0.4048,0.504,0.58
K90|ENN2|s99|a0.05|lr0.0003,0.4866,0.5652,0.3413,0.504,0.58
K90|ENN5|s0|a0.01|lr0.0005,0.4866,0.5652,0.3968,0.504,0.66
SpecMFCC_K100_ENN|s0|a0.001,0.4866,0.5652,0.381,0.504,0.545
K90|ENN2|s99|a0.0001|lr0.0005,0.4866,0.5652,0.4048,0.504,0.58
K111|ENN3|s21|a0.0001|lr0.0005,0.4866,0.5652,0.2778,0.504,0.61
K90|ENN5|s0|a0.0001|lr0.0005,0.4866,0.5652,0.3968,0.504,0.66
K109|ENN4|s33|a0.01|lr0.001,0.4773,0.4783,0.5,0.5119,0.645
K125|ENN4|s21|a0.01|lr0.001,0.4773,0.4783,0.3651,0.4921,0.6
arch500x250x100x50|s0|a0.0001|lr0.001,0.4773,0.4783,0.5873,0.5119,0.945
K125|ENN2|s7|a0.05|lr0.001,0.4773,0.4783,0.5794,0.5119,0.905
K125|ENN2|s7|a0.001|lr0.001,0.4773,0.4783,0.5873,0.5119,0.92
K125|ENN2|s7|a0.0001|lr0.001,0.4773,0.4783,0.5873,0.5119,0.92
K95|ENN2|s0|a0.0001|lr0.001,0.4773,0.4783,0.5952,0.5119,0.945
K111|ENN4|s13|a0.05|lr0.0005,0.4773,0.4783,0.4048,0.4921,0.555
K111|ENN4|s13|a0.05|lr0.0003,0.4773,0.4783,0.3889,0.4921,0.55
K125|ENN2|s7|a0.01|lr0.001,0.4773,0.4783,0.5794,0.5119,0.92
K125|ENN4|s21|a0.001|lr0.001,0.4773,0.4783,0.3651,0.4921,0.6
K111|ENN4|s13|a0.01|lr0.0005,0.4773,0.4783,0.4048,0.4921,0.555
K125|ENN4|s21|a0.05|lr0.001,0.4773,0.4783,0.3651,0.4921,0.6
K111|ENN4|s13|a0.0001|lr0.0005,0.4773,0.4783,0.4048,0.4921,0.555
K125|ENN4|s21|a0.0001|lr0.001,0.4773,0.4783,0.3651,0.4921,0.6
K111|ENN4|s13|a0.001|lr0.0005,0.4773,0.4783,0.4048,0.4921,0.555
arch500x250x100x50|s0|a0.01|lr0.001,0.4773,0.4783,0.5952,0.5119,0.94
MFCC_K110_ENN|s13|a0.05,0.4773,0.4783,0.3413,0.4921,0.545
MFCC_K110_ENN|s13|a0.01,0.4773,0.4783,0.3413,0.4921,0.545
MFCC_K110_ENN|s13|a0.001,0.4773,0.4783,0.3413,0.4921,0.545
SpecMFCC_K110_ENN|s13|a0.001,0.4773,0.4783,0.3651,0.5119,0.52
SpecMFCC_K110_ENN|s13|a0.05,0.4773,0.4783,0.3651,0.5119,0.52
SpecMFCC_K110_ENN|s13|a0.01,0.4773,0.4783,0.3651,0.5119,0.52
K95|ENN3|s7|a0.001|lr0.001,0.4773,0.4783,0.5714,0.5119,0.945
K125|ENN3|s99|a0.01|lr0.0003,0.4692,0.4783,0.373,0.5317,0.555
K112|ENN4|s7|a0.05|lr0.0005,0.4692,0.4783,0.4286,0.5317,0.595
K112|ENN4|s7|a0.001|lr0.0003,0.4692,0.4783,0.4048,0.5317,0.605
K111|ENN3|s13|a0.05|lr0.0003,0.4692,0.4783,0.3968,0.4722,0.56
K112|ENN4|s7|a0.001|lr0.0005,0.4692,0.4783,0.4127,0.5317,0.6
K112|ENN4|s7|a0.01|lr0.0005,0.4692,0.4783,0.4286,0.5317,0.6
K95|ENN2|s0|a0.001|lr0.001,0.4692,0.4783,0.5952,0.5317,0.82
K125|ENN3|s99|a0.001|lr0.0003,0.4692,0.4783,0.373,0.5317,0.555
K111|ENN4|s21|a0.01|lr0.0005,0.4692,0.4783,0.3095,0.4722,0.585
K111|ENN4|s21|a0.001|lr0.0005,0.4692,0.4783,0.3095,0.4722,0.585
K111|ENN4|s21|a0.05|lr0.0005,0.4692,0.4783,0.3095,0.4722,0.585
K111|ENN2|s13|a0.01|lr0.0003,0.4692,0.4783,0.4206,0.4722,0.56
K125|ENN4|s99|a0.05|lr0.0003,0.4692,0.4783,0.3571,0.5317,0.555
K125|ENN2|s21|a0.0001|lr0.0005,0.4692,0.4783,0.3571,0.4722,0.63
K125|ENN2|s21|a0.001|lr0.0005,0.4692,0.4783,0.3571,0.4722,0.63
K111|ENN3|s13|a0.0001|lr0.0003,0.4692,0.4783,0.3968,0.4722,0.56
K111|ENN3|s13|a0.01|lr0.0003,0.4692,0.4783,0.3968,0.4722,0.56
K125|ENN3|s99|a0.0001|lr0.0003,0.4692,0.4783,0.373,0.5317,0.555
K111|ENN3|s13|a0.001|lr0.0003,0.4692,0.4783,0.3968,0.4722,0.56
K125|ENN2|s21|a0.05|lr0.0005,0.4692,0.4783,0.3571,0.4722,0.63
K125|ENN2|s21|a0.01|lr0.0005,0.4692,0.4783,0.3571,0.4722,0.63
K111|ENN4|s21|a0.0001|lr0.0005,0.4692,0.4783,0.3095,0.4722,0.585
K112|ENN4|s7|a0.0001|lr0.0005,0.4692,0.4783,0.4127,0.5317,0.6
K111|ENN2|s13|a0.05|lr0.0003,0.4692,0.4783,0.4206,0.4722,0.56
MFCC_K120_ENN|s13|a0.05,0.4692,0.4783,0.4048,0.4722,0.55
K111|ENN2|s13|a0.001|lr0.0003,0.4692,0.4783,0.4206,0.4722,0.56
K111|ENN2|s13|a0.0001|lr0.0003,0.4692,0.4783,0.4206,0.4722,0.56
arch500x250x100x50|s0|a0.001|lr0.001,0.4692,0.4783,0.5873,0.5317,0.72
K125|ENN4|s21|a0.01|lr0.0005,0.4623,0.6087,0.3333,0.5198,0.685
K108|ENN4|s99|a0.001|lr0.0005,0.4623,0.6087,0.4048,0.5198,0.58
K108|ENN4|s99|a0.05|lr0.0005,0.4623,0.6087,0.3968,0.5198,0.58
K108|ENN4|s99|a0.0001|lr0.0005,0.4623,0.6087,0.4048,0.5198,0.58
K125|ENN4|s21|a0.0001|lr0.0005,0.4623,0.6087,0.3333,0.5198,0.685
K108|ENN4|s99|a0.01|lr0.0005,0.4623,0.6087,0.4048,0.5198,0.58
K125|ENN4|s21|a0.05|lr0.0005,0.4623,0.6087,0.3333,0.5198,0.685
K125|ENN4|s21|a0.001|lr0.0005,0.4623,0.6087,0.3333,0.5198,0.685
K111|ENN5|s21|a0.0001|lr0.0003,0.4559,0.5217,0.2143,0.4683,0.58
K112|ENN4|s7|a0.0001|lr0.0003,0.4559,0.5217,0.3968,0.4683,0.905
K112|ENN4|s7|a0.05|lr0.0003,0.4559,0.5217,0.4048,0.4683,0.905
K111|ENN5|s21|a0.05|lr0.0003,0.4559,0.5217,0.2143,0.4683,0.58
K111|ENN5|s21|a0.01|lr0.0003,0.4559,0.5217,0.2143,0.4683,0.58
K111|ENN5|s21|a0.001|lr0.0003,0.4559,0.5217,0.2143,0.4683,0.58
K112|ENN4|s7|a0.01|lr0.0003,0.4559,0.5217,0.3968,0.4683,0.905
K90|ENN5|s0|a0.05|lr0.0005,0.4559,0.5217,0.3968,0.4683,0.65
MFCC_K80_ENN|s42|a0.01,0.4524,0.4783,0.3333,0.4524,0.63
MFCC_K80_ENN|s42|a0.05,0.4524,0.4783,0.3333,0.4524,0.63
MFCC_K80_ENN|s42|a0.001,0.4524,0.4783,0.3333,0.4524,0.63
arch200x150x100x50|s7|a0.05|lr0.0003,0.4348,0.4348,0.3889,0.4563,0.5
arch200x150x100x50|s7|a0.001|lr0.0003,0.4348,0.4348,0.3889,0.4563,0.5
arch200x150x100x50|s7|a0.01|lr0.0003,0.4348,0.4348,0.3889,0.4563,0.5
arch200x150x100x50|s7|a0.0001|lr0.0003,0.4348,0.4348,0.3889,0.4563,0.5
