Experiment,Test F1 Macro,Test Accuracy,Test AUC,Test Recall,Threshold
K110|enn|a0.001|s42,0.8083,0.8261,0.7381,0.7976,0.84
K110|enn|a0.05|s42,0.8083,0.8261,0.7381,0.7976,0.84
K110|enn|a0.01|s42,0.8083,0.8261,0.7381,0.7976,0.84
MLP_s240_a0.05_lr0.001,0.7758,0.7826,0.6905,0.7817,0.37
K110|enn|a0.05|s0,0.7758,0.7826,0.8175,0.7817,0.6
K120|enn|a0.01|s42,0.7758,0.7826,0.746,0.7817,0.63
K100|enn|a0.01|s76,0.7758,0.7826,0.6984,0.7817,0.8
K100|enn|a0.001|s76,0.7758,0.7826,0.6984,0.7817,0.79
K120|enn|a0.001|s42,0.7758,0.7826,0.7302,0.7817,0.63
K110|enn|a0.01|s0,0.7758,0.7826,0.8175,0.7817,0.6
K120|enn|a0.05|s42,0.7758,0.7826,0.7381,0.7817,0.63
K110|enn|a0.001|s0,0.7758,0.7826,0.8175,0.7817,0.6
MLP_s286_a0.01_lr0.0005,0.7667,0.7826,0.6429,0.7619,0.48
MLP_s281_a0.05_lr0.0005,0.7667,0.7826,0.7857,0.7619,0.5
MLP_s286_a0.05_lr0.0005,0.7667,0.7826,0.6429,0.7619,0.47
MLP_s281_a0.05_lr0.001,0.7667,0.7826,0.8095,0.7619,0.55
MLP_s286_a0.001_lr0.0005,0.7667,0.7826,0.6429,0.7619,0.48
MLP_s281_a0.001_lr0.0005,0.7667,0.7826,0.7857,0.7619,0.5
MLP_s281_a0.01_lr0.0005,0.7667,0.7826,0.7857,0.7619,0.5
MLP_s281_a0.01_lr0.001,0.7667,0.7826,0.8095,0.7619,0.55
MLP_s151_a0.01_lr0.0005,0.7527,0.7826,0.6349,0.7421,0.49
MLP_s151_a0.001_lr0.0005,0.7527,0.7826,0.6349,0.7421,0.49
MLP_s151_a0.05_lr0.0005,0.7527,0.7826,0.6349,0.7421,0.49
MLP_s13_a0.01_lr0.0005,0.7527,0.7826,0.746,0.7421,0.45
MLP_s13_a0.05_lr0.0005,0.7527,0.7826,0.746,0.7421,0.45
MLP_s13_a0.001_lr0.0005,0.7527,0.7826,0.746,0.7421,0.45
K120|border|a0.01|s99,0.7527,0.7826,0.6984,0.7421,0.46
K120|border|a0.05|s99,0.7527,0.7826,0.6984,0.7421,0.46
K120|border|a0.001|s99,0.7527,0.7826,0.6984,0.7421,0.46
K110|adasyn|a0.001|s76,0.7527,0.7826,0.6508,0.7421,0.58
K110|adasyn|a0.05|s76,0.7527,0.7826,0.6508,0.7421,0.58
K110|enn|a0.001|s76,0.7527,0.7826,0.7778,0.7421,0.58
K110|enn|a0.05|s76,0.7527,0.7826,0.7778,0.7421,0.58
K110|enn|a0.01|s76,0.7527,0.7826,0.7778,0.7421,0.58
K200|enn|a0.001|s0,0.7386,0.7391,0.7063,0.7857,0.66
K120|enn|a0.01|s13,0.7386,0.7391,0.7381,0.7659,0.49
K200|enn|a0.05|s0,0.7386,0.7391,0.7063,0.7857,0.66
K120|enn|a0.05|s13,0.7386,0.7391,0.7381,0.7659,0.49
K200|enn|a0.01|s0,0.7386,0.7391,0.7063,0.7857,0.66
K120|enn|a0.001|s13,0.7386,0.7391,0.746,0.7659,0.49
K110|tomek|a0.001|s0,0.7346,0.7391,0.6032,0.746,0.46
MLP_s13_a0.001_lr0.001,0.7346,0.7391,0.7381,0.746,0.46
MLP_s251_a0.05_lr0.0005,0.7346,0.7391,0.6825,0.746,0.46
K100|enn|a0.05|s76,0.7346,0.7391,0.6905,0.746,0.75
K110|smote|a0.05|s0,0.7346,0.7391,0.627,0.746,0.44
K110|smote|a0.01|s0,0.7346,0.7391,0.627,0.746,0.44
K60|enn|a0.05|s42,0.7346,0.7391,0.6587,0.746,0.79
MLP_s67_a0.05_lr0.001,0.7346,0.7391,0.6349,0.746,0.37
MLP_s142_a0.01_lr0.0005,0.7346,0.7391,0.7143,0.746,0.49
MLP_s142_a0.001_lr0.0005,0.7346,0.7391,0.7222,0.746,0.49
MLP_s142_a0.05_lr0.0005,0.7346,0.7391,0.7143,0.746,0.49
MLP_s237_a0.05_lr0.001,0.7346,0.7391,0.6587,0.746,0.39
MLP_s67_a0.01_lr0.001,0.7346,0.7391,0.6349,0.746,0.36
MLP_s67_a0.001_lr0.001,0.7346,0.7391,0.6429,0.746,0.36
MLP_s13_a0.05_lr0.001,0.7346,0.7391,0.7381,0.746,0.46
MLP_s251_a0.01_lr0.0005,0.7346,0.7391,0.6905,0.746,0.46
K60|enn|a0.01|s42,0.7346,0.7391,0.6587,0.746,0.8
MLP_s140_a0.01_lr0.001,0.7346,0.7391,0.7302,0.746,0.49
MLP_s237_a0.001_lr0.001,0.7346,0.7391,0.6587,0.746,0.39
MLP_s140_a0.001_lr0.001,0.7346,0.7391,0.7302,0.746,0.49
MLP_s251_a0.001_lr0.0005,0.7346,0.7391,0.6905,0.746,0.46
MLP_s200_a0.01_lr0.001,0.7346,0.7391,0.6746,0.746,0.39
MLP_s200_a0.001_lr0.001,0.7346,0.7391,0.6746,0.746,0.39
MLP_s200_a0.05_lr0.001,0.7346,0.7391,0.6667,0.746,0.39
K110|smote|a0.001|s0,0.7346,0.7391,0.619,0.746,0.44
MLP_s140_a0.05_lr0.001,0.7346,0.7391,0.7302,0.746,0.49
K110|tomek|a0.05|s99,0.7346,0.7391,0.6349,0.746,0.34
MLP_s237_a0.01_lr0.001,0.7346,0.7391,0.6587,0.746,0.39
MLP_s60_a0.01_lr0.0005,0.7346,0.7391,0.619,0.746,0.43
MLP_s60_a0.05_lr0.0005,0.7346,0.7391,0.619,0.746,0.43
K110|tomek|a0.01|s0,0.7346,0.7391,0.6111,0.746,0.46
K110|tomek|a0.01|s99,0.7346,0.7391,0.6349,0.746,0.33
K110|tomek|a0.001|s99,0.7346,0.7391,0.6349,0.746,0.33
K60|enn|a0.001|s42,0.7346,0.7391,0.6587,0.746,0.8
MLP_s198_a0.001_lr0.0005,0.7319,0.7826,0.627,0.7222,0.52
K90|enn|a0.05|s13,0.7319,0.7826,0.7143,0.7222,0.58
K90|enn|a0.001|s13,0.7319,0.7826,0.7063,0.7222,0.58
MLP_s140_a0.01_lr0.0005,0.7319,0.7826,0.7381,0.7222,0.55
MLP_s198_a0.01_lr0.0005,0.7319,0.7826,0.627,0.7222,0.52
MLP_s198_a0.05_lr0.0005,0.7319,0.7826,0.627,0.7222,0.52
MLP_s140_a0.05_lr0.0005,0.7319,0.7826,0.7381,0.7222,0.55
K60|enn|a0.01|s99,0.7319,0.7826,0.7778,0.7222,0.75
MLP_s140_a0.001_lr0.0005,0.7319,0.7826,0.7381,0.7222,0.55
K90|enn|a0.01|s13,0.7319,0.7826,0.7063,0.7222,0.58
MLP_s8_a0.01_lr0.001,0.7262,0.7391,0.6111,0.7262,0.45
MLP_s8_a0.001_lr0.001,0.7262,0.7391,0.6111,0.7262,0.45
MLP_s263_a0.001_lr0.001,0.7262,0.7391,0.6667,0.7262,0.43
MLP_s263_a0.01_lr0.0005,0.7262,0.7391,0.6508,0.7262,0.41
MLP_s205_a0.05_lr0.0005,0.7262,0.7391,0.7063,0.7262,0.49
MLP_s92_a0.001_lr0.0005,0.7262,0.7391,0.6429,0.7262,0.43
MLP_s92_a0.01_lr0.0005,0.7262,0.7391,0.6429,0.7262,0.43
MLP_s263_a0.01_lr0.001,0.7262,0.7391,0.6587,0.7262,0.42
MLP_s154_a0.05_lr0.001,0.7262,0.7391,0.6032,0.7262,0.34
MLP_s263_a0.05_lr0.0005,0.7262,0.7391,0.6508,0.7262,0.41
MLP_s205_a0.01_lr0.0005,0.7262,0.7391,0.7063,0.7262,0.49
MLP_s263_a0.001_lr0.0005,0.7262,0.7391,0.6587,0.7262,0.42
MLP_s92_a0.05_lr0.0005,0.7262,0.7391,0.6349,0.7262,0.43
K100|enn|a0.01|s99,0.7262,0.7391,0.6667,0.7262,0.78
MLP_s154_a0.01_lr0.001,0.7262,0.7391,0.5952,0.7262,0.34
MLP_s42_a0.01_lr0.001,0.7262,0.7391,0.5794,0.7262,0.41
MLP_s263_a0.05_lr0.001,0.7262,0.7391,0.6746,0.7262,0.42
MLP_s8_a0.05_lr0.001,0.7262,0.7391,0.619,0.7262,0.45
K100|enn|a0.01|s42,0.7262,0.7391,0.6984,0.7262,0.46
K150|enn|a0.001|s76,0.7262,0.7391,0.619,0.7262,0.5
K100|enn|a0.05|s99,0.7262,0.7391,0.6667,0.7262,0.78
MLP_s293_a0.05_lr0.001,0.7262,0.7391,0.6508,0.7262,0.35
K100|adasyn|a0.05|s42,0.7262,0.7391,0.6349,0.7262,0.49
MLP_s293_a0.001_lr0.0005,0.7262,0.7391,0.6429,0.7262,0.33
MLP_s293_a0.001_lr0.001,0.7262,0.7391,0.6508,0.7262,0.35
MLP_s293_a0.05_lr0.0005,0.7262,0.7391,0.6429,0.7262,0.33
MLP_s293_a0.01_lr0.001,0.7262,0.7391,0.6508,0.7262,0.36
MLP_s293_a0.01_lr0.0005,0.7262,0.7391,0.6508,0.7262,0.33
MLP_s205_a0.001_lr0.0005,0.7262,0.7391,0.7063,0.7262,0.49
MLP_s42_a0.05_lr0.001,0.7262,0.7391,0.5794,0.7262,0.41
K100|enn|a0.001|s42,0.7262,0.7391,0.6984,0.7262,0.46
K100|enn|a0.001|s0,0.7262,0.7391,0.6587,0.7262,0.47
K100|enn|a0.001|s99,0.7262,0.7391,0.6667,0.7262,0.77
MLP_s42_a0.001_lr0.001,0.7262,0.7391,0.5794,0.7262,0.41
K100|enn|a0.05|s42,0.7262,0.7391,0.6984,0.7262,0.46
K100|adasyn|a0.001|s42,0.7262,0.7391,0.6349,0.7262,0.5
MLP_s154_a0.05_lr0.0005,0.7262,0.7391,0.5952,0.7262,0.34
MLP_s154_a0.01_lr0.0005,0.7262,0.7391,0.5952,0.7262,0.34
MLP_s154_a0.001_lr0.0005,0.7262,0.7391,0.5952,0.7262,0.34
MLP_s154_a0.001_lr0.001,0.7262,0.7391,0.5952,0.7262,0.34
K150|enn|a0.05|s76,0.7262,0.7391,0.619,0.7262,0.5
K150|enn|a0.01|s76,0.7262,0.7391,0.619,0.7262,0.5
MLP_s8_a0.001_lr0.0005,0.7125,0.7391,0.7063,0.7063,0.48
MLP_s143_a0.05_lr0.0005,0.7125,0.7391,0.7063,0.7063,0.53
MLP_s143_a0.01_lr0.001,0.7125,0.7391,0.7143,0.7063,0.53
K80|tomek|a0.001|s0,0.7125,0.7391,0.6349,0.7063,0.61
K80|tomek|a0.05|s0,0.7125,0.7391,0.6429,0.7063,0.58
MLP_s8_a0.01_lr0.0005,0.7125,0.7391,0.7063,0.7063,0.48
MLP_s223_a0.001_lr0.0005,0.7125,0.7391,0.746,0.7063,0.46
MLP_s223_a0.01_lr0.0005,0.7125,0.7391,0.746,0.7063,0.46
MLP_s46_a0.05_lr0.0005,0.7125,0.7391,0.6429,0.7063,0.48
MLP_s286_a0.001_lr0.001,0.7125,0.7391,0.6429,0.7063,0.47
MLP_s286_a0.01_lr0.001,0.7125,0.7391,0.6429,0.7063,0.47
MLP_s143_a0.05_lr0.001,0.7125,0.7391,0.7143,0.7063,0.53
K100|adasyn|a0.01|s42,0.7125,0.7391,0.6032,0.7063,0.53
K110|enn|a0.05|s99,0.7125,0.7391,0.7302,0.7063,0.6
K110|tomek|a0.05|s76,0.7125,0.7391,0.6984,0.7063,0.49
MLP_s286_a0.05_lr0.001,0.7125,0.7391,0.6587,0.7063,0.47
K130|enn|a0.001|s42,0.7125,0.7391,0.6905,0.7063,0.67
K110|enn|a0.001|s99,0.7125,0.7391,0.7302,0.7063,0.6
K110|enn|a0.01|s99,0.7125,0.7391,0.7302,0.7063,0.6
K130|enn|a0.01|s42,0.7125,0.7391,0.6905,0.7063,0.67
K130|enn|a0.05|s42,0.7125,0.7391,0.6825,0.7063,0.67
MLP_s223_a0.05_lr0.0005,0.7125,0.7391,0.746,0.7063,0.46
K80|tomek|a0.01|s0,0.7125,0.7391,0.6429,0.7063,0.59
MLP_s143_a0.001_lr0.0005,0.7125,0.7391,0.6984,0.7063,0.53
MLP_s143_a0.001_lr0.001,0.7125,0.7391,0.7143,0.7063,0.53
MLP_s143_a0.01_lr0.0005,0.7125,0.7391,0.6984,0.7063,0.53
MLP_s8_a0.05_lr0.0005,0.7125,0.7391,0.7063,0.7063,0.48
MLP_s66_a0.01_lr0.001,0.6957,0.6957,0.6984,0.7302,0.47
K110|adasyn|a0.001|s13,0.6957,0.6957,0.6429,0.7302,0.49
MLP_s66_a0.05_lr0.001,0.6957,0.6957,0.6984,0.7302,0.47
K110|adasyn|a0.05|s13,0.6957,0.6957,0.6508,0.7302,0.49
K110|adasyn|a0.01|s13,0.6957,0.6957,0.6429,0.7302,0.49
MLP_s192_a0.05_lr0.001,0.6933,0.6957,0.5952,0.7103,0.39
MLP_s60_a0.001_lr0.001,0.6933,0.6957,0.6508,0.7103,0.43
MLP_s161_a0.01_lr0.0005,0.6933,0.6957,0.6032,0.7103,0.28
MLP_s192_a0.01_lr0.0005,0.6933,0.6957,0.5952,0.7103,0.42
MLP_s162_a0.05_lr0.0005,0.6933,0.6957,0.6587,0.7103,0.46
MLP_s92_a0.001_lr0.001,0.6933,0.6957,0.6508,0.7103,0.37
K110|smote|a0.01|s13,0.6933,0.6957,0.6587,0.7103,0.53
MLP_s225_a0.05_lr0.0005,0.6933,0.6957,0.6905,0.7103,0.46
K110|smote|a0.05|s13,0.6933,0.6957,0.6587,0.7103,0.53
MLP_s225_a0.01_lr0.001,0.6933,0.6957,0.627,0.7103,0.47
K110|enn|a0.05|s13,0.6933,0.6957,0.6746,0.7103,0.58
K100|enn|a0.01|s13,0.6933,0.6957,0.6587,0.7103,0.63
K100|enn|a0.05|s13,0.6933,0.6957,0.6587,0.7103,0.63
K110|smote|a0.001|s13,0.6933,0.6957,0.6587,0.7103,0.53
MLP_s60_a0.001_lr0.0005,0.6933,0.6957,0.619,0.7103,0.4
MLP_s279_a0.05_lr0.001,0.6933,0.6957,0.5714,0.7103,0.4
MLP_s225_a0.05_lr0.001,0.6933,0.6957,0.627,0.7103,0.47
MLP_s225_a0.001_lr0.001,0.6933,0.6957,0.627,0.7103,0.47
K100|enn|a0.001|s13,0.6933,0.6957,0.6587,0.7103,0.63
MLP_s161_a0.001_lr0.0005,0.6933,0.6957,0.6032,0.7103,0.3
MLP_s162_a0.001_lr0.0005,0.6933,0.6957,0.6746,0.7103,0.46
MLP_s162_a0.01_lr0.0005,0.6933,0.6957,0.6746,0.7103,0.46
MLP_s192_a0.001_lr0.0005,0.6933,0.6957,0.6032,0.7103,0.42
MLP_s192_a0.001_lr0.001,0.6933,0.6957,0.5952,0.7103,0.4
MLP_s81_a0.001_lr0.001,0.6933,0.6957,0.5714,0.7103,0.22
MLP_s81_a0.01_lr0.001,0.6933,0.6957,0.5714,0.7103,0.23
MLP_s81_a0.05_lr0.001,0.6933,0.6957,0.5714,0.7103,0.25
MLP_s161_a0.05_lr0.0005,0.6933,0.6957,0.6032,0.7103,0.3
MLP_s207_a0.05_lr0.001,0.6933,0.6957,0.619,0.7103,0.25
MLP_s240_a0.05_lr0.0005,0.6933,0.6957,0.6429,0.7103,0.29
MLP_s279_a0.001_lr0.001,0.6933,0.6957,0.5794,0.7103,0.42
K110|tomek|a0.05|s0,0.6933,0.6957,0.6032,0.7103,0.41
K110|enn|a0.001|s13,0.6933,0.6957,0.6746,0.7103,0.58
MLP_s192_a0.05_lr0.0005,0.6933,0.6957,0.5952,0.7103,0.42
MLP_s192_a0.01_lr0.001,0.6933,0.6957,0.5952,0.7103,0.4
MLP_s219_a0.01_lr0.0005,0.6933,0.6957,0.6349,0.7103,0.29
MLP_s17_a0.05_lr0.001,0.6933,0.6957,0.6349,0.7103,0.42
MLP_s17_a0.001_lr0.001,0.6933,0.6957,0.6429,0.7103,0.42
MLP_s60_a0.01_lr0.001,0.6933,0.6957,0.6508,0.7103,0.43
MLP_s60_a0.05_lr0.001,0.6933,0.6957,0.6508,0.7103,0.43
K110|enn|a0.01|s13,0.6933,0.6957,0.6667,0.7103,0.58
K60|enn|a0.05|s13,0.6933,0.6957,0.6667,0.7103,0.48
MLP_s46_a0.001_lr0.001,0.6933,0.6957,0.6667,0.7103,0.43
MLP_s94_a0.01_lr0.001,0.692,0.7391,0.5794,0.6865,0.59
MLP_s94_a0.05_lr0.001,0.692,0.7391,0.5714,0.6865,0.58
MLP_s251_a0.001_lr0.001,0.692,0.7391,0.6667,0.6865,0.51
K60|enn|a0.05|s99,0.692,0.7391,0.7778,0.6865,0.7
MLP_s15_a0.01_lr0.0005,0.692,0.7391,0.4841,0.6865,0.5
MLP_s19_a0.05_lr0.0005,0.692,0.7391,0.5238,0.6865,0.56
MLP_s111_a0.01_lr0.0005,0.692,0.7391,0.5794,0.6865,0.46
MLP_s19_a0.001_lr0.0005,0.692,0.7391,0.5238,0.6865,0.56
MLP_s111_a0.05_lr0.001,0.692,0.7391,0.6032,0.6865,0.44
MLP_s111_a0.05_lr0.0005,0.692,0.7391,0.5873,0.6865,0.45
MLP_s111_a0.001_lr0.0005,0.692,0.7391,0.5794,0.6865,0.45
K110|tomek|a0.001|s76,0.692,0.7391,0.6984,0.6865,0.51
K100|enn|a0.01|s0,0.692,0.7391,0.6587,0.6865,0.49
K100|enn|a0.05|s0,0.692,0.7391,0.6587,0.6865,0.49
K110|tomek|a0.01|s76,0.692,0.7391,0.7063,0.6865,0.51
K150|enn|a0.01|s0,0.692,0.7391,0.5635,0.6865,0.58
K130|enn|a0.05|s99,0.692,0.7391,0.7222,0.6865,0.57
K130|enn|a0.01|s99,0.692,0.7391,0.7222,0.6865,0.57
K130|enn|a0.001|s99,0.692,0.7391,0.7222,0.6865,0.57
K150|enn|a0.05|s0,0.692,0.7391,0.5635,0.6865,0.58
K150|enn|a0.001|s0,0.692,0.7391,0.5635,0.6865,0.58
MLP_s94_a0.001_lr0.001,0.692,0.7391,0.5794,0.6865,0.59
MLP_s19_a0.01_lr0.0005,0.692,0.7391,0.5238,0.6865,0.56
K60|enn|a0.001|s99,0.692,0.7391,0.7619,0.6865,0.7
MLP_s251_a0.01_lr0.001,0.692,0.7391,0.6667,0.6865,0.51
MLP_s251_a0.05_lr0.001,0.692,0.7391,0.6667,0.6865,0.51
K120|smote|a0.05|s99,0.6862,0.6957,0.7063,0.6905,0.44
MLP_s200_a0.001_lr0.0005,0.6862,0.6957,0.6667,0.6905,0.41
K200|tomek|a0.05|s13,0.6862,0.6957,0.6429,0.6905,0.44
K130|enn|a0.001|s13,0.6862,0.6957,0.6905,0.6905,0.54
MLP_s282_a0.01_lr0.0005,0.6862,0.6957,0.5714,0.6905,0.36
MLP_s282_a0.001_lr0.0005,0.6862,0.6957,0.5714,0.6905,0.36
K150|border|a0.01|s76,0.6862,0.6957,0.6111,0.6905,0.46
K150|tomek|a0.001|s42,0.6862,0.6957,0.5476,0.6905,0.42
MLP_s223_a0.01_lr0.001,0.6862,0.6957,0.6349,0.6905,0.39
K150|tomek|a0.05|s42,0.6862,0.6957,0.5476,0.6905,0.42
K150|tomek|a0.01|s42,0.6862,0.6957,0.5476,0.6905,0.42
K200|smote|a0.05|s0,0.6862,0.6957,0.6032,0.6905,0.56
K110|tomek|a0.01|s13,0.6862,0.6957,0.6429,0.6905,0.54
K150|border|a0.001|s76,0.6862,0.6957,0.6111,0.6905,0.46
K150|border|a0.05|s76,0.6862,0.6957,0.619,0.6905,0.46
K200|smote|a0.01|s0,0.6862,0.6957,0.6032,0.6905,0.56
K200|smote|a0.001|s0,0.6862,0.6957,0.6032,0.6905,0.56
MLP_s223_a0.05_lr0.001,0.6862,0.6957,0.6349,0.6905,0.26
MLP_s282_a0.05_lr0.0005,0.6862,0.6957,0.5714,0.6905,0.36
K130|enn|a0.01|s13,0.6862,0.6957,0.6905,0.6905,0.54
MLP_s67_a0.05_lr0.0005,0.6862,0.6957,0.7302,0.6905,0.49
K150|adasyn|a0.001|s0,0.6862,0.6957,0.5873,0.6905,0.35
K150|adasyn|a0.01|s76,0.6862,0.6957,0.627,0.6905,0.48
MLP_s67_a0.001_lr0.0005,0.6862,0.6957,0.7302,0.6905,0.49
K130|enn|a0.05|s13,0.6862,0.6957,0.6905,0.6905,0.54
MLP_s67_a0.01_lr0.0005,0.6862,0.6957,0.7302,0.6905,0.49
K150|smote|a0.001|s76,0.6862,0.6957,0.6111,0.6905,0.46
K110|tomek|a0.001|s13,0.6862,0.6957,0.6429,0.6905,0.54
MLP_s42_a0.001_lr0.0005,0.6862,0.6957,0.5952,0.6905,0.44
MLP_s125_a0.05_lr0.0005,0.6862,0.6957,0.5952,0.6905,0.42
MLP_s200_a0.05_lr0.0005,0.6862,0.6957,0.6667,0.6905,0.41
MLP_s200_a0.01_lr0.0005,0.6862,0.6957,0.6667,0.6905,0.41
MLP_s245_a0.001_lr0.0005,0.6862,0.6957,0.7143,0.6905,0.54
Stack_3base,0.6862,0.6957,0.5952,0.6905,0.47
MLP_s125_a0.001_lr0.0005,0.6862,0.6957,0.5873,0.6905,0.42
MLP_s42_a0.05_lr0.0005,0.6862,0.6957,0.5952,0.6905,0.44
MLP_s245_a0.05_lr0.0005,0.6862,0.6957,0.7143,0.6905,0.54
MLP_s245_a0.01_lr0.0005,0.6862,0.6957,0.7063,0.6905,0.54
MLP_s207_a0.01_lr0.001,0.6862,0.6957,0.627,0.6905,0.34
MLP_s207_a0.05_lr0.0005,0.6862,0.6957,0.619,0.6905,0.39
MLP_s125_a0.01_lr0.0005,0.6862,0.6957,0.5794,0.6905,0.42
MLP_s113_a0.05_lr0.0005,0.6862,0.6957,0.627,0.6905,0.45
MLP_s42_a0.01_lr0.0005,0.6862,0.6957,0.5952,0.6905,0.44
K110|tomek|a0.05|s13,0.6862,0.6957,0.6508,0.6905,0.54
MLP_s86_a0.001_lr0.001,0.6862,0.6957,0.5476,0.6905,0.43
MLP_s221_a0.001_lr0.001,0.6862,0.6957,0.6349,0.6905,0.46
MLP_s221_a0.05_lr0.001,0.6862,0.6957,0.6349,0.6905,0.46
K60|enn|a0.001|s13,0.6862,0.6957,0.6508,0.6905,0.48
MLP_s221_a0.01_lr0.001,0.6862,0.6957,0.6349,0.6905,0.46
K120|smote|a0.001|s99,0.6862,0.6957,0.7063,0.6905,0.44
K120|smote|a0.01|s99,0.6862,0.6957,0.7063,0.6905,0.44
MLP_s223_a0.001_lr0.001,0.6862,0.6957,0.6429,0.6905,0.44
K60|enn|a0.01|s13,0.6862,0.6957,0.6587,0.6905,0.48
MLP_s207_a0.001_lr0.001,0.6862,0.6957,0.6111,0.6905,0.34
MLP_s164_a0.05_lr0.001,0.6862,0.6957,0.5635,0.6905,0.41
MLP_s164_a0.01_lr0.001,0.6862,0.6957,0.5635,0.6905,0.41
MLP_s2_a0.05_lr0.001,0.6862,0.6957,0.6349,0.6905,0.47
MLP_s164_a0.001_lr0.001,0.6862,0.6957,0.5556,0.6905,0.41
MLP_s2_a0.001_lr0.001,0.6862,0.6957,0.6349,0.6905,0.47
MLP_s2_a0.01_lr0.001,0.6862,0.6957,0.6349,0.6905,0.47
MLP_s239_a0.05_lr0.0005,0.6734,0.6957,0.627,0.6706,0.48
K60|enn|a0.05|s76,0.6734,0.6957,0.5714,0.6706,0.66
K90|adasyn|a0.01|s13,0.6734,0.6957,0.6111,0.6706,0.53
K130|adasyn|a0.001|s13,0.6734,0.6957,0.5952,0.6706,0.51
K60|enn|a0.001|s76,0.6734,0.6957,0.5714,0.6706,0.66
K120|enn|a0.05|s76,0.6734,0.6957,0.6587,0.6706,0.51
K120|enn|a0.01|s76,0.6734,0.6957,0.6587,0.6706,0.51
K120|enn|a0.001|s76,0.6734,0.6957,0.6587,0.6706,0.51
MLP_s135_a0.01_lr0.0005,0.6734,0.6957,0.6349,0.6706,0.38
MLP_s135_a0.01_lr0.001,0.6734,0.6957,0.6111,0.6706,0.37
MLP_s135_a0.05_lr0.001,0.6734,0.6957,0.6032,0.6706,0.38
MLP_s134_a0.01_lr0.001,0.6734,0.6957,0.627,0.6706,0.58
K150|border|a0.001|s0,0.6734,0.6957,0.5714,0.6706,0.39
K200|adasyn|a0.001|s0,0.6734,0.6957,0.5794,0.6706,0.52
K110|border|a0.001|s0,0.6734,0.6957,0.6984,0.6706,0.52
K200|enn|a0.01|s76,0.6734,0.6957,0.6905,0.6706,0.5
K90|adasyn|a0.05|s13,0.6734,0.6957,0.6111,0.6706,0.53
MLP_s237_a0.01_lr0.0005,0.6734,0.6957,0.6508,0.6706,0.45
MLP_s237_a0.05_lr0.0005,0.6734,0.6957,0.6429,0.6706,0.45
MLP_s246_a0.05_lr0.0005,0.6734,0.6957,0.5635,0.6706,0.5
K90|adasyn|a0.001|s13,0.6734,0.6957,0.6111,0.6706,0.53
K60|enn|a0.01|s76,0.6734,0.6957,0.5714,0.6706,0.66
K100|border|a0.05|s0,0.6734,0.6957,0.6746,0.6706,0.47
K200|enn|a0.05|s76,0.6734,0.6957,0.6905,0.6706,0.5
MLP_s128_a0.05_lr0.0005,0.6734,0.6957,0.5873,0.6706,0.47
K130|adasyn|a0.01|s13,0.6734,0.6957,0.5952,0.6706,0.51
K130|adasyn|a0.05|s13,0.6734,0.6957,0.5952,0.6706,0.51
K100|border|a0.001|s0,0.6734,0.6957,0.6746,0.6706,0.47
MLP_s128_a0.001_lr0.0005,0.6734,0.6957,0.5952,0.6706,0.47
MLP_s128_a0.01_lr0.0005,0.6734,0.6957,0.5873,0.6706,0.47
K200|adasyn|a0.05|s0,0.6734,0.6957,0.5794,0.6706,0.53
K200|adasyn|a0.01|s0,0.6734,0.6957,0.5794,0.6706,0.52
K100|adasyn|a0.05|s76,0.6734,0.6957,0.5635,0.6706,0.54
K200|tomek|a0.05|s0,0.6734,0.6957,0.5952,0.6706,0.59
K100|border|a0.01|s0,0.6734,0.6957,0.6746,0.6706,0.47
MLP_s237_a0.001_lr0.0005,0.6734,0.6957,0.6508,0.6706,0.45
MLP_s63_a0.01_lr0.001,0.6734,0.6957,0.5476,0.6706,0.51
K110|border|a0.05|s99,0.6734,0.6957,0.627,0.6706,0.49
MLP_s164_a0.001_lr0.0005,0.6734,0.6957,0.5714,0.6706,0.43
MLP_s207_a0.001_lr0.0005,0.6734,0.6957,0.6111,0.6706,0.42
K200|tomek|a0.01|s0,0.6734,0.6957,0.5952,0.6706,0.59
K200|enn|a0.001|s76,0.6734,0.6957,0.6905,0.6706,0.5
MLP_s66_a0.01_lr0.0005,0.6734,0.6957,0.5873,0.6706,0.51
K150|border|a0.01|s0,0.6734,0.6957,0.5635,0.6706,0.4
K150|adasyn|a0.001|s76,0.6734,0.6957,0.619,0.6706,0.51
K150|border|a0.05|s0,0.6734,0.6957,0.5714,0.6706,0.39
MLP_s146_a0.05_lr0.001,0.6734,0.6957,0.6111,0.6706,0.4
K150|adasyn|a0.01|s0,0.6734,0.6957,0.5794,0.6706,0.34
K110|border|a0.05|s0,0.6734,0.6957,0.6984,0.6706,0.52
K110|border|a0.01|s99,0.6734,0.6957,0.627,0.6706,0.49
K110|border|a0.01|s0,0.6734,0.6957,0.6984,0.6706,0.52
K110|border|a0.001|s99,0.6734,0.6957,0.627,0.6706,0.49
MLP_s207_a0.01_lr0.0005,0.6734,0.6957,0.6111,0.6706,0.43
MLP_s134_a0.05_lr0.001,0.6734,0.6957,0.627,0.6706,0.58
K150|adasyn|a0.05|s0,0.6734,0.6957,0.5714,0.6706,0.34
MLP_s135_a0.001_lr0.0005,0.6734,0.6957,0.6349,0.6706,0.38
K100|adasyn|a0.001|s76,0.6734,0.6957,0.5635,0.6706,0.54
K100|adasyn|a0.01|s76,0.6734,0.6957,0.5635,0.6706,0.54
K200|tomek|a0.001|s0,0.6734,0.6957,0.5952,0.6706,0.59
MLP_s239_a0.01_lr0.0005,0.6734,0.6957,0.627,0.6706,0.47
MLP_s239_a0.001_lr0.0005,0.6734,0.6957,0.627,0.6706,0.47
MLP_s66_a0.001_lr0.0005,0.6734,0.6957,0.5873,0.6706,0.51
K150|smote|a0.01|s76,0.6734,0.6957,0.5794,0.6706,0.45
MLP_s91_a0.05_lr0.001,0.6618,0.7391,0.7143,0.6667,0.55
MLP_s115_a0.05_lr0.0005,0.6618,0.7391,0.6984,0.6667,0.6
MLP_s115_a0.01_lr0.001,0.6618,0.7391,0.619,0.6667,0.63
MLP_s115_a0.01_lr0.0005,0.6618,0.7391,0.6905,0.6667,0.6
MLP_s115_a0.001_lr0.001,0.6618,0.7391,0.6111,0.6667,0.63
MLP_s10_a0.05_lr0.0005,0.6618,0.7391,0.4524,0.6667,0.46
MLP_s10_a0.01_lr0.0005,0.6618,0.7391,0.4524,0.6667,0.46
MLP_s10_a0.001_lr0.0005,0.6618,0.7391,0.4524,0.6667,0.46
MLP_s255_a0.001_lr0.001,0.6618,0.7391,0.5556,0.6667,0.55
MLP_s225_a0.001_lr0.0005,0.6618,0.7391,0.6746,0.6667,0.62
K200|adasyn|a0.05|s42,0.6618,0.7391,0.4921,0.6667,0.55
MLP_s21_a0.05_lr0.001,0.6618,0.7391,0.6905,0.6667,0.55
MLP_s198_a0.05_lr0.001,0.6618,0.7391,0.5714,0.6667,0.53
MLP_s125_a0.01_lr0.001,0.6618,0.7391,0.6111,0.6667,0.53
MLP_s125_a0.05_lr0.001,0.6618,0.7391,0.6032,0.6667,0.53
K100|smote|a0.05|s13,0.6618,0.7391,0.6032,0.6667,0.55
K60|smote|a0.01|s99,0.6618,0.7391,0.627,0.6667,0.56
K200|tomek|a0.05|s42,0.6618,0.7391,0.4603,0.6667,0.57
MLP_s85_a0.001_lr0.001,0.6618,0.7391,0.5794,0.6667,0.57
K100|smote|a0.01|s13,0.6618,0.7391,0.6032,0.6667,0.55
K100|smote|a0.001|s13,0.6618,0.7391,0.6032,0.6667,0.55
MLP_s231_a0.001_lr0.001,0.6618,0.7391,0.4841,0.6667,0.56
MLP_s38_a0.05_lr0.001,0.6618,0.7391,0.5238,0.6667,0.61
MLP_s231_a0.01_lr0.001,0.6618,0.7391,0.4841,0.6667,0.56
MLP_s231_a0.05_lr0.001,0.6618,0.7391,0.4841,0.6667,0.56
K90|enn|a0.01|s76,0.6618,0.7391,0.6111,0.6667,0.8
MLP_s21_a0.001_lr0.001,0.6618,0.7391,0.6905,0.6667,0.55
K60|border|a0.05|s99,0.6618,0.7391,0.627,0.6667,0.56
MLP_s255_a0.001_lr0.0005,0.6618,0.7391,0.5238,0.6667,0.57
MLP_s115_a0.001_lr0.0005,0.6618,0.7391,0.6905,0.6667,0.6
MLP_s198_a0.001_lr0.001,0.6618,0.7391,0.5714,0.6667,0.53
K60|smote|a0.05|s99,0.6618,0.7391,0.627,0.6667,0.56
K60|border|a0.001|s99,0.6618,0.7391,0.627,0.6667,0.56
MLP_s260_a0.001_lr0.001,0.6618,0.7391,0.4841,0.6667,0.55
MLP_s255_a0.01_lr0.0005,0.6618,0.7391,0.5238,0.6667,0.57
MLP_s255_a0.05_lr0.0005,0.6618,0.7391,0.5159,0.6667,0.57
MLP_s125_a0.001_lr0.001,0.6618,0.7391,0.6032,0.6667,0.53
K90|enn|a0.05|s76,0.6618,0.7391,0.6111,0.6667,0.8
MLP_s85_a0.01_lr0.001,0.6618,0.7391,0.5794,0.6667,0.57
K90|enn|a0.001|s76,0.6618,0.7391,0.6111,0.6667,0.8
K60|smote|a0.001|s99,0.6618,0.7391,0.627,0.6667,0.56
MLP_s115_a0.05_lr0.001,0.6618,0.7391,0.6111,0.6667,0.63
MLP_s260_a0.05_lr0.001,0.6618,0.7391,0.4841,0.6667,0.55
K60|border|a0.01|s99,0.6618,0.7391,0.627,0.6667,0.56
MLP_s275_a0.001_lr0.0005,0.6618,0.7391,0.627,0.6667,0.55
MLP_s34_a0.01_lr0.0005,0.6618,0.7391,0.6349,0.6667,0.52
MLP_s34_a0.001_lr0.0005,0.6618,0.7391,0.6349,0.6667,0.53
K200|border|a0.01|s42,0.6618,0.7391,0.4762,0.6667,0.56
MLP_s70_a0.05_lr0.0005,0.6618,0.7391,0.5873,0.6667,0.5
MLP_s38_a0.001_lr0.001,0.6618,0.7391,0.5238,0.6667,0.61
MLP_s34_a0.05_lr0.0005,0.6618,0.7391,0.6349,0.6667,0.52
MLP_s38_a0.01_lr0.001,0.6618,0.7391,0.5238,0.6667,0.61
MLP_s225_a0.01_lr0.0005,0.6618,0.7391,0.6746,0.6667,0.62
K100|tomek|a0.001|s13,0.6618,0.7391,0.6032,0.6667,0.55
K100|tomek|a0.01|s13,0.6618,0.7391,0.6032,0.6667,0.55
K100|tomek|a0.05|s13,0.6618,0.7391,0.6032,0.6667,0.55
K200|tomek|a0.001|s42,0.6618,0.7391,0.4603,0.6667,0.57
MLP_s275_a0.05_lr0.0005,0.6618,0.7391,0.627,0.6667,0.55
MLP_s275_a0.01_lr0.0005,0.6618,0.7391,0.627,0.6667,0.55
MLP_s198_a0.01_lr0.001,0.6618,0.7391,0.5714,0.6667,0.53
K200|adasyn|a0.001|s42,0.6618,0.7391,0.4921,0.6667,0.55
MLP_s21_a0.05_lr0.0005,0.6618,0.7391,0.6587,0.6667,0.53
MLP_s21_a0.01_lr0.001,0.6618,0.7391,0.6905,0.6667,0.55
K200|adasyn|a0.01|s42,0.6618,0.7391,0.4921,0.6667,0.55
MLP_s2_a0.001_lr0.0005,0.6618,0.7391,0.6508,0.6667,0.52
MLP_s91_a0.001_lr0.001,0.6618,0.7391,0.7143,0.6667,0.55
MLP_s2_a0.05_lr0.0005,0.6618,0.7391,0.6508,0.6667,0.52
K70|border|a0.001|s42,0.6618,0.7391,0.4206,0.6667,0.61
MLP_s91_a0.01_lr0.001,0.6618,0.7391,0.7143,0.6667,0.55
K70|border|a0.01|s42,0.6618,0.7391,0.4206,0.6667,0.61
K70|border|a0.05|s42,0.6618,0.7391,0.4206,0.6667,0.62
MLP_s2_a0.01_lr0.0005,0.6618,0.7391,0.6508,0.6667,0.52
Voting_Top7,0.6618,0.7391,0.5873,0.6667,0.54
MLP_s146_a0.01_lr0.0005,0.6538,0.6957,0.619,0.6508,0.44
MLP_s146_a0.01_lr0.001,0.6538,0.6957,0.5952,0.6508,0.42
MLP_s146_a0.001_lr0.0005,0.6538,0.6957,0.619,0.6508,0.44
MLP_s146_a0.001_lr0.001,0.6538,0.6957,0.5952,0.6508,0.43
SM_K120|enn|s76|a0.01,0.6538,0.6957,0.5476,0.6508,0.53
SM_K120|enn|s76|a0.001,0.6538,0.6957,0.5476,0.6508,0.53
SM_K120|border|s0|a0.05,0.6538,0.6957,0.5556,0.6508,0.59
SM_K120|enn|s76|a0.05,0.6538,0.6957,0.5476,0.6508,0.53
MLP_s253_a0.05_lr0.0005,0.6538,0.6957,0.6825,0.6508,0.55
MLP_s15_a0.001_lr0.001,0.6538,0.6957,0.4603,0.6508,0.51
MLP_s253_a0.001_lr0.0005,0.6538,0.6957,0.6825,0.6508,0.55
MLP_s15_a0.05_lr0.001,0.6538,0.6957,0.4603,0.6508,0.51
SM_K120|border|s0|a0.01,0.6538,0.6957,0.5556,0.6508,0.59
MLP_s189_a0.01_lr0.001,0.6538,0.6957,0.5238,0.6508,0.49
MLP_s189_a0.05_lr0.001,0.6538,0.6957,0.5079,0.6508,0.5
SM_K120|border|s0|a0.001,0.6538,0.6957,0.5556,0.6508,0.59
MLP_s189_a0.001_lr0.001,0.6538,0.6957,0.5317,0.6508,0.49
MLP_s146_a0.05_lr0.0005,0.6538,0.6957,0.619,0.6508,0.43
K110|smote|a0.001|s76,0.6538,0.6957,0.5952,0.6508,0.59
MLP_s66_a0.001_lr0.001,0.6538,0.6957,0.6984,0.6508,0.53
MLP_s134_a0.001_lr0.001,0.6538,0.6957,0.6429,0.6508,0.59
K150|smote|a0.01|s0,0.6538,0.6957,0.5556,0.6508,0.34
K150|smote|a0.05|s0,0.6538,0.6957,0.5635,0.6508,0.35
K110|smote|a0.01|s76,0.6538,0.6957,0.5952,0.6508,0.6
MLP_s132_a0.05_lr0.001,0.6538,0.6957,0.4444,0.6508,0.48
MLP_s132_a0.01_lr0.001,0.6538,0.6957,0.4444,0.6508,0.48
MLP_s132_a0.001_lr0.001,0.6538,0.6957,0.4444,0.6508,0.48
MLP_s78_a0.01_lr0.0005,0.6538,0.6957,0.5397,0.6508,0.5
MLP_s78_a0.001_lr0.0005,0.6538,0.6957,0.5556,0.6508,0.49
MLP_s84_a0.001_lr0.001,0.6538,0.6957,0.5794,0.6508,0.49
MLP_s84_a0.01_lr0.001,0.6538,0.6957,0.5794,0.6508,0.49
MLP_s84_a0.05_lr0.001,0.6538,0.6957,0.5794,0.6508,0.49
K130|adasyn|a0.01|s42,0.6538,0.6957,0.6032,0.6508,0.54
K150|smote|a0.001|s0,0.6538,0.6957,0.5556,0.6508,0.35
K130|adasyn|a0.05|s42,0.6538,0.6957,0.6032,0.6508,0.54
K130|adasyn|a0.001|s42,0.6538,0.6957,0.6032,0.6508,0.54
MLP_s239_a0.001_lr0.001,0.6538,0.6957,0.619,0.6508,0.51
MLP_s239_a0.01_lr0.001,0.6538,0.6957,0.619,0.6508,0.51
MLP_s19_a0.05_lr0.001,0.6538,0.6957,0.5317,0.6508,0.54
MLP_s15_a0.01_lr0.001,0.6538,0.6957,0.4603,0.6508,0.51
MLP_s86_a0.01_lr0.001,0.6538,0.6957,0.5794,0.6508,0.52
MLP_s239_a0.05_lr0.001,0.6538,0.6957,0.619,0.6508,0.51
MLP_s86_a0.05_lr0.001,0.6538,0.6957,0.5714,0.6508,0.49
MLP_s253_a0.01_lr0.0005,0.6538,0.6957,0.6825,0.6508,0.55
K120|adasyn|a0.05|s99,0.6538,0.6957,0.6111,0.6508,0.47
MLP_s86_a0.05_lr0.0005,0.6538,0.6957,0.5635,0.6508,0.44
MLP_s86_a0.01_lr0.0005,0.6538,0.6957,0.5635,0.6508,0.44
K120|adasyn|a0.001|s99,0.6538,0.6957,0.6111,0.6508,0.47
MLP_s19_a0.001_lr0.001,0.6538,0.6957,0.5317,0.6508,0.54
MLP_s19_a0.01_lr0.001,0.6538,0.6957,0.5317,0.6508,0.54
MLP_s219_a0.001_lr0.0005,0.6515,0.6522,0.6032,0.6746,0.23
MLP_s219_a0.001_lr0.001,0.6515,0.6522,0.5952,0.6746,0.19
K60|enn|a0.05|s0,0.6515,0.6522,0.6587,0.6944,0.6
MLP_s153_a0.001_lr0.001,0.6515,0.6522,0.5635,0.6746,0.48
MLP_s37_a0.001_lr0.001,0.6515,0.6522,0.5635,0.6746,0.43
MLP_s37_a0.05_lr0.001,0.6515,0.6522,0.5714,0.6746,0.43
MLP_s138_a0.05_lr0.0005,0.6515,0.6522,0.6032,0.6746,0.41
MLP_s137_a0.01_lr0.0005,0.6515,0.6522,0.5794,0.6746,0.38
K200|tomek|a0.001|s13,0.6515,0.6522,0.6508,0.6746,0.38
K200|tomek|a0.01|s13,0.6515,0.6522,0.6508,0.6746,0.38
MLP_s268_a0.01_lr0.001,0.6515,0.6522,0.5714,0.6746,0.32
MLP_s137_a0.001_lr0.001,0.6515,0.6522,0.6429,0.6944,0.38
MLP_s137_a0.001_lr0.0005,0.6515,0.6522,0.5794,0.6746,0.38
MLP_s268_a0.05_lr0.001,0.6515,0.6522,0.5794,0.6746,0.32
MLP_s282_a0.05_lr0.001,0.6515,0.6522,0.5397,0.6746,0.21
MLP_s91_a0.01_lr0.0005,0.6515,0.6522,0.6984,0.6746,0.43
MLP_s91_a0.001_lr0.0005,0.6515,0.6522,0.6905,0.6746,0.43
MLP_s91_a0.05_lr0.0005,0.6515,0.6522,0.6984,0.6746,0.43
MLP_s282_a0.01_lr0.001,0.6515,0.6522,0.5556,0.6746,0.2
MLP_s282_a0.001_lr0.001,0.6515,0.6522,0.5556,0.6746,0.19
K200|enn|a0.01|s13,0.6515,0.6522,0.5873,0.6746,0.41
MLP_s279_a0.01_lr0.001,0.6515,0.6522,0.5714,0.6746,0.41
W2.0|K120|s13|a0.01,0.6515,0.6522,0.6032,0.6746,0.41
W2.0|K120|s13|a0.05,0.6515,0.6522,0.6032,0.6746,0.41
W3.0|K120|s13|a0.001,0.6515,0.6522,0.6032,0.6746,0.41
MLP_s81_a0.05_lr0.0005,0.6515,0.6522,0.5794,0.6746,0.22
MLP_s138_a0.05_lr0.001,0.6515,0.6522,0.6032,0.6746,0.44
K200|enn|a0.05|s13,0.6515,0.6522,0.5873,0.6746,0.41
K200|enn|a0.001|s13,0.6515,0.6522,0.5873,0.6746,0.41
MLP_s161_a0.05_lr0.001,0.6515,0.6522,0.5873,0.6746,0.24
MLP_s138_a0.001_lr0.001,0.6515,0.6522,0.6032,0.6746,0.44
MLP_s138_a0.01_lr0.0005,0.6515,0.6522,0.6032,0.6746,0.41
MLP_s138_a0.01_lr0.001,0.6515,0.6522,0.6032,0.6746,0.44
MLP_s138_a0.001_lr0.0005,0.6515,0.6522,0.6032,0.6746,0.41
MLP_s137_a0.01_lr0.001,0.6515,0.6522,0.6349,0.6746,0.39
MLP_s137_a0.05_lr0.0005,0.6515,0.6522,0.5794,0.6746,0.38
MLP_s137_a0.05_lr0.001,0.6515,0.6522,0.627,0.6746,0.39
MLP_s37_a0.01_lr0.001,0.6515,0.6522,0.5635,0.6746,0.43
MLP_s113_a0.01_lr0.001,0.6515,0.6522,0.5794,0.6746,0.34
MLP_s248_a0.05_lr0.0005,0.6515,0.6522,0.6032,0.6746,0.52
MLP_s248_a0.05_lr0.001,0.6515,0.6522,0.5794,0.6944,0.14
MLP_s124_a0.01_lr0.0005,0.6515,0.6522,0.6746,0.6746,0.42
MLP_s113_a0.05_lr0.001,0.6515,0.6522,0.5873,0.6746,0.33
MLP_s219_a0.05_lr0.001,0.6515,0.6522,0.6032,0.6746,0.19
MLP_s113_a0.001_lr0.001,0.6515,0.6522,0.5952,0.6746,0.36
K120|smote|a0.001|s13,0.6515,0.6522,0.619,0.6746,0.4
MLP_s219_a0.01_lr0.001,0.6515,0.6522,0.6032,0.6746,0.21
MLP_s219_a0.05_lr0.0005,0.6515,0.6522,0.627,0.6746,0.23
W3.0|K120|s13|a0.01,0.6515,0.6522,0.6032,0.6746,0.41
MLP_s17_a0.01_lr0.001,0.6515,0.6522,0.6429,0.6746,0.42
K120|smote|a0.05|s13,0.6515,0.6522,0.619,0.6746,0.4
MLP_s56_a0.05_lr0.001,0.6515,0.6522,0.5873,0.6746,0.42
MLP_s56_a0.05_lr0.0005,0.6515,0.6522,0.5635,0.6746,0.44
W2.0|K120|s13|a0.001,0.6515,0.6522,0.6032,0.6746,0.41
K120|border|a0.05|s13,0.6515,0.6522,0.5635,0.6746,0.26
K120|adasyn|a0.01|s99,0.6515,0.6522,0.619,0.6746,0.37
K60|enn|a0.01|s0,0.6515,0.6522,0.6587,0.6944,0.6
K120|smote|a0.01|s13,0.6515,0.6522,0.619,0.6746,0.4
K60|enn|a0.001|s0,0.6515,0.6522,0.6587,0.6944,0.6
W5.0|K120|s13|a0.05,0.6515,0.6522,0.6032,0.6746,0.41
W5.0|K120|s13|a0.01,0.6515,0.6522,0.6032,0.6746,0.41
MLP_s248_a0.001_lr0.0005,0.6515,0.6522,0.6032,0.6746,0.52
W5.0|K120|s13|a0.001,0.6515,0.6522,0.6032,0.6746,0.41
W4.0|K120|s13|a0.05,0.6515,0.6522,0.6032,0.6746,0.41
W4.0|K120|s13|a0.001,0.6515,0.6522,0.6032,0.6746,0.41
W4.0|K120|s13|a0.01,0.6515,0.6522,0.6032,0.6746,0.41
W3.0|K120|s13|a0.05,0.6515,0.6522,0.6032,0.6746,0.41
MLP_s12_a0.05_lr0.0005,0.6515,0.6522,0.5556,0.6746,0.19
MLP_s12_a0.01_lr0.0005,0.6515,0.6522,0.5476,0.6746,0.17
MLP_s248_a0.01_lr0.0005,0.6515,0.6522,0.6032,0.6746,0.52
MLP_s211_a0.05_lr0.001,0.6515,0.6522,0.5556,0.6746,0.25
MLP_s211_a0.05_lr0.0005,0.6515,0.6522,0.5476,0.6746,0.2
MLP_s211_a0.001_lr0.0005,0.6515,0.6522,0.5714,0.6746,0.22
MLP_s211_a0.01_lr0.0005,0.6515,0.6522,0.5556,0.6746,0.19
K70|enn|a0.05|s0,0.6515,0.6522,0.6111,0.6746,0.68
K70|enn|a0.05|s13,0.6515,0.6522,0.6111,0.6746,0.47
K70|enn|a0.01|s0,0.6515,0.6522,0.6111,0.6746,0.69
MLP_s56_a0.01_lr0.001,0.6515,0.6522,0.5952,0.6746,0.42
K70|enn|a0.01|s13,0.6515,0.6522,0.6111,0.6746,0.47
K70|enn|a0.001|s0,0.6515,0.6522,0.619,0.6746,0.7
MLP_s12_a0.001_lr0.0005,0.6515,0.6522,0.5476,0.6746,0.17
MLP_s92_a0.05_lr0.001,0.6515,0.6522,0.627,0.6746,0.33
W6.0|K120|s13|a0.05,0.6515,0.6522,0.6032,0.6746,0.41
W6.0|K120|s13|a0.01,0.6515,0.6522,0.6032,0.6746,0.41
W6.0|K120|s13|a0.001,0.6515,0.6522,0.6032,0.6746,0.41
MLP_s92_a0.01_lr0.001,0.6515,0.6522,0.6429,0.6746,0.34
MLP_s187_a0.01_lr0.001,0.6462,0.6522,0.4762,0.6548,0.4
MLP_s221_a0.001_lr0.0005,0.6462,0.6522,0.6349,0.6548,0.45
MLP_s221_a0.05_lr0.0005,0.6462,0.6522,0.6349,0.6548,0.45
MLP_s221_a0.01_lr0.0005,0.6462,0.6522,0.627,0.6548,0.45
MLP_s16_a0.05_lr0.001,0.6462,0.6522,0.5238,0.6548,0.33
MLP_s153_a0.05_lr0.0005,0.6462,0.6522,0.5476,0.6548,0.48
MLP_s153_a0.01_lr0.0005,0.6462,0.6522,0.5476,0.6548,0.48
K80|adasyn|a0.05|s76,0.6462,0.6522,0.4841,0.6548,0.34
SM_K120|border|s99|a0.05,0.6462,0.6522,0.5397,0.6548,0.14
SM_K120|border|s99|a0.001,0.6462,0.6522,0.5397,0.6548,0.14
MLP_s16_a0.05_lr0.0005,0.6462,0.6522,0.5794,0.6548,0.29
MLP_s16_a0.01_lr0.001,0.6462,0.6522,0.5238,0.6548,0.32
MLP_s16_a0.01_lr0.0005,0.6462,0.6522,0.5794,0.6548,0.3
MLP_s16_a0.001_lr0.001,0.6462,0.6522,0.5238,0.6548,0.32
MLP_s16_a0.001_lr0.0005,0.6462,0.6522,0.5714,0.6548,0.3
MLP_s21_a0.001_lr0.0005,0.6462,0.6522,0.6587,0.6548,0.47
K200|enn|a0.05|s99,0.6462,0.6522,0.5,0.6548,0.52
MLP_s161_a0.001_lr0.001,0.6462,0.6522,0.5714,0.6548,0.3
MLP_s291_a0.05_lr0.001,0.6462,0.6522,0.5079,0.6548,0.34
MLP_s291_a0.01_lr0.001,0.6462,0.6522,0.5079,0.6548,0.34
K80|enn|a0.05|s13,0.6462,0.6522,0.6111,0.6548,0.81
K80|enn|a0.01|s13,0.6462,0.6522,0.6111,0.6548,0.81
K80|enn|a0.001|s13,0.6462,0.6522,0.619,0.6548,0.81
MLP_s153_a0.001_lr0.0005,0.6462,0.6522,0.5476,0.6548,0.48
K200|adasyn|a0.05|s13,0.6462,0.6522,0.6032,0.6548,0.43
K200|enn|a0.01|s99,0.6462,0.6522,0.5,0.6548,0.52
MLP_s21_a0.01_lr0.0005,0.6462,0.6522,0.6587,0.6548,0.47
K200|enn|a0.001|s99,0.6462,0.6522,0.5,0.6548,0.52
K200|adasyn|a0.01|s13,0.6462,0.6522,0.6032,0.6548,0.43
K200|adasyn|a0.001|s13,0.6462,0.6522,0.6032,0.6548,0.43
K150|smote|a0.05|s76,0.6462,0.6522,0.5873,0.6548,0.45
K200|smote|a0.05|s13,0.6462,0.6522,0.5873,0.6548,0.39
K200|smote|a0.01|s13,0.6462,0.6522,0.5873,0.6548,0.39
K200|smote|a0.001|s99,0.6462,0.6522,0.5397,0.6548,0.41
K200|smote|a0.001|s13,0.6462,0.6522,0.5873,0.6548,0.39
MLP_s289_a0.05_lr0.001,0.6462,0.6522,0.5952,0.6548,0.47
MLP_s289_a0.05_lr0.0005,0.6462,0.6522,0.6032,0.6548,0.46
MLP_s289_a0.01_lr0.001,0.6462,0.6522,0.5635,0.6548,0.46
MLP_s289_a0.001_lr0.001,0.6462,0.6522,0.5635,0.6548,0.47
MLP_s216_a0.05_lr0.0005,0.6462,0.6522,0.5238,0.6548,0.39
MLP_s216_a0.01_lr0.0005,0.6462,0.6522,0.5238,0.6548,0.39
MLP_s216_a0.001_lr0.0005,0.6462,0.6522,0.5238,0.6548,0.39
K150|adasyn|a0.05|s76,0.6462,0.6522,0.627,0.6548,0.47
MLP_s40_a0.001_lr0.001,0.6462,0.6522,0.5794,0.6548,0.4
MLP_s40_a0.001_lr0.0005,0.6462,0.6522,0.5952,0.6548,0.4
K130|tomek|a0.05|s99,0.6462,0.6522,0.5873,0.6548,0.35
MLP_s40_a0.05_lr0.0005,0.6462,0.6522,0.5952,0.6548,0.4
MLP_s40_a0.01_lr0.0005,0.6462,0.6522,0.5952,0.6548,0.4
MLP_s127_a0.05_lr0.001,0.6462,0.6522,0.5079,0.6548,0.44
MLP_s127_a0.01_lr0.001,0.6462,0.6522,0.5079,0.6548,0.44
K110|smote|a0.001|s99,0.6462,0.6522,0.5952,0.6548,0.33
K100|adasyn|a0.001|s0,0.6462,0.6522,0.5714,0.6548,0.44
MLP_s81_a0.01_lr0.0005,0.6462,0.6522,0.5714,0.6548,0.24
MLP_s81_a0.001_lr0.0005,0.6462,0.6522,0.5714,0.6548,0.24
K100|adasyn|a0.05|s0,0.6462,0.6522,0.5714,0.6548,0.44
K100|adasyn|a0.01|s0,0.6462,0.6522,0.5714,0.6548,0.44
K130|tomek|a0.01|s99,0.6462,0.6522,0.5952,0.6548,0.36
K130|tomek|a0.001|s99,0.6462,0.6522,0.5873,0.6548,0.35
K130|smote|a0.05|s42,0.6462,0.6522,0.5476,0.6548,0.46
K130|smote|a0.01|s42,0.6462,0.6522,0.5556,0.6548,0.44
K120|tomek|a0.05|s99,0.6462,0.6522,0.6746,0.6548,0.41
K120|tomek|a0.01|s99,0.6462,0.6522,0.6746,0.6548,0.41
K120|tomek|a0.001|s99,0.6462,0.6522,0.6825,0.6548,0.41
K120|smote|a0.05|s76,0.6462,0.6522,0.5317,0.6548,0.39
MLP_s193_a0.05_lr0.001,0.6462,0.6522,0.5,0.6548,0.45
MLP_s193_a0.05_lr0.0005,0.6462,0.6522,0.5159,0.6548,0.5
MLP_s193_a0.01_lr0.0005,0.6462,0.6522,0.5238,0.6548,0.49
MLP_s193_a0.001_lr0.001,0.6462,0.6522,0.4841,0.6548,0.45
MLP_s193_a0.001_lr0.0005,0.6462,0.6522,0.5079,0.6548,0.49
MLP_s56_a0.001_lr0.0005,0.6462,0.6522,0.5714,0.6548,0.46
K120|smote|a0.001|s76,0.6462,0.6522,0.5317,0.6548,0.39
K120|smote|a0.01|s76,0.6462,0.6522,0.5317,0.6548,0.4
K110|smote|a0.05|s99,0.6462,0.6522,0.6032,0.6548,0.34
K110|smote|a0.01|s99,0.6462,0.6522,0.5873,0.6548,0.33
MLP_s291_a0.001_lr0.001,0.6462,0.6522,0.5,0.6548,0.34
MLP_s113_a0.001_lr0.0005,0.6462,0.6522,0.6111,0.6548,0.44
MLP_s190_a0.01_lr0.001,0.6462,0.6522,0.5952,0.6548,0.42
MLP_s190_a0.05_lr0.001,0.6349,0.6522,0.5794,0.6349,0.45
SM_K120|smote|s42|a0.001,0.6349,0.6522,0.5476,0.6349,0.49
SM_K100|border|s76|a0.05,0.6349,0.6522,0.5556,0.6349,0.42
SM_K100|border|s76|a0.01,0.6349,0.6522,0.5556,0.6349,0.42
MLP_s218_a0.01_lr0.0005,0.6349,0.6522,0.5476,0.6349,0.47
SM_K100|border|s76|a0.001,0.6349,0.6522,0.5556,0.6349,0.42
SM_K120|smote|s0|a0.01,0.6349,0.6522,0.5238,0.6349,0.5
SM_K120|smote|s42|a0.05,0.6349,0.6522,0.5317,0.6349,0.49
SM_K120|smote|s42|a0.01,0.6349,0.6522,0.5476,0.6349,0.49
MLP_s218_a0.05_lr0.0005,0.6349,0.6522,0.5476,0.6349,0.47
MLP_s266_a0.01_lr0.0005,0.6349,0.6522,0.5079,0.6349,0.42
MLP_s266_a0.01_lr0.001,0.6349,0.6522,0.5159,0.6349,0.42
MLP_s113_a0.01_lr0.0005,0.6349,0.6522,0.6111,0.6349,0.45
MLP_s266_a0.05_lr0.0005,0.6349,0.6522,0.5079,0.6349,0.41
K110|adasyn|a0.001|s0,0.6349,0.6522,0.6032,0.6349,0.49
MLP_s271_a0.05_lr0.001,0.6349,0.6522,0.4921,0.6349,0.52
MLP_s66_a0.05_lr0.0005,0.6349,0.6522,0.5794,0.6349,0.5
K110|adasyn|a0.01|s0,0.6349,0.6522,0.6032,0.6349,0.49
K110|adasyn|a0.05|s0,0.6349,0.6522,0.619,0.6349,0.49
MLP_s63_a0.05_lr0.001,0.6349,0.6522,0.5556,0.6349,0.46
MLP_s266_a0.001_lr0.0005,0.6349,0.6522,0.5,0.6349,0.41
MLP_s266_a0.001_lr0.001,0.6349,0.6522,0.5079,0.6349,0.43
MLP_s63_a0.001_lr0.001,0.6349,0.6522,0.5397,0.6349,0.46
K130|smote|a0.001|s42,0.6349,0.6522,0.5635,0.6349,0.49
K130|smote|a0.001|s13,0.6349,0.6522,0.5873,0.6349,0.52
K130|smote|a0.01|s13,0.6349,0.6522,0.5794,0.6349,0.52
MLP_s249_a0.001_lr0.0005,0.6349,0.6522,0.5159,0.6349,0.33
MLP_s249_a0.001_lr0.001,0.6349,0.6522,0.5714,0.6349,0.36
MLP_s249_a0.01_lr0.0005,0.6349,0.6522,0.5317,0.6349,0.34
MLP_s249_a0.01_lr0.001,0.6349,0.6522,0.5556,0.6349,0.34
MLP_s249_a0.05_lr0.0005,0.6349,0.6522,0.5317,0.6349,0.33
MLP_s249_a0.05_lr0.001,0.6349,0.6522,0.5556,0.6349,0.36
MLP_s246_a0.001_lr0.0005,0.6349,0.6522,0.5635,0.6349,0.5
MLP_s246_a0.01_lr0.0005,0.6349,0.6522,0.5556,0.6349,0.47
MLP_s247_a0.05_lr0.0005,0.6349,0.6522,0.5873,0.6349,0.48
MLP_s247_a0.05_lr0.001,0.6349,0.6522,0.5873,0.6349,0.47
MLP_s247_a0.01_lr0.0005,0.6349,0.6522,0.5794,0.6349,0.48
MLP_s247_a0.001_lr0.0005,0.6349,0.6522,0.5794,0.6349,0.48
K130|tomek|a0.001|s42,0.6349,0.6522,0.6032,0.6349,0.5
K130|tomek|a0.01|s13,0.6349,0.6522,0.5714,0.6349,0.51
K130|tomek|a0.01|s42,0.6349,0.6522,0.6032,0.6349,0.5
K130|tomek|a0.001|s13,0.6349,0.6522,0.5714,0.6349,0.51
MLP_s243_a0.01_lr0.0005,0.6349,0.6522,0.4603,0.6349,0.48
MLP_s243_a0.001_lr0.0005,0.6349,0.6522,0.4603,0.6349,0.48
K130|smote|a0.05|s13,0.6349,0.6522,0.5794,0.6349,0.52
MLP_s49_a0.001_lr0.001,0.6349,0.6522,0.5397,0.6349,0.5
MLP_s49_a0.05_lr0.001,0.6349,0.6522,0.5476,0.6349,0.5
MLP_s49_a0.05_lr0.0005,0.6349,0.6522,0.5476,0.6349,0.48
MLP_s49_a0.01_lr0.0005,0.6349,0.6522,0.5397,0.6349,0.49
MLP_s195_a0.05_lr0.0005,0.6349,0.6522,0.5635,0.6349,0.43
MLP_s56_a0.001_lr0.001,0.6349,0.6522,0.5794,0.6349,0.48
MLP_s194_a0.001_lr0.0005,0.6349,0.6522,0.5635,0.6349,0.36
MLP_s194_a0.01_lr0.0005,0.6349,0.6522,0.5556,0.6349,0.37
MLP_s194_a0.05_lr0.0005,0.6349,0.6522,0.5714,0.6349,0.39
MLP_s195_a0.05_lr0.001,0.6349,0.6522,0.5556,0.6349,0.41
K120|border|a0.01|s13,0.6349,0.6522,0.5635,0.6349,0.3
MLP_s54_a0.05_lr0.001,0.6349,0.6522,0.5079,0.6349,0.49
MLP_s266_a0.05_lr0.001,0.6349,0.6522,0.5,0.6349,0.42
MLP_s26_a0.05_lr0.001,0.6349,0.6522,0.5,0.6349,0.43
MLP_s26_a0.05_lr0.0005,0.6349,0.6522,0.5317,0.6349,0.43
MLP_s135_a0.05_lr0.0005,0.6349,0.6522,0.627,0.6349,0.38
MLP_s135_a0.001_lr0.001,0.6349,0.6522,0.5952,0.6349,0.37
MLP_s26_a0.01_lr0.0005,0.6349,0.6522,0.5238,0.6349,0.43
MLP_s26_a0.01_lr0.001,0.6349,0.6522,0.5,0.6349,0.43
MLP_s37_a0.001_lr0.0005,0.6349,0.6522,0.5714,0.6349,0.47
MLP_s213_a0.05_lr0.0005,0.6349,0.6522,0.5397,0.6349,0.46
MLP_s102_a0.001_lr0.0005,0.6349,0.6522,0.5476,0.6349,0.39
MLP_s102_a0.01_lr0.0005,0.6349,0.6522,0.5476,0.6349,0.39
MLP_s102_a0.05_lr0.0005,0.6349,0.6522,0.5476,0.6349,0.39
MLP_s134_a0.05_lr0.0005,0.6349,0.6522,0.5952,0.6349,0.55
K200|border|a0.001|s76,0.6349,0.6522,0.5238,0.6349,0.45
K200|border|a0.001|s0,0.6349,0.6522,0.5714,0.6349,0.52
MLP_s26_a0.001_lr0.0005,0.6349,0.6522,0.5317,0.6349,0.43
MLP_s26_a0.001_lr0.001,0.6349,0.6522,0.5,0.6349,0.43
MLP_s175_a0.05_lr0.001,0.6349,0.6522,0.5317,0.6349,0.4
SM_K80|border|s76|a0.05,0.6349,0.6522,0.5397,0.6349,0.32
SM_K80|border|s76|a0.01,0.6349,0.6522,0.5397,0.6349,0.3
MLP_s11_a0.01_lr0.001,0.6349,0.6522,0.5397,0.6349,0.44
MLP_s11_a0.05_lr0.001,0.6349,0.6522,0.5317,0.6349,0.44
MLP_s175_a0.01_lr0.001,0.6349,0.6522,0.5317,0.6349,0.39
MLP_s175_a0.001_lr0.001,0.6349,0.6522,0.5317,0.6349,0.4
MLP_s218_a0.001_lr0.0005,0.6349,0.6522,0.5476,0.6349,0.47
MLP_s11_a0.001_lr0.001,0.6349,0.6522,0.5397,0.6349,0.44
SM_K80|border|s76|a0.001,0.6349,0.6522,0.5397,0.6349,0.31
MLP_s162_a0.01_lr0.001,0.6349,0.6522,0.5873,0.6349,0.49
K200|border|a0.01|s76,0.6349,0.6522,0.5238,0.6349,0.45
K80|adasyn|a0.01|s13,0.6349,0.6522,0.5794,0.6349,0.32
K80|adasyn|a0.05|s13,0.6349,0.6522,0.5794,0.6349,0.32
K70|enn|a0.001|s13,0.6349,0.6522,0.6111,0.6349,0.52
SM_K120|smote|s0|a0.05,0.6349,0.6522,0.5238,0.6349,0.5
MLP_s213_a0.001_lr0.0005,0.6349,0.6522,0.5476,0.6349,0.46
MLP_s213_a0.01_lr0.0005,0.6349,0.6522,0.5397,0.6349,0.46
K130|tomek|a0.05|s13,0.6349,0.6522,0.5714,0.6349,0.51
K130|tomek|a0.05|s42,0.6349,0.6522,0.5873,0.6349,0.5
MLP_s40_a0.05_lr0.001,0.6349,0.6522,0.5714,0.6349,0.41
MLP_s40_a0.01_lr0.001,0.6349,0.6522,0.5794,0.6349,0.41
MLP_s37_a0.01_lr0.0005,0.6349,0.6522,0.5714,0.6349,0.47
MLP_s37_a0.05_lr0.0005,0.6349,0.6522,0.5873,0.6349,0.46
MLP_s201_a0.01_lr0.0005,0.6349,0.6522,0.5556,0.6349,0.46
MLP_s201_a0.05_lr0.0005,0.6349,0.6522,0.5556,0.6349,0.46
MLP_s201_a0.001_lr0.0005,0.6349,0.6522,0.5556,0.6349,0.46
MLP_s85_a0.001_lr0.0005,0.6349,0.6522,0.5079,0.6349,0.38
K200|border|a0.05|s0,0.6349,0.6522,0.5635,0.6349,0.52
K200|border|a0.01|s0,0.6349,0.6522,0.5635,0.6349,0.52
MLP_s85_a0.01_lr0.0005,0.6349,0.6522,0.5159,0.6349,0.39
MLP_s85_a0.05_lr0.0005,0.6349,0.6522,0.5079,0.6349,0.39
MLP_s83_a0.01_lr0.001,0.6349,0.6522,0.5714,0.6349,0.45
MLP_s83_a0.05_lr0.001,0.6349,0.6522,0.5714,0.6349,0.44
MLP_s83_a0.001_lr0.001,0.6349,0.6522,0.5714,0.6349,0.45
MLP_s243_a0.05_lr0.0005,0.6349,0.6522,0.4603,0.6349,0.48
MLP_s274_a0.001_lr0.0005,0.6247,0.6957,0.5714,0.631,0.51
MLP_s283_a0.05_lr0.0005,0.6247,0.6957,0.5159,0.631,0.52
MLP_s283_a0.01_lr0.0005,0.6247,0.6957,0.5159,0.631,0.52
MLP_s283_a0.001_lr0.0005,0.6247,0.6957,0.5159,0.631,0.52
MLP_s63_a0.001_lr0.0005,0.6247,0.6957,0.5238,0.631,0.56
MLP_s274_a0.05_lr0.0005,0.6247,0.6957,0.5714,0.631,0.51
MLP_s171_a0.01_lr0.0005,0.6247,0.6957,0.5317,0.631,0.63
SM_K150|border|s99|a0.01,0.6247,0.6957,0.4206,0.631,0.69
K110|adasyn|a0.01|s99,0.6247,0.6957,0.5873,0.631,0.6
MLP_s105_a0.01_lr0.0005,0.6247,0.6957,0.5238,0.631,0.46
MLP_s105_a0.05_lr0.0005,0.6247,0.6957,0.5238,0.631,0.46
K110|adasyn|a0.001|s99,0.6247,0.6957,0.5952,0.631,0.6
K130|smote|a0.01|s76,0.6247,0.6957,0.4683,0.631,0.49
K130|smote|a0.001|s76,0.6247,0.6957,0.4683,0.631,0.49
K120|enn|a0.05|s99,0.6247,0.6957,0.619,0.631,0.82
K130|tomek|a0.01|s76,0.6247,0.6957,0.4841,0.631,0.49
K130|tomek|a0.001|s76,0.6247,0.6957,0.4841,0.631,0.49
MLP_s122_a0.05_lr0.001,0.6247,0.6957,0.381,0.631,0.51
MLP_s122_a0.05_lr0.0005,0.6247,0.6957,0.3889,0.631,0.54
MLP_s122_a0.01_lr0.001,0.6247,0.6957,0.381,0.631,0.51
MLP_s122_a0.001_lr0.001,0.6247,0.6957,0.373,0.631,0.51
MLP_s122_a0.001_lr0.0005,0.6247,0.6957,0.3889,0.631,0.54
MLP_s122_a0.01_lr0.0005,0.6247,0.6957,0.3889,0.631,0.54
MLP_s52_a0.05_lr0.001,0.6247,0.6957,0.6032,0.631,0.67
K120|enn|a0.01|s99,0.6247,0.6957,0.6111,0.631,0.81
MLP_s255_a0.05_lr0.001,0.6247,0.6957,0.5397,0.631,0.54
MLP_s57_a0.001_lr0.001,0.6247,0.6957,0.5794,0.631,0.44
MLP_s57_a0.05_lr0.001,0.6247,0.6957,0.5714,0.631,0.44
K120|smote|a0.05|s42,0.6247,0.6957,0.4444,0.631,0.52
K120|smote|a0.001|s42,0.6247,0.6957,0.4444,0.631,0.52
K120|smote|a0.01|s42,0.6247,0.6957,0.4365,0.631,0.52
MLP_s274_a0.01_lr0.0005,0.6247,0.6957,0.5714,0.631,0.51
MLP_s57_a0.01_lr0.001,0.6247,0.6957,0.5794,0.631,0.44
MLP_s52_a0.001_lr0.0005,0.6247,0.6957,0.6032,0.631,0.64
MLP_s52_a0.01_lr0.0005,0.6247,0.6957,0.6032,0.631,0.64
MLP_s52_a0.001_lr0.001,0.6247,0.6957,0.5873,0.631,0.7
K130|smote|a0.05|s76,0.6247,0.6957,0.4683,0.631,0.49
MLP_s117_a0.001_lr0.0005,0.6247,0.6957,0.4048,0.631,0.62
K120|enn|a0.001|s99,0.6247,0.6957,0.6111,0.631,0.82
MLP_s117_a0.05_lr0.0005,0.6247,0.6957,0.4127,0.631,0.64
MLP_s117_a0.01_lr0.0005,0.6247,0.6957,0.4048,0.631,0.63
SM_K100|border|s42|a0.05,0.6247,0.6957,0.4365,0.631,0.51
MLP_s165_a0.01_lr0.001,0.6247,0.6957,0.4762,0.631,0.53
MLP_s190_a0.001_lr0.0005,0.6247,0.6957,0.5476,0.631,0.56
SM_K100|smote|s42|a0.001,0.6247,0.6957,0.4365,0.631,0.56
MLP_s6_a0.05_lr0.001,0.6247,0.6957,0.5794,0.631,0.5
MLP_s6_a0.05_lr0.0005,0.6247,0.6957,0.6111,0.631,0.48
MLP_s6_a0.01_lr0.001,0.6247,0.6957,0.5873,0.631,0.5
MLP_s6_a0.01_lr0.0005,0.6247,0.6957,0.6111,0.631,0.48
MLP_s6_a0.001_lr0.001,0.6247,0.6957,0.5873,0.631,0.5
MLP_s6_a0.001_lr0.0005,0.6247,0.6957,0.6111,0.631,0.48
MLP_s165_a0.05_lr0.001,0.6247,0.6957,0.4841,0.631,0.53
MLP_s190_a0.001_lr0.001,0.6247,0.6957,0.5714,0.631,0.56
MLP_s190_a0.01_lr0.0005,0.6247,0.6957,0.5476,0.631,0.56
MLP_s190_a0.05_lr0.0005,0.6247,0.6957,0.5556,0.631,0.56
MLP_s191_a0.001_lr0.0005,0.6247,0.6957,0.4921,0.631,0.56
SM_K100|border|s42|a0.001,0.6247,0.6957,0.4365,0.631,0.52
SM_K100|border|s42|a0.01,0.6247,0.6957,0.4365,0.631,0.52
SM_K100|smote|s42|a0.05,0.6247,0.6957,0.4444,0.631,0.55
SM_K100|smote|s42|a0.01,0.6247,0.6957,0.4444,0.631,0.56
K110|adasyn|a0.05|s99,0.6247,0.6957,0.5873,0.631,0.6
MLP_s64_a0.01_lr0.0005,0.6247,0.6957,0.5476,0.631,0.53
MLP_s63_a0.05_lr0.0005,0.6247,0.6957,0.5238,0.631,0.56
MLP_s63_a0.01_lr0.0005,0.6247,0.6957,0.5238,0.631,0.56
MLP_s39_a0.01_lr0.0005,0.6247,0.6957,0.5317,0.631,0.62
MLP_s39_a0.001_lr0.001,0.6247,0.6957,0.5079,0.631,0.63
MLP_s39_a0.01_lr0.001,0.6247,0.6957,0.5079,0.631,0.63
MLP_s39_a0.05_lr0.0005,0.6247,0.6957,0.5317,0.631,0.62
K130|tomek|a0.05|s76,0.6247,0.6957,0.4841,0.631,0.49
MLP_s39_a0.05_lr0.001,0.6247,0.6957,0.5079,0.631,0.63
MLP_s129_a0.001_lr0.001,0.6247,0.6957,0.6111,0.631,0.56
MLP_s129_a0.01_lr0.0005,0.6247,0.6957,0.6032,0.631,0.56
MLP_s129_a0.001_lr0.0005,0.6247,0.6957,0.6032,0.631,0.56
K100|adasyn|a0.01|s13,0.6247,0.6957,0.6032,0.631,0.49
K90|enn|a0.01|s42,0.6247,0.6957,0.5476,0.631,0.62
K90|enn|a0.01|s0,0.6247,0.6957,0.5635,0.631,0.66
MLP_s217_a0.001_lr0.001,0.6247,0.6957,0.4841,0.631,0.58
MLP_s105_a0.001_lr0.0005,0.6247,0.6957,0.5238,0.631,0.46
MLP_s294_a0.01_lr0.0005,0.6247,0.6957,0.5079,0.631,0.62
MLP_s294_a0.05_lr0.0005,0.6247,0.6957,0.5079,0.631,0.62
K90|enn|a0.05|s0,0.6247,0.6957,0.5635,0.631,0.66
K90|enn|a0.05|s42,0.6247,0.6957,0.5476,0.631,0.62
MLP_s88_a0.05_lr0.001,0.6247,0.6957,0.5238,0.631,0.57
K90|enn|a0.001|s42,0.6247,0.6957,0.5476,0.631,0.62
K130|enn|a0.05|s0,0.6247,0.6957,0.5079,0.631,0.8
MLP_s38_a0.001_lr0.0005,0.6247,0.6957,0.5079,0.631,0.57
K130|enn|a0.001|s0,0.6247,0.6957,0.5079,0.631,0.81
MLP_s38_a0.01_lr0.0005,0.6247,0.6957,0.5079,0.631,0.57
K130|enn|a0.01|s0,0.6247,0.6957,0.5079,0.631,0.81
MLP_s213_a0.01_lr0.001,0.6247,0.6957,0.5397,0.631,0.51
MLP_s213_a0.05_lr0.001,0.6247,0.6957,0.5397,0.631,0.51
MLP_s217_a0.001_lr0.0005,0.6247,0.6957,0.4921,0.631,0.6
MLP_s212_a0.001_lr0.0005,0.6247,0.6957,0.5079,0.631,0.61
MLP_s213_a0.001_lr0.001,0.6247,0.6957,0.5397,0.631,0.51
MLP_s212_a0.01_lr0.0005,0.6247,0.6957,0.5079,0.631,0.61
MLP_s212_a0.05_lr0.0005,0.6247,0.6957,0.5079,0.631,0.61
MLP_s238_a0.01_lr0.0005,0.6247,0.6957,0.5556,0.631,0.5
MLP_s238_a0.05_lr0.0005,0.6247,0.6957,0.5556,0.631,0.5
MLP_s129_a0.01_lr0.001,0.6247,0.6957,0.6111,0.631,0.56
MLP_s129_a0.05_lr0.0005,0.6247,0.6957,0.619,0.631,0.56
MLP_s39_a0.001_lr0.0005,0.6247,0.6957,0.5317,0.631,0.62
MLP_s38_a0.05_lr0.0005,0.6247,0.6957,0.5079,0.631,0.57
K200|tomek|a0.01|s42,0.6247,0.6957,0.4603,0.631,0.54
MLP_s230_a0.05_lr0.0005,0.6247,0.6957,0.4603,0.631,0.54
MLP_s230_a0.01_lr0.0005,0.6247,0.6957,0.4603,0.631,0.54
MLP_s230_a0.001_lr0.0005,0.6247,0.6957,0.4603,0.631,0.54
K200|adasyn|a0.01|s76,0.6247,0.6957,0.5873,0.631,0.56
K200|adasyn|a0.001|s76,0.6247,0.6957,0.5873,0.631,0.56
MLP_s191_a0.05_lr0.001,0.6247,0.6957,0.5,0.631,0.59
MLP_s191_a0.05_lr0.0005,0.6247,0.6957,0.4921,0.631,0.56
MLP_s191_a0.01_lr0.001,0.6247,0.6957,0.5,0.631,0.59
K200|adasyn|a0.05|s76,0.6247,0.6957,0.5873,0.631,0.56
MLP_s88_a0.05_lr0.0005,0.6247,0.6957,0.5238,0.631,0.54
MLP_s294_a0.001_lr0.0005,0.6247,0.6957,0.5079,0.631,0.62
MLP_s88_a0.01_lr0.001,0.6247,0.6957,0.5238,0.631,0.57
MLP_s88_a0.01_lr0.0005,0.6247,0.6957,0.5238,0.631,0.54
K90|border|a0.01|s76,0.6247,0.6957,0.5714,0.631,0.57
MLP_s88_a0.001_lr0.001,0.6247,0.6957,0.5238,0.631,0.57
MLP_s88_a0.001_lr0.0005,0.6247,0.6957,0.5317,0.631,0.54
K90|border|a0.05|s76,0.6247,0.6957,0.5794,0.631,0.57
K90|enn|a0.001|s0,0.6247,0.6957,0.5635,0.631,0.66
K90|border|a0.001|s76,0.6247,0.6957,0.5714,0.631,0.57
MLP_s191_a0.01_lr0.0005,0.6247,0.6957,0.4921,0.631,0.57
MLP_s191_a0.001_lr0.001,0.6247,0.6957,0.5,0.631,0.59
MLP_s15_a0.001_lr0.0005,0.6247,0.6957,0.4841,0.631,0.53
MLP_s95_a0.001_lr0.0005,0.6247,0.6957,0.5079,0.631,0.59
K70|enn|a0.001|s76,0.6247,0.6957,0.5079,0.631,0.54
MLP_s95_a0.05_lr0.001,0.6247,0.6957,0.4762,0.631,0.59
MLP_s95_a0.001_lr0.001,0.6247,0.6957,0.4762,0.631,0.59
MLP_s95_a0.01_lr0.0005,0.6247,0.6957,0.5079,0.631,0.59
MLP_s95_a0.01_lr0.001,0.6247,0.6957,0.4762,0.631,0.59
MLP_s95_a0.05_lr0.0005,0.6247,0.6957,0.5079,0.631,0.59
MLP_s15_a0.05_lr0.0005,0.6247,0.6957,0.4841,0.631,0.53
MLP_s217_a0.05_lr0.0005,0.6247,0.6957,0.4921,0.631,0.6
MLP_s217_a0.01_lr0.0005,0.6247,0.6957,0.4921,0.631,0.6
MLP_s217_a0.01_lr0.001,0.6247,0.6957,0.4841,0.631,0.58
MLP_s217_a0.05_lr0.001,0.6247,0.6957,0.4841,0.631,0.58
MLP_s165_a0.001_lr0.001,0.6247,0.6957,0.4762,0.631,0.53
SM_K150|border|s99|a0.05,0.6247,0.6957,0.4206,0.631,0.69
SM_K150|border|s99|a0.001,0.6247,0.6957,0.4206,0.631,0.69
SM_K150|enn|s13|a0.05,0.6167,0.6522,0.5952,0.6151,0.58
SM_K150|enn|s13|a0.01,0.6167,0.6522,0.5952,0.6151,0.58
SM_K150|enn|s13|a0.001,0.6167,0.6522,0.6032,0.6151,0.58
MLP_s218_a0.05_lr0.001,0.6167,0.6522,0.5397,0.6151,0.49
MLP_s218_a0.01_lr0.001,0.6167,0.6522,0.5397,0.6151,0.49
MLP_s218_a0.001_lr0.001,0.6167,0.6522,0.5397,0.6151,0.49
MLP_s220_a0.05_lr0.0005,0.6167,0.6522,0.4841,0.6151,0.48
MLP_s220_a0.001_lr0.001,0.6167,0.6522,0.4762,0.6151,0.44
MLP_s128_a0.01_lr0.001,0.6167,0.6522,0.5476,0.6151,0.51
MLP_s128_a0.001_lr0.001,0.6167,0.6522,0.5476,0.6151,0.51
MLP_s132_a0.05_lr0.0005,0.6167,0.6522,0.4286,0.6151,0.44
MLP_s231_a0.01_lr0.0005,0.6167,0.6522,0.5,0.6151,0.53
MLP_s231_a0.001_lr0.0005,0.6167,0.6522,0.5,0.6151,0.53
MLP_s128_a0.05_lr0.001,0.6167,0.6522,0.5476,0.6151,0.51
MLP_s240_a0.01_lr0.0005,0.6167,0.6522,0.5794,0.6151,0.38
MLP_s240_a0.001_lr0.0005,0.6167,0.6522,0.5794,0.6151,0.38
MLP_s246_a0.05_lr0.001,0.6167,0.6522,0.5317,0.6151,0.55
MLP_s246_a0.01_lr0.001,0.6167,0.6522,0.5317,0.6151,0.55
MLP_s246_a0.001_lr0.001,0.6167,0.6522,0.5317,0.6151,0.54
MLP_s119_a0.001_lr0.0005,0.6167,0.6522,0.5556,0.6151,0.48
MLP_s265_a0.001_lr0.0005,0.6167,0.6522,0.5238,0.6151,0.44
MLP_s208_a0.05_lr0.001,0.6167,0.6522,0.5397,0.6151,0.44
MLP_s208_a0.05_lr0.0005,0.6167,0.6522,0.5159,0.6151,0.49
MLP_s208_a0.01_lr0.001,0.6167,0.6522,0.5397,0.6151,0.44
MLP_s208_a0.01_lr0.0005,0.6167,0.6522,0.5159,0.6151,0.49
MLP_s208_a0.001_lr0.001,0.6167,0.6522,0.5397,0.6151,0.44
MLP_s208_a0.001_lr0.0005,0.6167,0.6522,0.5159,0.6151,0.49
MLP_s265_a0.05_lr0.001,0.6167,0.6522,0.5079,0.6151,0.5
MLP_s265_a0.05_lr0.0005,0.6167,0.6522,0.5317,0.6151,0.44
MLP_s265_a0.01_lr0.001,0.6167,0.6522,0.5079,0.6151,0.51
MLP_s265_a0.01_lr0.0005,0.6167,0.6522,0.5238,0.6151,0.44
MLP_s111_a0.01_lr0.001,0.6167,0.6522,0.5714,0.6151,0.37
MLP_s111_a0.001_lr0.001,0.6167,0.6522,0.5714,0.6151,0.39
MLP_s289_a0.01_lr0.0005,0.6167,0.6522,0.6032,0.6151,0.5
MLP_s289_a0.001_lr0.0005,0.6167,0.6522,0.6032,0.6151,0.5
MLP_s98_a0.01_lr0.001,0.6167,0.6522,0.4921,0.6151,0.49
MLP_s98_a0.001_lr0.001,0.6167,0.6522,0.4841,0.6151,0.49
MLP_s98_a0.05_lr0.001,0.6167,0.6522,0.4841,0.6151,0.49
K80|adasyn|a0.01|s0,0.6167,0.6522,0.5079,0.6151,0.45
K80|adasyn|a0.01|s42,0.6167,0.6522,0.5317,0.6151,0.5
K80|adasyn|a0.001|s0,0.6167,0.6522,0.5,0.6151,0.45
K80|adasyn|a0.001|s42,0.6167,0.6522,0.5317,0.6151,0.51
MLP_s202_a0.05_lr0.001,0.6167,0.6522,0.5476,0.6151,0.5
K80|adasyn|a0.05|s0,0.6167,0.6522,0.4841,0.6151,0.45
K80|adasyn|a0.05|s42,0.6167,0.6522,0.5317,0.6151,0.5
K90|adasyn|a0.01|s42,0.6167,0.6522,0.4921,0.6151,0.36
K90|adasyn|a0.001|s42,0.6167,0.6522,0.4921,0.6151,0.36
MLP_s86_a0.001_lr0.0005,0.6167,0.6522,0.5556,0.6151,0.36
K90|adasyn|a0.05|s42,0.6167,0.6522,0.5079,0.6151,0.36
MLP_s80_a0.05_lr0.001,0.6167,0.6522,0.5635,0.6151,0.45
K100|border|a0.05|s76,0.6167,0.6522,0.5476,0.6151,0.54
K100|border|a0.01|s76,0.6167,0.6522,0.5397,0.6151,0.54
K100|border|a0.001|s76,0.6167,0.6522,0.5476,0.6151,0.54
MLP_s79_a0.01_lr0.0005,0.6167,0.6522,0.5238,0.6151,0.52
MLP_s79_a0.001_lr0.0005,0.6167,0.6522,0.5238,0.6151,0.52
K100|adasyn|a0.01|s99,0.6167,0.6522,0.5397,0.6151,0.63
K100|adasyn|a0.001|s99,0.6167,0.6522,0.5476,0.6151,0.63
MLP_s202_a0.01_lr0.001,0.6167,0.6522,0.5476,0.6151,0.5
MLP_s202_a0.001_lr0.001,0.6167,0.6522,0.5317,0.6151,0.49
MLP_s76_a0.05_lr0.0005,0.6167,0.6522,0.5,0.6151,0.52
MLP_s76_a0.01_lr0.0005,0.6167,0.6522,0.5,0.6151,0.52
MLP_s74_a0.05_lr0.001,0.6167,0.6522,0.5317,0.6151,0.43
MLP_s74_a0.05_lr0.0005,0.6167,0.6522,0.5238,0.6151,0.44
K100|adasyn|a0.05|s99,0.6167,0.6522,0.5397,0.6151,0.62
MLP_s79_a0.05_lr0.0005,0.6167,0.6522,0.5238,0.6151,0.52
MLP_s74_a0.01_lr0.001,0.6167,0.6522,0.5317,0.6151,0.43
MLP_s74_a0.01_lr0.0005,0.6167,0.6522,0.5238,0.6151,0.44
MLP_s74_a0.001_lr0.001,0.6167,0.6522,0.5317,0.6151,0.43
MLP_s74_a0.001_lr0.0005,0.6167,0.6522,0.5238,0.6151,0.44
K110|border|a0.001|s76,0.6167,0.6522,0.5397,0.6151,0.53
MLP_s64_a0.01_lr0.001,0.6167,0.6522,0.5556,0.6151,0.47
K120|tomek|a0.001|s76,0.6167,0.6522,0.5397,0.6151,0.5
MLP_s54_a0.05_lr0.0005,0.6167,0.6522,0.5079,0.6151,0.53
MLP_s54_a0.01_lr0.0005,0.6167,0.6522,0.5238,0.6151,0.52
MLP_s54_a0.001_lr0.0005,0.6167,0.6522,0.5159,0.6151,0.52
K120|tomek|a0.05|s76,0.6167,0.6522,0.5476,0.6151,0.5
MLP_s50_a0.05_lr0.001,0.6167,0.6522,0.5317,0.6151,0.5
MLP_s50_a0.05_lr0.0005,0.6167,0.6522,0.5317,0.6151,0.5
K120|tomek|a0.01|s76,0.6167,0.6522,0.5317,0.6151,0.5
MLP_s50_a0.01_lr0.001,0.6167,0.6522,0.5317,0.6151,0.49
MLP_s50_a0.01_lr0.0005,0.6167,0.6522,0.5317,0.6151,0.5
MLP_s50_a0.001_lr0.001,0.6167,0.6522,0.5397,0.6151,0.5
MLP_s50_a0.001_lr0.0005,0.6167,0.6522,0.5317,0.6151,0.5
MLP_s49_a0.01_lr0.001,0.6167,0.6522,0.5317,0.6151,0.56
MLP_s49_a0.001_lr0.0005,0.6167,0.6522,0.5079,0.6151,0.57
K130|smote|a0.05|s99,0.6167,0.6522,0.5635,0.6151,0.44
K130|smote|a0.01|s99,0.6167,0.6522,0.5635,0.6151,0.46
K130|smote|a0.001|s99,0.6167,0.6522,0.5635,0.6151,0.45
MLP_s43_a0.05_lr0.0005,0.6167,0.6522,0.4841,0.6151,0.46
K200|enn|a0.01|s42,0.6167,0.6522,0.5238,0.6151,0.6
K200|enn|a0.001|s42,0.6167,0.6522,0.5238,0.6151,0.6
MLP_s162_a0.001_lr0.001,0.6167,0.6522,0.5873,0.6151,0.51
MLP_s18_a0.05_lr0.0005,0.6167,0.6522,0.4762,0.6151,0.47
K200|enn|a0.05|s42,0.6167,0.6522,0.5238,0.6151,0.6
MLP_s18_a0.01_lr0.0005,0.6167,0.6522,0.4762,0.6151,0.46
MLP_s18_a0.001_lr0.001,0.6167,0.6522,0.4206,0.6151,0.49
MLP_s18_a0.001_lr0.0005,0.6167,0.6522,0.4683,0.6151,0.47
MLP_s13_a0.01_lr0.001,0.6167,0.6522,0.5794,0.6151,0.58
SM_K100|smote|s99|a0.01,0.6167,0.6522,0.5079,0.6151,0.52
SM_K100|smote|s99|a0.001,0.6167,0.6522,0.5079,0.6151,0.52
SM_K100|smote|s76|a0.05,0.6167,0.6522,0.5556,0.6151,0.34
SM_K100|smote|s76|a0.01,0.6167,0.6522,0.5635,0.6151,0.34
SM_K100|smote|s76|a0.001,0.6167,0.6522,0.5556,0.6151,0.34
SM_K100|border|s99|a0.05,0.6167,0.6522,0.5079,0.6151,0.51
SM_K100|border|s99|a0.01,0.6167,0.6522,0.5079,0.6151,0.51
SM_K100|border|s99|a0.001,0.6167,0.6522,0.5079,0.6151,0.51
SM_K100|smote|s99|a0.05,0.6167,0.6522,0.5079,0.6151,0.52
MLP_s166_a0.05_lr0.001,0.6167,0.6522,0.5476,0.6151,0.55
MLP_s0_a0.05_lr0.001,0.6167,0.6522,0.5,0.6151,0.52
K70|tomek|a0.001|s13,0.6087,0.6087,0.5714,0.6389,0.38
MLP_s100_a0.05_lr0.0005,0.6087,0.6087,0.5159,0.6389,0.45
K70|enn|a0.05|s42,0.6087,0.6087,0.5714,0.6389,0.74
K70|enn|a0.01|s42,0.6087,0.6087,0.5714,0.6389,0.75
K70|enn|a0.001|s42,0.6087,0.6087,0.5556,0.6389,0.74
K70|tomek|a0.05|s13,0.6087,0.6087,0.5635,0.6389,0.38
K90|smote|a0.01|s76,0.6087,0.6087,0.5238,0.6389,0.39
K90|smote|a0.001|s76,0.6087,0.6087,0.5317,0.6389,0.39
K80|enn|a0.05|s76,0.6087,0.6087,0.6111,0.6389,0.83
MLP_s227_a0.001_lr0.001,0.6087,0.6087,0.5159,0.6389,0.21
MLP_s102_a0.05_lr0.001,0.6087,0.6087,0.5079,0.6389,0.1
MLP_s102_a0.01_lr0.001,0.6087,0.6087,0.5,0.6389,0.1
MLP_s102_a0.001_lr0.001,0.6087,0.6087,0.5159,0.6389,0.1
K90|border|a0.05|s42,0.6087,0.6087,0.6032,0.6389,0.41
K90|border|a0.01|s42,0.6087,0.6087,0.6032,0.6389,0.41
K90|border|a0.001|s42,0.6087,0.6087,0.6032,0.6389,0.41
K90|smote|a0.05|s76,0.6087,0.6087,0.5397,0.6389,0.39
MLP_s177_a0.05_lr0.0005,0.6087,0.6087,0.5238,0.6389,0.19
MLP_s174_a0.05_lr0.001,0.6087,0.6087,0.5635,0.6389,0.35
MLP_s297_a0.05_lr0.001,0.6087,0.6087,0.4921,0.6389,0.17
MLP_s297_a0.01_lr0.001,0.6087,0.6087,0.5079,0.6389,0.16
MLP_s297_a0.001_lr0.001,0.6087,0.6087,0.5079,0.6389,0.17
K110|smote|a0.01|s42,0.6087,0.6087,0.5476,0.6389,0.1
K110|smote|a0.001|s42,0.6087,0.6087,0.5476,0.6389,0.1
K120|border|a0.05|s76,0.6087,0.6087,0.5635,0.6389,0.37
K120|border|a0.01|s76,0.6087,0.6087,0.5714,0.6389,0.37
K120|border|a0.001|s76,0.6087,0.6087,0.5635,0.6389,0.37
MLP_s56_a0.01_lr0.0005,0.6087,0.6087,0.5635,0.6389,0.42
MLP_s46_a0.01_lr0.0005,0.6087,0.6087,0.5556,0.6389,0.18
MLP_s287_a0.001_lr0.001,0.6087,0.6087,0.5,0.6389,0.16
MLP_s279_a0.05_lr0.0005,0.6087,0.6087,0.5159,0.6389,0.33
MLP_s279_a0.01_lr0.0005,0.6087,0.6087,0.5079,0.6389,0.34
MLP_s279_a0.001_lr0.0005,0.6087,0.6087,0.5159,0.6389,0.33
MLP_s250_a0.01_lr0.001,0.6087,0.6087,0.5556,0.6389,0.3
MLP_s250_a0.01_lr0.0005,0.6087,0.6087,0.5476,0.6389,0.29
MLP_s250_a0.001_lr0.001,0.6087,0.6087,0.5476,0.6389,0.29
MLP_s250_a0.001_lr0.0005,0.6087,0.6087,0.5556,0.6389,0.29
MLP_s12_a0.001_lr0.001,0.6087,0.6087,0.5317,0.6389,0.1
MLP_s161_a0.01_lr0.001,0.6087,0.6087,0.5714,0.6389,0.16
K200|adasyn|a0.001|s99,0.6087,0.6087,0.5079,0.6389,0.45
MLP_s162_a0.05_lr0.001,0.6087,0.6087,0.5873,0.6389,0.41
MLP_s31_a0.001_lr0.0005,0.6087,0.6087,0.619,0.6389,0.42
K150|enn|a0.05|s13,0.6087,0.6087,0.5317,0.6389,0.58
K150|enn|a0.01|s13,0.6087,0.6087,0.5397,0.6389,0.58
K150|enn|a0.001|s13,0.6087,0.6087,0.5397,0.6389,0.58
K200|adasyn|a0.05|s99,0.6087,0.6087,0.5079,0.6389,0.45
K200|adasyn|a0.01|s99,0.6087,0.6087,0.5079,0.6389,0.45
MLP_s250_a0.05_lr0.001,0.6087,0.6087,0.5476,0.6389,0.29
MLP_s250_a0.05_lr0.0005,0.6087,0.6087,0.5476,0.6389,0.29
MLP_s177_a0.01_lr0.0005,0.6087,0.6087,0.5238,0.6389,0.19
MLP_s177_a0.001_lr0.0005,0.6087,0.6087,0.5238,0.6389,0.19
MLP_s276_a0.05_lr0.0005,0.6087,0.6087,0.5635,0.6389,0.23
Stack_8base,0.6087,0.6087,0.5159,0.6389,0.26
MLP_s276_a0.001_lr0.001,0.6087,0.6087,0.5714,0.6389,0.15
K60|tomek|a0.01|s99,0.6087,0.6087,0.5397,0.6389,0.28
MLP_s268_a0.05_lr0.0005,0.6087,0.6087,0.5794,0.6389,0.28
MLP_s268_a0.01_lr0.0005,0.6087,0.6087,0.5714,0.6389,0.28
MLP_s268_a0.001_lr0.001,0.6087,0.6087,0.5873,0.6389,0.29
MLP_s268_a0.001_lr0.0005,0.6087,0.6087,0.5794,0.6389,0.28
K60|adasyn|a0.01|s76,0.6057,0.6087,0.4762,0.619,0.34
K60|border|a0.01|s42,0.6057,0.6087,0.5238,0.619,0.49
K60|border|a0.001|s42,0.6057,0.6087,0.5159,0.619,0.49
K70|tomek|a0.01|s13,0.6057,0.6087,0.5873,0.6587,0.35
Stack_7base,0.6057,0.6087,0.5397,0.619,0.36
SM_K120|border|s99|a0.01,0.6057,0.6087,0.5397,0.619,0.1
MLP_s172_a0.001_lr0.0005,0.6057,0.6087,0.5,0.619,0.41
MLP_s172_a0.001_lr0.001,0.6057,0.6087,0.4921,0.619,0.39
MLP_s172_a0.01_lr0.0005,0.6057,0.6087,0.5,0.619,0.41
MLP_s172_a0.01_lr0.001,0.6057,0.6087,0.5,0.619,0.39
MLP_s172_a0.05_lr0.0005,0.6057,0.6087,0.5,0.619,0.41
MLP_s172_a0.05_lr0.001,0.6057,0.6087,0.4921,0.619,0.39
MLP_s183_a0.01_lr0.001,0.6057,0.6087,0.5,0.619,0.55
Stack_5base,0.6057,0.6087,0.5556,0.6587,0.28
MLP_s97_a0.01_lr0.0005,0.6057,0.6087,0.5238,0.619,0.51
MLP_s97_a0.05_lr0.0005,0.6057,0.6087,0.5238,0.619,0.51
MLP_s177_a0.01_lr0.001,0.6057,0.6087,0.5159,0.619,0.24
MLP_s166_a0.01_lr0.001,0.6057,0.6087,0.5317,0.619,0.43
MLP_s166_a0.05_lr0.0005,0.6057,0.6087,0.5159,0.619,0.42
MLP_s193_a0.01_lr0.001,0.6057,0.6087,0.4921,0.619,0.44
MLP_s134_a0.01_lr0.0005,0.6057,0.6087,0.5714,0.619,0.52
MLP_s134_a0.001_lr0.0005,0.6057,0.6087,0.5794,0.619,0.52
K90|smote|a0.01|s42,0.6057,0.6087,0.5238,0.619,0.46
K80|enn|a0.01|s76,0.6057,0.6087,0.6032,0.6587,0.84
K80|enn|a0.001|s76,0.6057,0.6087,0.5952,0.6587,0.84
MLP_s227_a0.05_lr0.0005,0.6057,0.6087,0.5159,0.619,0.27
MLP_s227_a0.01_lr0.0005,0.6057,0.6087,0.5238,0.619,0.27
MLP_s93_a0.01_lr0.001,0.6057,0.6087,0.5476,0.619,0.21
MLP_s110_a0.001_lr0.0005,0.6057,0.6087,0.5794,0.619,0.39
MLP_s110_a0.001_lr0.001,0.6057,0.6087,0.5397,0.619,0.37
MLP_s110_a0.01_lr0.001,0.6057,0.6087,0.5397,0.619,0.37
MLP_s110_a0.01_lr0.0005,0.6057,0.6087,0.5714,0.619,0.39
MLP_s110_a0.05_lr0.0005,0.6057,0.6087,0.5794,0.619,0.38
MLP_s110_a0.05_lr0.001,0.6057,0.6087,0.5397,0.619,0.37
MLP_s187_a0.001_lr0.001,0.6057,0.6087,0.4683,0.619,0.38
MLP_s187_a0.05_lr0.0005,0.6057,0.6087,0.4841,0.619,0.37
MLP_s281_a0.001_lr0.001,0.6057,0.6087,0.5317,0.619,0.13
MLP_s278_a0.01_lr0.001,0.6057,0.6087,0.4524,0.619,0.28
SM_K80|smote|s42|a0.01,0.6057,0.6087,0.5476,0.619,0.17
MLP_s227_a0.001_lr0.0005,0.6057,0.6087,0.5159,0.619,0.26
K60|smote|a0.01|s42,0.6057,0.6087,0.5238,0.619,0.49
MLP_s189_a0.001_lr0.0005,0.6057,0.6087,0.5238,0.619,0.29
MLP_s166_a0.001_lr0.001,0.6057,0.6087,0.5397,0.619,0.42
SM_K80|smote|s42|a0.001,0.6057,0.6087,0.5476,0.619,0.17
MLP_s166_a0.01_lr0.0005,0.6057,0.6087,0.5238,0.619,0.42
SM_K80|smote|s42|a0.05,0.6057,0.6087,0.5476,0.619,0.16
MLP_s80_a0.01_lr0.001,0.6057,0.6087,0.5476,0.619,0.13
K100|smote|a0.01|s0,0.6057,0.6087,0.5873,0.6587,0.35
MLP_s245_a0.01_lr0.001,0.6057,0.6087,0.5079,0.619,0.5
MLP_s210_a0.05_lr0.001,0.6057,0.6087,0.4683,0.619,0.41
MLP_s291_a0.05_lr0.0005,0.6057,0.6087,0.5238,0.619,0.35
MLP_s295_a0.001_lr0.001,0.6057,0.6087,0.4841,0.619,0.41
MLP_s127_a0.05_lr0.0005,0.6057,0.6087,0.4841,0.619,0.38
K100|smote|a0.05|s76,0.6057,0.6087,0.4683,0.619,0.37
MLP_s72_a0.01_lr0.0005,0.6057,0.6087,0.5238,0.619,0.25
MLP_s70_a0.01_lr0.0005,0.6057,0.6087,0.5556,0.619,0.42
SM_K150|smote|s99|a0.05,0.6057,0.6087,0.5159,0.619,0.24
K60|adasyn|a0.05|s76,0.6057,0.6087,0.4683,0.619,0.33
SM_K150|smote|s99|a0.001,0.6057,0.6087,0.5159,0.619,0.24
SM_K150|smote|s99|a0.01,0.6057,0.6087,0.5159,0.619,0.24
MLP_s216_a0.01_lr0.001,0.6057,0.6087,0.5159,0.619,0.38
MLP_s72_a0.001_lr0.0005,0.6057,0.6087,0.5159,0.619,0.25
K100|tomek|a0.01|s0,0.6057,0.6087,0.5873,0.6587,0.35
MLP_s72_a0.05_lr0.0005,0.6057,0.6087,0.5238,0.619,0.25
K100|tomek|a0.001|s76,0.6057,0.6087,0.4603,0.619,0.37
K100|tomek|a0.001|s0,0.6057,0.6087,0.5794,0.6587,0.34
K100|tomek|a0.05|s76,0.6057,0.6087,0.4683,0.619,0.37
MLP_s210_a0.05_lr0.0005,0.6057,0.6087,0.4921,0.619,0.41
MLP_s210_a0.01_lr0.001,0.6057,0.6087,0.4683,0.619,0.4
MLP_s295_a0.05_lr0.001,0.6057,0.6087,0.4921,0.619,0.41
MLP_s203_a0.01_lr0.001,0.6057,0.6087,0.5556,0.619,0.15
MLP_s203_a0.05_lr0.001,0.6057,0.6087,0.5794,0.619,0.16
MLP_s203_a0.01_lr0.0005,0.6057,0.6087,0.5873,0.619,0.17
MLP_s203_a0.001_lr0.0005,0.6057,0.6087,0.5952,0.619,0.18
MLP_s174_a0.01_lr0.001,0.6057,0.6087,0.6032,0.6587,0.37
MLP_s203_a0.05_lr0.0005,0.6057,0.6087,0.6032,0.619,0.19
MLP_s174_a0.001_lr0.001,0.6057,0.6087,0.6111,0.6587,0.37
MLP_s245_a0.001_lr0.001,0.6057,0.6087,0.5079,0.619,0.5
MLP_s205_a0.01_lr0.001,0.6057,0.6087,0.5238,0.619,0.26
MLP_s205_a0.001_lr0.001,0.6057,0.6087,0.5238,0.619,0.26
MLP_s210_a0.001_lr0.0005,0.6057,0.6087,0.4841,0.619,0.41
MLP_s83_a0.001_lr0.0005,0.6057,0.6087,0.6032,0.619,0.38
K90|tomek|a0.05|s13,0.6057,0.6087,0.4841,0.6587,0.39
K130|border|a0.001|s99,0.6057,0.6087,0.5714,0.619,0.4
MLP_s52_a0.01_lr0.001,0.6057,0.6087,0.6032,0.619,0.32
K130|border|a0.05|s99,0.6057,0.6087,0.5714,0.619,0.4
MLP_s34_a0.05_lr0.001,0.6057,0.6087,0.4762,0.619,0.25
MLP_s52_a0.05_lr0.0005,0.6057,0.6087,0.6032,0.619,0.39
K100|smote|a0.001|s76,0.6057,0.6087,0.4603,0.619,0.37
K100|smote|a0.001|s0,0.6057,0.6087,0.5794,0.6587,0.34
MLP_s136_a0.01_lr0.001,0.6057,0.6087,0.5,0.6587,0.31
MLP_s136_a0.05_lr0.001,0.6057,0.6087,0.4762,0.6587,0.28
MLP_s83_a0.01_lr0.0005,0.6057,0.6087,0.6032,0.619,0.38
K90|tomek|a0.001|s13,0.6057,0.6087,0.4841,0.6587,0.39
MLP_s34_a0.01_lr0.001,0.6057,0.6087,0.4762,0.619,0.27
MLP_s34_a0.001_lr0.001,0.6057,0.6087,0.4841,0.619,0.25
MLP_s160_a0.001_lr0.0005,0.6057,0.6087,0.5397,0.619,0.33
MLP_s189_a0.05_lr0.0005,0.6057,0.6087,0.5,0.619,0.27
K130|border|a0.01|s99,0.6057,0.6087,0.5714,0.619,0.4
K60|smote|a0.001|s42,0.6057,0.6087,0.5159,0.619,0.49
MLP_s210_a0.01_lr0.0005,0.6057,0.6087,0.4921,0.619,0.41
MLP_s80_a0.05_lr0.0005,0.6057,0.6087,0.5714,0.619,0.2
MLP_s80_a0.01_lr0.0005,0.6057,0.6087,0.5714,0.619,0.21
MLP_s295_a0.01_lr0.001,0.6057,0.6087,0.4921,0.619,0.41
MLP_s210_a0.001_lr0.001,0.6057,0.6087,0.4683,0.619,0.4
MLP_s80_a0.001_lr0.0005,0.6057,0.6087,0.5635,0.619,0.21
MLP_s216_a0.05_lr0.001,0.6057,0.6087,0.5159,0.619,0.38
K150|tomek|a0.05|s0,0.5965,0.6087,0.5159,0.5992,0.44
MLP_s93_a0.001_lr0.001,0.5965,0.6087,0.5397,0.5992,0.29
MLP_s226_a0.001_lr0.001,0.5965,0.6087,0.5238,0.5992,0.27
MLP_s226_a0.01_lr0.001,0.5965,0.6087,0.5317,0.5992,0.28
SM_K80|border|s13|a0.001,0.5965,0.6087,0.5317,0.5992,0.36
MLP_s248_a0.001_lr0.001,0.5965,0.6087,0.5317,0.5992,0.5
MLP_s194_a0.01_lr0.001,0.5965,0.6087,0.5556,0.5992,0.35
MLP_s194_a0.001_lr0.001,0.5965,0.6087,0.5476,0.5992,0.34
MLP_s195_a0.001_lr0.001,0.5965,0.6087,0.5635,0.5992,0.38
K150|tomek|a0.01|s76,0.5965,0.6087,0.5317,0.5992,0.45
K150|tomek|a0.01|s0,0.5965,0.6087,0.5159,0.5992,0.45
K150|tomek|a0.05|s76,0.5965,0.6087,0.5238,0.5992,0.45
SM_K100|enn|s42|a0.01,0.5965,0.6087,0.4841,0.5992,0.43
MLP_s24_a0.001_lr0.0005,0.5965,0.6087,0.5079,0.5992,0.47
K150|tomek|a0.001|s0,0.5965,0.6087,0.5159,0.5992,0.44
MLP_s12_a0.01_lr0.001,0.5965,0.6087,0.5476,0.5992,0.37
SM_K80|border|s13|a0.01,0.5965,0.6087,0.5317,0.5992,0.37
MLP_s248_a0.01_lr0.001,0.5965,0.6087,0.5397,0.5992,0.5
MLP_s109_a0.001_lr0.0005,0.5965,0.6087,0.4921,0.5992,0.39
K150|adasyn|a0.01|s42,0.5965,0.6087,0.4841,0.5992,0.45
MLP_s195_a0.001_lr0.0005,0.5965,0.6087,0.5556,0.5992,0.36
MLP_s194_a0.05_lr0.001,0.5965,0.6087,0.5476,0.5992,0.35
K200|border|a0.05|s76,0.5965,0.6087,0.5238,0.5992,0.45
MLP_s24_a0.05_lr0.001,0.5965,0.6087,0.5714,0.5992,0.51
MLP_s24_a0.001_lr0.001,0.5965,0.6087,0.5714,0.5992,0.51
MLP_s271_a0.01_lr0.001,0.5965,0.6087,0.4921,0.5992,0.51
MLP_s187_a0.05_lr0.001,0.5965,0.6087,0.4683,0.5992,0.41
MLP_s109_a0.05_lr0.0005,0.5965,0.6087,0.5,0.5992,0.38
K70|adasyn|a0.05|s42,0.5965,0.6087,0.5159,0.5992,0.48
MLP_s174_a0.001_lr0.0005,0.5965,0.6087,0.6111,0.5992,0.43
MLP_s275_a0.001_lr0.001,0.5965,0.6087,0.5397,0.5992,0.37
MLP_s17_a0.01_lr0.0005,0.5965,0.6087,0.4762,0.5992,0.31
MLP_s17_a0.001_lr0.0005,0.5965,0.6087,0.4921,0.5992,0.3
MLP_s97_a0.001_lr0.0005,0.5965,0.6087,0.5238,0.5992,0.52
MLP_s93_a0.001_lr0.0005,0.5965,0.6087,0.5159,0.5992,0.44
K80|adasyn|a0.01|s76,0.5965,0.6087,0.4762,0.5992,0.34
MLP_s94_a0.05_lr0.0005,0.5965,0.6087,0.5873,0.5992,0.48
MLP_s94_a0.01_lr0.0005,0.5965,0.6087,0.5794,0.5992,0.48
MLP_s3_a0.01_lr0.001,0.5965,0.6087,0.4603,0.5992,0.35
MLP_s265_a0.001_lr0.001,0.5965,0.6087,0.5159,0.5992,0.34
MLP_s267_a0.001_lr0.0005,0.5965,0.6087,0.5159,0.5992,0.47
MLP_s17_a0.05_lr0.0005,0.5965,0.6087,0.4762,0.5992,0.3
K70|adasyn|a0.001|s42,0.5965,0.6087,0.5079,0.5992,0.48
K70|adasyn|a0.01|s42,0.5965,0.6087,0.5159,0.5992,0.48
MLP_s93_a0.05_lr0.0005,0.5965,0.6087,0.5317,0.5992,0.43
MLP_s93_a0.05_lr0.001,0.5965,0.6087,0.5397,0.5992,0.3
MLP_s94_a0.001_lr0.0005,0.5965,0.6087,0.5873,0.5992,0.48
K150|tomek|a0.001|s76,0.5965,0.6087,0.5317,0.5992,0.45
MLP_s271_a0.001_lr0.001,0.5965,0.6087,0.4921,0.5992,0.51
K80|adasyn|a0.001|s13,0.5965,0.6087,0.5714,0.5992,0.31
K80|adasyn|a0.001|s76,0.5965,0.6087,0.5,0.5992,0.34
MLP_s93_a0.01_lr0.0005,0.5965,0.6087,0.5159,0.5992,0.43
MLP_s226_a0.05_lr0.001,0.5965,0.6087,0.5238,0.5992,0.29
K200|border|a0.05|s13,0.5965,0.6087,0.5159,0.5992,0.41
MLP_s83_a0.05_lr0.0005,0.5965,0.6087,0.5556,0.5992,0.46
MLP_s195_a0.01_lr0.001,0.5965,0.6087,0.5556,0.5992,0.37
MLP_s46_a0.01_lr0.001,0.5965,0.6087,0.5635,0.5992,0.4
MLP_s199_a0.01_lr0.0005,0.5965,0.6087,0.4603,0.5992,0.34
MLP_s199_a0.01_lr0.001,0.5965,0.6087,0.4762,0.5992,0.34
MLP_s199_a0.05_lr0.0005,0.5965,0.6087,0.4524,0.5992,0.33
MLP_s152_a0.001_lr0.0005,0.5965,0.6087,0.5635,0.5992,0.5
MLP_s152_a0.05_lr0.0005,0.5965,0.6087,0.5714,0.5992,0.5
MLP_s152_a0.01_lr0.0005,0.5965,0.6087,0.5635,0.5992,0.5
MLP_s57_a0.01_lr0.0005,0.5965,0.6087,0.5,0.5992,0.47
MLP_s57_a0.001_lr0.0005,0.5965,0.6087,0.5079,0.5992,0.46
MLP_s57_a0.05_lr0.0005,0.5965,0.6087,0.5,0.5992,0.47
MLP_s243_a0.01_lr0.001,0.5965,0.6087,0.4683,0.5992,0.46
K120|tomek|a0.01|s13,0.5965,0.6087,0.4365,0.5992,0.3
MLP_s202_a0.05_lr0.0005,0.5965,0.6087,0.5476,0.5992,0.45
SM_K120|smote|s0|a0.001,0.5965,0.6087,0.5238,0.5992,0.49
MLP_s54_a0.001_lr0.001,0.5965,0.6087,0.5159,0.5992,0.46
MLP_s174_a0.05_lr0.0005,0.5965,0.6087,0.5952,0.5992,0.43
MLP_s174_a0.01_lr0.0005,0.5965,0.6087,0.6111,0.5992,0.43
K120|tomek|a0.001|s13,0.5965,0.6087,0.4365,0.5992,0.29
MLP_s32_a0.001_lr0.001,0.5965,0.6087,0.5397,0.5992,0.38
MLP_s32_a0.01_lr0.0005,0.5965,0.6087,0.5476,0.5992,0.4
MLP_s32_a0.01_lr0.001,0.5965,0.6087,0.5476,0.5992,0.38
MLP_s32_a0.05_lr0.0005,0.5965,0.6087,0.5476,0.5992,0.41
MLP_s32_a0.05_lr0.001,0.5965,0.6087,0.5556,0.5992,0.38
MLP_s189_a0.01_lr0.0005,0.5965,0.6087,0.5079,0.5992,0.36
K150|adasyn|a0.001|s42,0.5965,0.6087,0.4921,0.5992,0.44
MLP_s46_a0.05_lr0.001,0.5965,0.6087,0.5476,0.5992,0.25
MLP_s32_a0.001_lr0.0005,0.5965,0.6087,0.5476,0.5992,0.41
MLP_s202_a0.01_lr0.0005,0.5965,0.6087,0.5397,0.5992,0.45
MLP_s202_a0.001_lr0.0005,0.5965,0.6087,0.5397,0.5992,0.45
MLP_s195_a0.01_lr0.0005,0.5965,0.6087,0.5556,0.5992,0.37
K120|tomek|a0.05|s13,0.5965,0.6087,0.4365,0.5992,0.3
K100|smote|a0.001|s42,0.5965,0.6087,0.5,0.5992,0.45
K100|adasyn|a0.05|s13,0.5965,0.6087,0.5317,0.5992,0.42
K100|tomek|a0.05|s42,0.5965,0.6087,0.5159,0.5992,0.45
MLP_s211_a0.01_lr0.001,0.5965,0.6087,0.5476,0.5992,0.1
K100|smote|a0.01|s42,0.5965,0.6087,0.5,0.5992,0.45
MLP_s291_a0.001_lr0.0005,0.5965,0.6087,0.5238,0.5992,0.36
MLP_s211_a0.001_lr0.001,0.5965,0.6087,0.5476,0.5992,0.1
K110|adasyn|a0.001|s42,0.5965,0.6087,0.5476,0.5992,0.32
MLP_s69_a0.01_lr0.0005,0.5965,0.6087,0.5238,0.5992,0.52
K110|smote|a0.05|s42,0.5965,0.6087,0.5238,0.5992,0.28
K100|smote|a0.05|s42,0.5965,0.6087,0.5159,0.5992,0.45
K110|adasyn|a0.05|s42,0.5965,0.6087,0.5476,0.5992,0.3
K100|adasyn|a0.001|s13,0.5965,0.6087,0.5238,0.5992,0.43
MLP_s69_a0.001_lr0.0005,0.5965,0.6087,0.5238,0.5992,0.52
K110|adasyn|a0.01|s42,0.5965,0.6087,0.5317,0.5992,0.3
MLP_s79_a0.01_lr0.001,0.5965,0.6087,0.5159,0.5992,0.27
K100|tomek|a0.001|s42,0.5965,0.6087,0.5,0.5992,0.45
MLP_s79_a0.05_lr0.001,0.5965,0.6087,0.5159,0.5992,0.27
MLP_s209_a0.05_lr0.001,0.5965,0.6087,0.5556,0.5992,0.39
MLP_s79_a0.001_lr0.001,0.5965,0.6087,0.5,0.5992,0.26
MLP_s78_a0.001_lr0.001,0.5965,0.6087,0.5,0.5992,0.36
MLP_s216_a0.001_lr0.001,0.5965,0.6087,0.5238,0.5992,0.39
K100|tomek|a0.01|s42,0.5965,0.6087,0.5,0.5992,0.45
MLP_s209_a0.001_lr0.0005,0.5965,0.6087,0.5159,0.5992,0.39
MLP_s70_a0.001_lr0.0005,0.5965,0.6087,0.5556,0.5992,0.44
MLP_s69_a0.05_lr0.0005,0.5965,0.6087,0.5317,0.5992,0.52
MLP_s3_a0.001_lr0.0005,0.5965,0.6087,0.4444,0.5992,0.36
MLP_s3_a0.001_lr0.001,0.5965,0.6087,0.4683,0.5992,0.37
MLP_s3_a0.01_lr0.0005,0.5965,0.6087,0.4524,0.5992,0.35
MLP_s3_a0.05_lr0.0005,0.5965,0.6087,0.4444,0.5992,0.38
MLP_s267_a0.01_lr0.0005,0.5965,0.6087,0.5159,0.5992,0.47
K60|adasyn|a0.05|s13,0.5965,0.6087,0.4921,0.5992,0.4
MLP_s3_a0.05_lr0.001,0.5965,0.6087,0.4603,0.5992,0.34
MLP_s267_a0.05_lr0.0005,0.5965,0.6087,0.5159,0.5992,0.47
MLP_s256_a0.05_lr0.0005,0.5893,0.6522,0.5159,0.5952,0.54
MLP_s256_a0.05_lr0.001,0.5893,0.6522,0.5238,0.5952,0.57
MLP_s117_a0.01_lr0.001,0.5893,0.6522,0.4762,0.5952,0.66
MLP_s117_a0.05_lr0.001,0.5893,0.6522,0.4206,0.5952,0.62
MLP_s270_a0.001_lr0.0005,0.5893,0.6522,0.5317,0.5952,0.48
MLP_s270_a0.01_lr0.0005,0.5893,0.6522,0.5238,0.5952,0.48
MLP_s270_a0.05_lr0.0005,0.5893,0.6522,0.5159,0.5952,0.48
MLP_s270_a0.05_lr0.001,0.5893,0.6522,0.5317,0.5952,0.51
MLP_s171_a0.001_lr0.0005,0.5893,0.6522,0.5317,0.5952,0.6
MLP_s171_a0.05_lr0.0005,0.5893,0.6522,0.5317,0.5952,0.6
K60|tomek|a0.01|s13,0.5893,0.6522,0.5238,0.5952,0.46
SM_K150|border|s42|a0.05,0.5893,0.6522,0.4206,0.5952,0.57
SM_K150|border|s13|a0.001,0.5893,0.6522,0.4683,0.5952,0.47
K60|adasyn|a0.05|s42,0.5893,0.6522,0.4841,0.5952,0.84
K60|tomek|a0.001|s13,0.5893,0.6522,0.5238,0.5952,0.46
SM_K150|smote|s42|a0.01,0.5893,0.6522,0.5238,0.5952,0.6
SM_K150|smote|s42|a0.05,0.5893,0.6522,0.5476,0.5952,0.6
SM_K150|smote|s0|a0.001,0.5893,0.6522,0.5,0.5952,0.47
SM_K150|smote|s0|a0.01,0.5893,0.6522,0.5,0.5952,0.48
SM_K150|smote|s0|a0.05,0.5893,0.6522,0.5079,0.5952,0.48
MLP_s206_a0.001_lr0.0005,0.5893,0.6522,0.4683,0.5952,0.53
MLP_s206_a0.01_lr0.0005,0.5893,0.6522,0.4524,0.5952,0.53
MLP_s206_a0.05_lr0.0005,0.5893,0.6522,0.4683,0.5952,0.53
MLP_s72_a0.001_lr0.001,0.5893,0.6522,0.5317,0.5952,0.54
MLP_s72_a0.05_lr0.001,0.5893,0.6522,0.5317,0.5952,0.58
MLP_s78_a0.01_lr0.001,0.5893,0.6522,0.4921,0.5952,0.54
MLP_s76_a0.001_lr0.0005,0.5893,0.6522,0.4841,0.5952,0.54
MLP_s290_a0.05_lr0.0005,0.5893,0.6522,0.4524,0.5952,0.54
MLP_s290_a0.05_lr0.001,0.5893,0.6522,0.4524,0.5952,0.54
MLP_s294_a0.001_lr0.001,0.5893,0.6522,0.4921,0.5952,0.56
MLP_s294_a0.01_lr0.001,0.5893,0.6522,0.4762,0.5952,0.56
MLP_s294_a0.05_lr0.001,0.5893,0.6522,0.4921,0.5952,0.56
K110|border|a0.05|s76,0.5893,0.6522,0.5476,0.5952,0.56
MLP_s148_a0.001_lr0.001,0.5893,0.6522,0.5,0.5952,0.55
MLP_s148_a0.01_lr0.001,0.5893,0.6522,0.5,0.5952,0.55
MLP_s148_a0.05_lr0.001,0.5893,0.6522,0.4921,0.5952,0.55
MLP_s295_a0.001_lr0.0005,0.5893,0.6522,0.4762,0.5952,0.51
MLP_s295_a0.01_lr0.0005,0.5893,0.6522,0.4841,0.5952,0.48
K110|adasyn|a0.01|s76,0.5893,0.6522,0.5714,0.5952,0.64
MLP_s64_a0.001_lr0.0005,0.5893,0.6522,0.5397,0.5952,0.51
MLP_s64_a0.05_lr0.0005,0.5893,0.6522,0.5476,0.5952,0.51
MLP_s288_a0.001_lr0.0005,0.5893,0.6522,0.4683,0.5952,0.47
MLP_s288_a0.01_lr0.0005,0.5893,0.6522,0.4683,0.5952,0.47
MLP_s288_a0.05_lr0.0005,0.5893,0.6522,0.4683,0.5952,0.47
MLP_s290_a0.001_lr0.0005,0.5893,0.6522,0.4524,0.5952,0.54
MLP_s290_a0.001_lr0.001,0.5893,0.6522,0.4524,0.5952,0.54
MLP_s290_a0.01_lr0.0005,0.5893,0.6522,0.4524,0.5952,0.54
MLP_s290_a0.01_lr0.001,0.5893,0.6522,0.4524,0.5952,0.54
MLP_s64_a0.05_lr0.001,0.5893,0.6522,0.5397,0.5952,0.47
MLP_s62_a0.001_lr0.001,0.5893,0.6522,0.4603,0.5952,0.51
MLP_s62_a0.01_lr0.001,0.5893,0.6522,0.4603,0.5952,0.5
MLP_s62_a0.05_lr0.001,0.5893,0.6522,0.4603,0.5952,0.5
MLP_s242_a0.01_lr0.0005,0.5893,0.6522,0.4444,0.5952,0.55
MLP_s242_a0.05_lr0.0005,0.5893,0.6522,0.4444,0.5952,0.55
K60|smote|a0.001|s76,0.5893,0.6522,0.4921,0.5952,0.6
SM_K120|smote|s13|a0.05,0.5893,0.6522,0.5476,0.5952,0.51
SM_K120|border|s13|a0.001,0.5893,0.6522,0.5476,0.5952,0.46
SM_K120|border|s13|a0.01,0.5893,0.6522,0.5476,0.5952,0.46
SM_K120|border|s13|a0.05,0.5893,0.6522,0.5397,0.5952,0.45
MLP_s48_a0.01_lr0.0005,0.5893,0.6522,0.5476,0.5952,0.49
MLP_s48_a0.05_lr0.0005,0.5893,0.6522,0.5476,0.5952,0.5
K120|enn|a0.05|s0,0.5893,0.6522,0.5476,0.5952,0.88
K120|tomek|a0.001|s0,0.5893,0.6522,0.4127,0.5952,0.56
SM_K120|border|s76|a0.001,0.5893,0.6522,0.5714,0.5952,0.53
SM_K120|border|s76|a0.01,0.5893,0.6522,0.5714,0.5952,0.53
MLP_s170_a0.01_lr0.001,0.5893,0.6522,0.5476,0.5952,0.51
MLP_s170_a0.05_lr0.001,0.5893,0.6522,0.5556,0.5952,0.51
SM_K100|border|s13|a0.01,0.5893,0.6522,0.5317,0.5952,0.65
MLP_s84_a0.001_lr0.0005,0.5893,0.6522,0.4841,0.5952,0.54
MLP_s84_a0.01_lr0.0005,0.5893,0.6522,0.4841,0.5952,0.54
MLP_s84_a0.05_lr0.0005,0.5893,0.6522,0.4841,0.5952,0.54
MLP_s43_a0.001_lr0.0005,0.5893,0.6522,0.4841,0.5952,0.48
MLP_s43_a0.01_lr0.0005,0.5893,0.6522,0.4841,0.5952,0.48
K130|enn|a0.001|s76,0.5893,0.6522,0.5635,0.5952,0.79
K130|enn|a0.01|s76,0.5893,0.6522,0.5556,0.5952,0.78
K130|enn|a0.05|s76,0.5893,0.6522,0.5635,0.5952,0.78
K120|tomek|a0.05|s0,0.5893,0.6522,0.4127,0.5952,0.56
K120|enn|a0.001|s0,0.5893,0.6522,0.5635,0.5952,0.88
K120|enn|a0.01|s0,0.5893,0.6522,0.5635,0.5952,0.88
MLP_s48_a0.001_lr0.0005,0.5893,0.6522,0.5476,0.5952,0.49
MLP_s48_a0.001_lr0.001,0.5893,0.6522,0.5159,0.5952,0.89
K60|smote|a0.01|s76,0.5893,0.6522,0.4921,0.5952,0.6
MLP_s238_a0.001_lr0.0005,0.5893,0.6522,0.5635,0.5952,0.5
MLP_s242_a0.001_lr0.0005,0.5893,0.6522,0.4444,0.5952,0.55
MLP_s103_a0.001_lr0.0005,0.5893,0.6522,0.4921,0.5952,0.8
MLP_s103_a0.001_lr0.001,0.5893,0.6522,0.5397,0.5952,0.67
MLP_s103_a0.01_lr0.0005,0.5893,0.6522,0.5,0.5952,0.72
MLP_s103_a0.01_lr0.001,0.5893,0.6522,0.5397,0.5952,0.72
MLP_s103_a0.05_lr0.0005,0.5893,0.6522,0.4921,0.5952,0.77
MLP_s103_a0.05_lr0.001,0.5893,0.6522,0.5317,0.5952,0.73
K60|smote|a0.05|s76,0.5893,0.6522,0.4921,0.5952,0.6
K60|border|a0.001|s76,0.5893,0.6522,0.4921,0.5952,0.6
SM_K80|smote|s13|a0.05,0.5893,0.6522,0.4127,0.5952,0.54
SM_K100|smote|s0|a0.001,0.5893,0.6522,0.5,0.5952,0.5
SM_K100|smote|s0|a0.01,0.5893,0.6522,0.5,0.5952,0.5
SM_K100|border|s13|a0.05,0.5893,0.6522,0.5317,0.5952,0.65
SM_K100|border|s0|a0.001,0.5893,0.6522,0.4762,0.5952,0.53
SM_K100|border|s0|a0.01,0.5893,0.6522,0.4762,0.5952,0.53
SM_K100|border|s0|a0.05,0.5893,0.6522,0.4762,0.5952,0.53
SM_K120|smote|s13|a0.001,0.5893,0.6522,0.5238,0.5952,0.5
MLP_s166_a0.001_lr0.0005,0.5893,0.6522,0.5079,0.5952,0.6
MLP_s24_a0.01_lr0.001,0.5893,0.6522,0.5714,0.5952,0.56
K150|enn|a0.001|s99,0.5893,0.6522,0.5397,0.5952,0.83
K150|enn|a0.01|s99,0.5893,0.6522,0.5397,0.5952,0.82
K150|enn|a0.05|s99,0.5893,0.6522,0.5397,0.5952,0.82
MLP_s98_a0.001_lr0.0005,0.5893,0.6522,0.4683,0.5952,0.49
MLP_s98_a0.01_lr0.0005,0.5893,0.6522,0.4762,0.5952,0.49
MLP_s229_a0.05_lr0.001,0.5893,0.6522,0.5238,0.5952,0.51
SM_K80|smote|s13|a0.001,0.5893,0.6522,0.4127,0.5952,0.54
SM_K80|smote|s13|a0.01,0.5893,0.6522,0.4127,0.5952,0.54
MLP_s253_a0.01_lr0.001,0.5893,0.6522,0.5397,0.5952,0.63
MLP_s276_a0.05_lr0.001,0.5893,0.6522,0.5476,0.5952,0.42
K70|enn|a0.01|s76,0.5893,0.6522,0.5079,0.5952,0.52
K70|enn|a0.05|s76,0.5893,0.6522,0.5079,0.5952,0.52
K60|tomek|a0.05|s13,0.5893,0.6522,0.5159,0.5952,0.46
MLP_s98_a0.05_lr0.0005,0.5893,0.6522,0.4841,0.5952,0.5
K70|smote|a0.001|s42,0.5893,0.6522,0.4921,0.5952,0.55
K70|smote|a0.01|s42,0.5893,0.6522,0.4841,0.5952,0.55
MLP_s276_a0.01_lr0.0005,0.5893,0.6522,0.5556,0.5952,0.43
MLP_s186_a0.001_lr0.001,0.5893,0.6522,0.5317,0.5952,0.55
MLP_s186_a0.01_lr0.001,0.5893,0.6522,0.5317,0.5952,0.55
MLP_s186_a0.05_lr0.001,0.5893,0.6522,0.5397,0.5952,0.55
MLP_s276_a0.01_lr0.001,0.5893,0.6522,0.5476,0.5952,0.41
SM_K100|smote|s0|a0.05,0.5893,0.6522,0.5079,0.5952,0.5
SM_K100|border|s13|a0.001,0.5893,0.6522,0.5317,0.5952,0.66
MLP_s14_a0.01_lr0.001,0.5893,0.6522,0.4841,0.5952,0.54
MLP_s14_a0.05_lr0.001,0.5893,0.6522,0.4841,0.5952,0.54
K70|smote|a0.05|s42,0.5893,0.6522,0.5,0.5952,0.55
K70|border|a0.001|s0,0.5893,0.6522,0.4365,0.5952,0.55
K70|border|a0.01|s0,0.5893,0.6522,0.4365,0.5952,0.55
K70|border|a0.05|s0,0.5893,0.6522,0.4365,0.5952,0.55
SM_K120|border|s76|a0.05,0.5893,0.6522,0.5714,0.5952,0.53
SM_K120|enn|s99|a0.001,0.5893,0.6522,0.5635,0.5952,0.55
SM_K120|enn|s99|a0.01,0.5893,0.6522,0.5635,0.5952,0.55
SM_K120|enn|s99|a0.05,0.5893,0.6522,0.5635,0.5952,0.55
SM_K150|border|s13|a0.01,0.5893,0.6522,0.4683,0.5952,0.47
SM_K150|border|s13|a0.05,0.5893,0.6522,0.4683,0.5952,0.47
SM_K150|border|s42|a0.001,0.5893,0.6522,0.4365,0.5952,0.58
SM_K150|border|s42|a0.01,0.5893,0.6522,0.4286,0.5952,0.57
MLP_s258_a0.05_lr0.0005,0.5893,0.6522,0.4683,0.5952,0.52
MLP_s117_a0.001_lr0.001,0.5893,0.6522,0.4841,0.5952,0.69
MLP_s264_a0.01_lr0.0005,0.5893,0.6522,0.5476,0.5952,0.46
MLP_s264_a0.05_lr0.0005,0.5893,0.6522,0.5952,0.5952,0.46
MLP_s256_a0.001_lr0.0005,0.5893,0.6522,0.5159,0.5952,0.54
MLP_s256_a0.001_lr0.001,0.5893,0.6522,0.5317,0.5952,0.57
MLP_s256_a0.01_lr0.0005,0.5893,0.6522,0.5159,0.5952,0.54
MLP_s256_a0.01_lr0.001,0.5893,0.6522,0.5317,0.5952,0.57
MLP_s276_a0.001_lr0.0005,0.5893,0.6522,0.5556,0.5952,0.44
MLP_s169_a0.05_lr0.001,0.5893,0.6522,0.4365,0.5952,0.48
MLP_s170_a0.001_lr0.001,0.5893,0.6522,0.5556,0.5952,0.51
SM_K150|smote|s42|a0.001,0.5893,0.6522,0.5238,0.5952,0.6
SM_K120|smote|s13|a0.01,0.5893,0.6522,0.5238,0.5952,0.5
K60|border|a0.01|s76,0.5893,0.6522,0.4921,0.5952,0.6
K60|border|a0.05|s76,0.5893,0.6522,0.4921,0.5952,0.6
K60|adasyn|a0.001|s42,0.5893,0.6522,0.4921,0.5952,0.81
MLP_s129_a0.05_lr0.001,0.5893,0.6522,0.619,0.5952,0.53
K60|adasyn|a0.01|s42,0.5893,0.6522,0.4841,0.5952,0.81
MLP_s0_a0.001_lr0.0005,0.5818,0.6957,0.4841,0.6111,0.56
MLP_s0_a0.001_lr0.001,0.5818,0.6957,0.5,0.6111,0.6
MLP_s0_a0.01_lr0.0005,0.5818,0.6957,0.4841,0.6111,0.56
MLP_s0_a0.01_lr0.001,0.5818,0.6957,0.5,0.6111,0.6
MLP_s0_a0.05_lr0.0005,0.5818,0.6957,0.4841,0.6111,0.56
MLP_s258_a0.05_lr0.001,0.5818,0.6957,0.4524,0.6111,0.54
K60|tomek|a0.01|s42,0.5818,0.6957,0.5159,0.6111,0.67
K60|tomek|a0.001|s42,0.5818,0.6957,0.5159,0.6111,0.67
K70|tomek|a0.01|s76,0.5818,0.6957,0.4365,0.6111,0.53
K60|tomek|a0.05|s42,0.5818,0.6957,0.5159,0.6111,0.67
MLP_s96_a0.05_lr0.001,0.5818,0.6957,0.4921,0.6111,0.56
MLP_s96_a0.05_lr0.0005,0.5818,0.6957,0.4603,0.6111,0.58
MLP_s96_a0.01_lr0.001,0.5818,0.6957,0.4921,0.6111,0.56
MLP_s96_a0.01_lr0.0005,0.5818,0.6957,0.4603,0.6111,0.58
MLP_s96_a0.001_lr0.001,0.5818,0.6957,0.4921,0.6111,0.56
MLP_s96_a0.001_lr0.0005,0.5818,0.6957,0.4603,0.6111,0.58
MLP_s231_a0.05_lr0.0005,0.5818,0.6957,0.4921,0.6111,0.55
K90|smote|a0.01|s99,0.5818,0.6957,0.4444,0.6111,0.61
K90|smote|a0.001|s99,0.5818,0.6957,0.4444,0.6111,0.61
MLP_s89_a0.01_lr0.001,0.5818,0.6957,0.4841,0.6111,0.66
MLP_s89_a0.001_lr0.001,0.5818,0.6957,0.4762,0.6111,0.68
K90|border|a0.05|s99,0.5818,0.6957,0.4127,0.6111,0.6
K90|border|a0.05|s13,0.5818,0.6957,0.5794,0.6111,0.56
K90|border|a0.01|s99,0.5818,0.6957,0.4127,0.6111,0.6
K90|border|a0.01|s13,0.5818,0.6957,0.5635,0.6111,0.56
K90|border|a0.001|s99,0.5818,0.6957,0.4127,0.6111,0.6
K90|border|a0.001|s13,0.5818,0.6957,0.5794,0.6111,0.56
K90|smote|a0.05|s99,0.5818,0.6957,0.4444,0.6111,0.61
K90|enn|a0.05|s99,0.5818,0.6957,0.5,0.6111,0.63
K90|enn|a0.01|s99,0.5818,0.6957,0.5,0.6111,0.63
K90|enn|a0.001|s99,0.5818,0.6957,0.5,0.6111,0.63
K90|tomek|a0.05|s99,0.5818,0.6957,0.4444,0.6111,0.6
K90|tomek|a0.01|s99,0.5818,0.6957,0.4444,0.6111,0.6
K90|tomek|a0.001|s99,0.5818,0.6957,0.4444,0.6111,0.6
MLP_s298_a0.05_lr0.0005,0.5818,0.6957,0.4841,0.6111,0.6
MLP_s298_a0.01_lr0.0005,0.5818,0.6957,0.4762,0.6111,0.6
MLP_s298_a0.001_lr0.0005,0.5818,0.6957,0.4762,0.6111,0.6
MLP_s220_a0.01_lr0.0005,0.5818,0.6957,0.4762,0.6111,0.57
MLP_s220_a0.001_lr0.0005,0.5818,0.6957,0.4841,0.6111,0.57
MLP_s215_a0.05_lr0.001,0.5818,0.6957,0.4365,0.6111,0.55
MLP_s215_a0.05_lr0.0005,0.5818,0.6957,0.4524,0.6111,0.55
MLP_s215_a0.01_lr0.001,0.5818,0.6957,0.4365,0.6111,0.55
MLP_s215_a0.01_lr0.0005,0.5818,0.6957,0.4524,0.6111,0.55
MLP_s215_a0.001_lr0.001,0.5818,0.6957,0.4365,0.6111,0.55
MLP_s215_a0.001_lr0.0005,0.5818,0.6957,0.4524,0.6111,0.55
MLP_s214_a0.05_lr0.001,0.5818,0.6957,0.5159,0.6111,0.79
MLP_s214_a0.01_lr0.001,0.5818,0.6957,0.5159,0.6111,0.79
MLP_s214_a0.001_lr0.001,0.5818,0.6957,0.5159,0.6111,0.79
K110|border|a0.01|s76,0.5818,0.6957,0.5397,0.6111,0.72
MLP_s68_a0.05_lr0.001,0.5818,0.6957,0.4603,0.6111,0.6
MLP_s68_a0.05_lr0.0005,0.5818,0.6957,0.4444,0.6111,0.61
MLP_s68_a0.01_lr0.001,0.5818,0.6957,0.4524,0.6111,0.6
MLP_s68_a0.01_lr0.0005,0.5818,0.6957,0.4365,0.6111,0.61
MLP_s68_a0.001_lr0.001,0.5818,0.6957,0.4603,0.6111,0.6
MLP_s68_a0.001_lr0.0005,0.5818,0.6957,0.4365,0.6111,0.61
MLP_s201_a0.001_lr0.001,0.5818,0.6957,0.5397,0.6111,0.54
K130|border|a0.01|s42,0.5818,0.6957,0.5397,0.6111,0.58
K130|border|a0.001|s42,0.5818,0.6957,0.5397,0.6111,0.58
MLP_s201_a0.05_lr0.001,0.5818,0.6957,0.5556,0.6111,0.54
MLP_s201_a0.01_lr0.001,0.5818,0.6957,0.5476,0.6111,0.54
K150|border|a0.05|s99,0.5818,0.6957,0.4841,0.6111,0.59
K150|border|a0.01|s99,0.5818,0.6957,0.4762,0.6111,0.59
K150|border|a0.001|s99,0.5818,0.6957,0.4762,0.6111,0.59
K130|border|a0.05|s42,0.5818,0.6957,0.5476,0.6111,0.58
MLP_s160_a0.01_lr0.0005,0.5818,0.6957,0.5,0.6111,0.63
MLP_s160_a0.001_lr0.001,0.5818,0.6957,0.5,0.6111,0.64
MLP_s124_a0.05_lr0.001,0.5818,0.6957,0.5317,0.6111,0.64
MLP_s124_a0.05_lr0.0005,0.5818,0.6957,0.5397,0.6111,0.63
MLP_s124_a0.01_lr0.001,0.5818,0.6957,0.5079,0.6111,0.65
MLP_s160_a0.05_lr0.001,0.5818,0.6957,0.5,0.6111,0.64
MLP_s160_a0.05_lr0.0005,0.5818,0.6957,0.5,0.6111,0.62
MLP_s160_a0.01_lr0.001,0.5818,0.6957,0.5,0.6111,0.63
K200|border|a0.05|s99,0.5818,0.6957,0.4524,0.6111,0.58
K200|border|a0.01|s99,0.5818,0.6957,0.4603,0.6111,0.58
K200|border|a0.001|s99,0.5818,0.6957,0.4603,0.6111,0.58
K200|tomek|a0.05|s99,0.5818,0.6957,0.4365,0.6111,0.59
K200|tomek|a0.01|s99,0.5818,0.6957,0.4365,0.6111,0.59
K200|tomek|a0.001|s99,0.5818,0.6957,0.4365,0.6111,0.59
MLP_s124_a0.001_lr0.001,0.5818,0.6957,0.4762,0.6111,0.65
MLP_s124_a0.001_lr0.0005,0.5818,0.6957,0.5238,0.6111,0.64
MLP_s252_a0.01_lr0.001,0.5818,0.6957,0.4841,0.6111,0.66
MLP_s252_a0.001_lr0.001,0.5818,0.6957,0.4841,0.6111,0.66
W4.0|K100|s13|a0.001,0.5818,0.6957,0.4365,0.6111,0.51
W3.0|K100|s13|a0.05,0.5818,0.6957,0.4444,0.6111,0.51
W3.0|K100|s13|a0.01,0.5818,0.6957,0.4365,0.6111,0.51
W3.0|K100|s13|a0.001,0.5818,0.6957,0.4365,0.6111,0.51
W2.0|K100|s13|a0.05,0.5818,0.6957,0.4444,0.6111,0.51
W2.0|K100|s13|a0.01,0.5818,0.6957,0.4365,0.6111,0.51
W2.0|K100|s13|a0.001,0.5818,0.6957,0.4365,0.6111,0.51
MLP_s23_a0.05_lr0.001,0.5818,0.6957,0.4603,0.6111,0.58
MLP_s23_a0.01_lr0.001,0.5818,0.6957,0.4603,0.6111,0.58
MLP_s23_a0.001_lr0.001,0.5818,0.6957,0.4603,0.6111,0.58
MLP_s274_a0.05_lr0.001,0.5818,0.6957,0.5556,0.6111,0.62
MLP_s274_a0.01_lr0.001,0.5818,0.6957,0.5635,0.6111,0.62
MLP_s274_a0.001_lr0.001,0.5818,0.6957,0.5476,0.6111,0.61
MLP_s255_a0.01_lr0.001,0.5818,0.6957,0.5397,0.6111,0.55
MLP_s252_a0.05_lr0.001,0.5818,0.6957,0.4841,0.6111,0.66
W6.0|K100|s13|a0.05,0.5818,0.6957,0.4444,0.6111,0.51
W6.0|K100|s13|a0.01,0.5818,0.6957,0.4365,0.6111,0.51
W6.0|K100|s13|a0.001,0.5818,0.6957,0.4365,0.6111,0.51
W5.0|K100|s13|a0.05,0.5818,0.6957,0.4444,0.6111,0.51
W5.0|K100|s13|a0.01,0.5818,0.6957,0.4365,0.6111,0.51
W5.0|K100|s13|a0.001,0.5818,0.6957,0.4365,0.6111,0.51
W4.0|K100|s13|a0.05,0.5818,0.6957,0.4444,0.6111,0.51
W4.0|K100|s13|a0.01,0.5818,0.6957,0.4365,0.6111,0.51
MLP_s179_a0.001_lr0.001,0.5818,0.6957,0.5317,0.6111,0.61
SM_K100|enn|s42|a0.05,0.5818,0.6957,0.4762,0.6111,0.52
SM_K100|enn|s42|a0.001,0.5818,0.6957,0.4762,0.6111,0.52
MLP_s178_a0.05_lr0.001,0.5818,0.6957,0.5397,0.6111,0.6
MLP_s178_a0.05_lr0.0005,0.5818,0.6957,0.5714,0.6111,0.59
MLP_s178_a0.01_lr0.001,0.5818,0.6957,0.5397,0.6111,0.6
MLP_s178_a0.01_lr0.0005,0.5818,0.6957,0.5635,0.6111,0.59
MLP_s178_a0.001_lr0.001,0.5818,0.6957,0.5397,0.6111,0.6
MLP_s178_a0.001_lr0.0005,0.5818,0.6957,0.5714,0.6111,0.59
MLP_s270_a0.001_lr0.001,0.5818,0.6957,0.5238,0.6111,0.64
MLP_s258_a0.01_lr0.001,0.5818,0.6957,0.4444,0.6111,0.54
MLP_s258_a0.001_lr0.001,0.5818,0.6957,0.4444,0.6111,0.54
MLP_s209_a0.05_lr0.0005,0.5801,0.6087,0.5159,0.5794,0.43
MLP_s209_a0.01_lr0.001,0.5801,0.6087,0.5317,0.5794,0.41
MLP_s209_a0.01_lr0.0005,0.5801,0.6087,0.5238,0.5794,0.43
MLP_s209_a0.001_lr0.001,0.5801,0.6087,0.5159,0.5794,0.4
K90|adasyn|a0.001|s76,0.5801,0.6087,0.4524,0.5794,0.42
MLP_s18_a0.01_lr0.001,0.5801,0.6087,0.4444,0.5794,0.47
MLP_s12_a0.05_lr0.001,0.5801,0.6087,0.5159,0.5794,0.41
MLP_s11_a0.05_lr0.0005,0.5801,0.6087,0.5079,0.5794,0.46
MLP_s11_a0.01_lr0.0005,0.5801,0.6087,0.5079,0.5794,0.46
W3.0|K100|s99|a0.05,0.5801,0.6087,0.4921,0.5794,0.5
W3.0|K100|s99|a0.01,0.5801,0.6087,0.4921,0.5794,0.5
W3.0|K100|s99|a0.001,0.5801,0.6087,0.4921,0.5794,0.5
MLP_s272_a0.01_lr0.001,0.5801,0.6087,0.5079,0.5794,0.46
MLP_s271_a0.05_lr0.0005,0.5801,0.6087,0.4603,0.5794,0.51
SM_K120|smote|s99|a0.05,0.5801,0.6087,0.5397,0.5794,0.47
SM_K120|smote|s99|a0.01,0.5801,0.6087,0.5317,0.5794,0.47
MLP_s165_a0.05_lr0.0005,0.5801,0.6087,0.4683,0.5794,0.51
MLP_s165_a0.01_lr0.0005,0.5801,0.6087,0.4841,0.5794,0.51
MLP_s131_a0.001_lr0.0005,0.5801,0.6087,0.4762,0.5794,0.4
MLP_s205_a0.05_lr0.001,0.5801,0.6087,0.5159,0.5794,0.37
K130|adasyn|a0.001|s99,0.5801,0.6087,0.5317,0.5794,0.46
MLP_s131_a0.05_lr0.0005,0.5801,0.6087,0.4683,0.5794,0.44
MLP_s11_a0.001_lr0.0005,0.5801,0.6087,0.5079,0.5794,0.46
MLP_s222_a0.01_lr0.0005,0.5801,0.6087,0.4365,0.5794,0.48
MLP_s97_a0.001_lr0.001,0.5801,0.6087,0.4921,0.5794,0.45
SM_K120|smote|s99|a0.001,0.5801,0.6087,0.5317,0.5794,0.48
MLP_s78_a0.05_lr0.0005,0.5801,0.6087,0.5238,0.5794,0.39
K110|border|a0.05|s13,0.5801,0.6087,0.5079,0.5794,0.63
K110|border|a0.01|s13,0.5801,0.6087,0.4921,0.5794,0.65
K110|border|a0.001|s13,0.5801,0.6087,0.5,0.5794,0.66
MLP_s76_a0.01_lr0.001,0.5801,0.6087,0.4841,0.5794,0.52
MLP_s76_a0.001_lr0.001,0.5801,0.6087,0.4762,0.5794,0.52
MLP_s43_a0.05_lr0.001,0.5801,0.6087,0.4762,0.5794,0.41
MLP_s43_a0.01_lr0.001,0.5801,0.6087,0.4841,0.5794,0.41
MLP_s43_a0.001_lr0.001,0.5801,0.6087,0.4841,0.5794,0.41
K130|adasyn|a0.01|s99,0.5801,0.6087,0.5317,0.5794,0.46
W2.0|K100|s99|a0.05,0.5801,0.6087,0.4921,0.5794,0.5
W2.0|K100|s99|a0.01,0.5801,0.6087,0.4921,0.5794,0.5
W2.0|K100|s99|a0.001,0.5801,0.6087,0.4921,0.5794,0.5
MLP_s204_a0.001_lr0.001,0.5801,0.6087,0.4762,0.5794,0.53
K120|adasyn|a0.001|s13,0.5801,0.6087,0.4286,0.5794,0.36
K80|enn|a0.05|s99,0.5801,0.6087,0.5794,0.5794,0.82
MLP_s271_a0.01_lr0.0005,0.5801,0.6087,0.4683,0.5794,0.51
MLP_s271_a0.001_lr0.0005,0.5801,0.6087,0.4762,0.5794,0.51
MLP_s232_a0.01_lr0.0005,0.5801,0.6087,0.4048,0.5794,0.52
MLP_s232_a0.001_lr0.001,0.5801,0.6087,0.4048,0.5794,0.52
MLP_s232_a0.001_lr0.0005,0.5801,0.6087,0.4048,0.5794,0.52
MLP_s97_a0.05_lr0.001,0.5801,0.6087,0.5,0.5794,0.45
MLP_s97_a0.01_lr0.001,0.5801,0.6087,0.4921,0.5794,0.45
K80|smote|a0.01|s13,0.5801,0.6087,0.4365,0.5794,0.46
K80|smote|a0.001|s13,0.5801,0.6087,0.4365,0.5794,0.46
K80|enn|a0.01|s99,0.5801,0.6087,0.5873,0.5794,0.82
K80|enn|a0.001|s99,0.5801,0.6087,0.6032,0.5794,0.82
MLP_s228_a0.001_lr0.001,0.5801,0.6087,0.4762,0.5794,0.49
MLP_s296_a0.01_lr0.0005,0.5801,0.6087,0.4603,0.5794,0.46
MLP_s244_a0.01_lr0.0005,0.5801,0.6087,0.5079,0.5794,0.52
MLP_s85_a0.05_lr0.001,0.5801,0.6087,0.5159,0.5794,0.47
MLP_s238_a0.05_lr0.001,0.5801,0.6087,0.5476,0.5794,0.53
MLP_s121_a0.05_lr0.0005,0.5801,0.6087,0.5794,0.5794,0.49
MLP_s120_a0.05_lr0.001,0.5801,0.6087,0.4444,0.5794,0.45
MLP_s120_a0.05_lr0.0005,0.5801,0.6087,0.4286,0.5794,0.45
MLP_s120_a0.01_lr0.001,0.5801,0.6087,0.4444,0.5794,0.44
MLP_s120_a0.01_lr0.0005,0.5801,0.6087,0.4286,0.5794,0.45
MLP_s184_a0.05_lr0.001,0.5801,0.6087,0.4921,0.5794,0.32
MLP_s240_a0.001_lr0.001,0.5801,0.6087,0.5794,0.5794,0.35
MLP_s296_a0.05_lr0.001,0.5801,0.6087,0.4762,0.5794,0.45
MLP_s296_a0.05_lr0.0005,0.5801,0.6087,0.4762,0.5794,0.46
MLP_s296_a0.01_lr0.001,0.5801,0.6087,0.4762,0.5794,0.45
W4.0|K100|s99|a0.05,0.5801,0.6087,0.4921,0.5794,0.5
W4.0|K100|s99|a0.01,0.5801,0.6087,0.4921,0.5794,0.5
W5.0|K100|s99|a0.05,0.5801,0.6087,0.4921,0.5794,0.5
MLP_s120_a0.001_lr0.0005,0.5801,0.6087,0.4365,0.5794,0.45
MLP_s184_a0.001_lr0.001,0.5801,0.6087,0.5,0.5794,0.3
MLP_s109_a0.01_lr0.0005,0.5801,0.6087,0.5079,0.5794,0.45
W4.0|K100|s99|a0.001,0.5801,0.6087,0.4921,0.5794,0.5
MLP_s9_a0.001_lr0.001,0.5801,0.6087,0.5,0.5794,0.64
MLP_s244_a0.001_lr0.0005,0.5801,0.6087,0.4762,0.5794,0.47
MLP_s243_a0.05_lr0.001,0.5801,0.6087,0.4683,0.5794,0.48
MLP_s243_a0.001_lr0.001,0.5801,0.6087,0.4762,0.5794,0.47
K130|adasyn|a0.05|s99,0.5801,0.6087,0.5079,0.5794,0.44
MLP_s184_a0.01_lr0.001,0.5801,0.6087,0.5238,0.5794,0.33
K70|tomek|a0.001|s76,0.5801,0.6087,0.4286,0.5794,0.39
SM_K80|border|s99|a0.05,0.5801,0.6087,0.4921,0.5794,0.37
SM_K80|border|s99|a0.01,0.5801,0.6087,0.5,0.5794,0.37
K120|adasyn|a0.05|s13,0.5801,0.6087,0.4286,0.5794,0.36
MLP_s145_a0.01_lr0.001,0.5801,0.6087,0.4603,0.5794,0.53
MLP_s139_a0.01_lr0.0005,0.5801,0.6087,0.4683,0.5794,0.42
MLP_s144_a0.05_lr0.0005,0.5801,0.6087,0.4762,0.5794,0.44
MLP_s144_a0.01_lr0.001,0.5801,0.6087,0.4762,0.5794,0.42
MLP_s144_a0.01_lr0.0005,0.5801,0.6087,0.4841,0.5794,0.44
K90|smote|a0.05|s42,0.5801,0.6087,0.5238,0.5794,0.48
K90|smote|a0.001|s42,0.5801,0.6087,0.5238,0.5794,0.48
MLP_s18_a0.05_lr0.001,0.5801,0.6087,0.4524,0.5794,0.48
W6.0|K100|s99|a0.05,0.5801,0.6087,0.4921,0.5794,0.5
W6.0|K100|s99|a0.01,0.5801,0.6087,0.4921,0.5794,0.5
W6.0|K100|s99|a0.001,0.5801,0.6087,0.4921,0.5794,0.5
MLP_s296_a0.001_lr0.001,0.5801,0.6087,0.4921,0.5794,0.47
MLP_s296_a0.001_lr0.0005,0.5801,0.6087,0.4762,0.5794,0.46
MLP_s295_a0.05_lr0.0005,0.5801,0.6087,0.4841,0.5794,0.46
MLP_s80_a0.001_lr0.001,0.5801,0.6087,0.5317,0.5794,0.27
MLP_s145_a0.05_lr0.001,0.5801,0.6087,0.4603,0.5794,0.53
MLP_s51_a0.05_lr0.001,0.5801,0.6087,0.5238,0.5794,0.44
K70|tomek|a0.05|s76,0.5801,0.6087,0.4127,0.5794,0.39
SM_K80|smote|s99|a0.001,0.5801,0.6087,0.4921,0.5794,0.39
MLP_s120_a0.001_lr0.001,0.5801,0.6087,0.4444,0.5794,0.45
MLP_s165_a0.001_lr0.0005,0.5801,0.6087,0.4841,0.5794,0.51
MLP_s145_a0.001_lr0.001,0.5801,0.6087,0.4603,0.5794,0.53
MLP_s144_a0.05_lr0.001,0.5801,0.6087,0.4762,0.5794,0.42
SM_K80|smote|s0|a0.05,0.5801,0.6087,0.5079,0.5794,0.43
SM_K80|smote|s0|a0.01,0.5801,0.6087,0.5079,0.5794,0.43
SM_K80|smote|s0|a0.001,0.5801,0.6087,0.5079,0.5794,0.43
MLP_s144_a0.001_lr0.001,0.5801,0.6087,0.4762,0.5794,0.42
MLP_s144_a0.001_lr0.0005,0.5801,0.6087,0.4921,0.5794,0.46
K120|adasyn|a0.05|s0,0.5801,0.6087,0.4762,0.5794,0.48
MLP_s119_a0.05_lr0.0005,0.5801,0.6087,0.5476,0.5794,0.47
W5.0|K100|s99|a0.01,0.5801,0.6087,0.4921,0.5794,0.5
W5.0|K100|s99|a0.001,0.5801,0.6087,0.4921,0.5794,0.5
MLP_s55_a0.05_lr0.001,0.5801,0.6087,0.4603,0.5794,0.4
MLP_s55_a0.01_lr0.001,0.5801,0.6087,0.4524,0.5794,0.4
MLP_s228_a0.05_lr0.001,0.5801,0.6087,0.4841,0.5794,0.49
MLP_s260_a0.01_lr0.001,0.5801,0.6087,0.4841,0.5794,0.44
K90|adasyn|a0.01|s76,0.5801,0.6087,0.4683,0.5794,0.43
MLP_s258_a0.01_lr0.0005,0.5801,0.6087,0.4683,0.5794,0.51
MLP_s258_a0.001_lr0.0005,0.5801,0.6087,0.4683,0.5794,0.51
MLP_s214_a0.05_lr0.0005,0.5801,0.6087,0.5079,0.5794,0.45
MLP_s214_a0.01_lr0.0005,0.5801,0.6087,0.5,0.5794,0.45
MLP_s214_a0.001_lr0.0005,0.5801,0.6087,0.4921,0.5794,0.44
K80|smote|a0.05|s13,0.5801,0.6087,0.4365,0.5794,0.46
MLP_s232_a0.05_lr0.001,0.5801,0.6087,0.4048,0.5794,0.52
MLP_s232_a0.05_lr0.0005,0.5801,0.6087,0.4048,0.5794,0.52
MLP_s232_a0.01_lr0.001,0.5801,0.6087,0.4048,0.5794,0.52
MLP_s228_a0.01_lr0.001,0.5801,0.6087,0.4603,0.5794,0.49
MLP_s55_a0.001_lr0.001,0.5801,0.6087,0.4524,0.5794,0.4
MLP_s54_a0.01_lr0.001,0.5801,0.6087,0.5,0.5794,0.5
K120|adasyn|a0.01|s13,0.5801,0.6087,0.4286,0.5794,0.36
MLP_s167_a0.05_lr0.0005,0.5644,0.5652,0.5238,0.5833,0.1
MLP_s257_a0.05_lr0.0005,0.5644,0.5652,0.4683,0.6032,0.17
MLP_s257_a0.05_lr0.001,0.5644,0.5652,0.4683,0.6032,0.18
K90|adasyn|a0.001|s0,0.5644,0.5652,0.4524,0.5833,0.14
K90|adasyn|a0.01|s0,0.5644,0.5652,0.4524,0.5833,0.14
MLP_s5_a0.001_lr0.0005,0.5644,0.5652,0.5317,0.6032,0.4
MLP_s229_a0.001_lr0.001,0.5644,0.5652,0.5079,0.5833,0.23
K80|border|a0.05|s42,0.5644,0.5652,0.4524,0.5833,0.45
MLP_s170_a0.05_lr0.0005,0.5644,0.5652,0.5476,0.5833,0.46
MLP_s149_a0.001_lr0.0005,0.5644,0.5652,0.4286,0.5833,0.25
MLP_s287_a0.05_lr0.001,0.5644,0.5652,0.5079,0.6032,0.12
W4.0|K80|s99|a0.001,0.5644,0.5652,0.4444,0.5833,0.26
W4.0|K80|s99|a0.01,0.5644,0.5652,0.4524,0.5833,0.26
W4.0|K80|s99|a0.05,0.5644,0.5652,0.4524,0.5833,0.26
K100|smote|a0.001|s99,0.5644,0.5652,0.5079,0.6032,0.19
K100|smote|a0.01|s76,0.5644,0.5652,0.4762,0.5833,0.32
K100|smote|a0.01|s99,0.5644,0.5652,0.5079,0.6032,0.19
K100|smote|a0.05|s0,0.5644,0.5652,0.5794,0.6032,0.34
K100|smote|a0.05|s99,0.5644,0.5652,0.5079,0.6032,0.23
K100|border|a0.001|s42,0.5644,0.5652,0.5079,0.5833,0.16
MLP_s77_a0.05_lr0.0005,0.5644,0.5652,0.4048,0.5833,0.1
MLP_s183_a0.001_lr0.0005,0.5644,0.5652,0.4603,0.5833,0.47
MLP_s183_a0.001_lr0.001,0.5644,0.5652,0.5,0.5833,0.36
MLP_s183_a0.01_lr0.0005,0.5644,0.5652,0.4603,0.5833,0.47
MLP_s183_a0.05_lr0.001,0.5644,0.5652,0.4762,0.5833,0.38
MLP_s158_a0.001_lr0.0005,0.5644,0.5652,0.5159,0.5833,0.46
MLP_s280_a0.001_lr0.0005,0.5644,0.5652,0.4444,0.6032,0.32
MLP_s5_a0.01_lr0.0005,0.5644,0.5652,0.5317,0.5833,0.42
MLP_s5_a0.01_lr0.001,0.5644,0.5652,0.5159,0.5833,0.39
MLP_s5_a0.05_lr0.0005,0.5644,0.5652,0.5238,0.6032,0.4
MLP_s5_a0.05_lr0.001,0.5644,0.5652,0.5397,0.6032,0.38
MLP_s7_a0.001_lr0.0005,0.5644,0.5652,0.5159,0.5833,0.25
MLP_s287_a0.05_lr0.0005,0.5644,0.5652,0.4762,0.5833,0.14
SM_K80|border|s13|a0.05,0.5644,0.5652,0.5317,0.6032,0.2
K70|adasyn|a0.01|s13,0.5644,0.5652,0.4683,0.6032,0.19
K70|adasyn|a0.05|s13,0.5644,0.5652,0.4683,0.6032,0.19
K70|adasyn|a0.001|s13,0.5644,0.5652,0.4603,0.6032,0.19
MLP_s51_a0.01_lr0.0005,0.5644,0.5652,0.5238,0.6032,0.21
K100|border|a0.05|s42,0.5644,0.5652,0.5,0.5833,0.16
MLP_s287_a0.01_lr0.0005,0.5644,0.5652,0.4603,0.5833,0.13
MLP_s287_a0.01_lr0.001,0.5644,0.5652,0.5238,0.6032,0.15
MLP_s226_a0.001_lr0.0005,0.5644,0.5652,0.5159,0.6032,0.19
MLP_s226_a0.01_lr0.0005,0.5644,0.5652,0.5159,0.6032,0.19
MLP_s226_a0.05_lr0.0005,0.5644,0.5652,0.5079,0.5833,0.19
MLP_s156_a0.01_lr0.001,0.5644,0.5652,0.5079,0.6032,0.18
MLP_s280_a0.01_lr0.0005,0.5644,0.5652,0.4524,0.6032,0.32
MLP_s280_a0.01_lr0.001,0.5644,0.5652,0.4444,0.6032,0.3
MLP_s280_a0.05_lr0.0005,0.5644,0.5652,0.4524,0.6032,0.32
MLP_s9_a0.01_lr0.0005,0.5644,0.5652,0.4921,0.5833,0.24
MLP_s177_a0.001_lr0.001,0.5644,0.5652,0.5,0.5833,0.1
MLP_s177_a0.05_lr0.001,0.5644,0.5652,0.5079,0.5833,0.1
K100|border|a0.01|s42,0.5644,0.5652,0.5,0.5833,0.15
K100|border|a0.01|s99,0.5644,0.5652,0.5,0.6032,0.17
MLP_s199_a0.001_lr0.001,0.5644,0.5652,0.4762,0.5833,0.22
MLP_s199_a0.05_lr0.001,0.5644,0.5652,0.4683,0.5833,0.22
MLP_s156_a0.001_lr0.0005,0.5644,0.5652,0.4841,0.6032,0.18
MLP_s156_a0.001_lr0.001,0.5644,0.5652,0.5079,0.6032,0.18
MLP_s156_a0.01_lr0.0005,0.5644,0.5652,0.5159,0.5833,0.26
K100|border|a0.001|s99,0.5644,0.5652,0.5,0.6032,0.17
W5.0|K80|s99|a0.001,0.5644,0.5652,0.4444,0.5833,0.26
W5.0|K80|s99|a0.01,0.5644,0.5652,0.4524,0.5833,0.26
W5.0|K80|s99|a0.05,0.5644,0.5652,0.4524,0.5833,0.26
MLP_s199_a0.001_lr0.0005,0.5644,0.5652,0.4603,0.5833,0.21
MLP_s297_a0.001_lr0.0005,0.5644,0.5652,0.5159,0.6032,0.19
K130|border|a0.01|s13,0.5644,0.5652,0.4762,0.5833,0.24
K130|border|a0.05|s13,0.5644,0.5652,0.4921,0.5833,0.25
MLP_s45_a0.01_lr0.0005,0.5644,0.5652,0.4762,0.6032,0.1
MLP_s121_a0.05_lr0.001,0.5644,0.5652,0.5635,0.6032,0.17
SM_K120|smote|s76|a0.001,0.5644,0.5652,0.5,0.5833,0.21
SM_K120|smote|s76|a0.01,0.5644,0.5652,0.5079,0.5833,0.21
SM_K120|smote|s76|a0.05,0.5644,0.5652,0.5,0.5833,0.22
MLP_s273_a0.01_lr0.0005,0.5644,0.5652,0.5238,0.6032,0.1
MLP_s167_a0.001_lr0.0005,0.5644,0.5652,0.5159,0.5833,0.1
MLP_s167_a0.01_lr0.0005,0.5644,0.5652,0.5238,0.5833,0.1
W3.0|K80|s99|a0.001,0.5644,0.5652,0.4444,0.5833,0.26
W3.0|K80|s99|a0.01,0.5644,0.5652,0.4524,0.5833,0.26
W3.0|K80|s99|a0.05,0.5644,0.5652,0.4524,0.5833,0.26
W6.0|K100|s42|a0.001,0.5644,0.5652,0.4603,0.5833,0.12
W6.0|K100|s42|a0.01,0.5644,0.5652,0.4603,0.5833,0.11
W5.0|K100|s42|a0.001,0.5644,0.5652,0.4603,0.5833,0.12
W5.0|K100|s42|a0.01,0.5644,0.5652,0.4603,0.5833,0.11
SM_K80|border|s42|a0.001,0.5644,0.5652,0.4921,0.5833,0.15
SM_K80|border|s42|a0.01,0.5644,0.5652,0.4921,0.5833,0.15
SM_K80|border|s42|a0.05,0.5644,0.5652,0.4921,0.5833,0.15
MLP_s240_a0.01_lr0.001,0.5644,0.5652,0.5794,0.5833,0.1
MLP_s297_a0.01_lr0.0005,0.5644,0.5652,0.5079,0.6032,0.19
MLP_s297_a0.05_lr0.0005,0.5644,0.5652,0.5079,0.6032,0.19
MLP_s187_a0.001_lr0.0005,0.5644,0.5652,0.4603,0.5833,0.33
MLP_s273_a0.001_lr0.0005,0.5644,0.5652,0.5317,0.6032,0.1
MLP_s273_a0.001_lr0.001,0.5644,0.5652,0.5079,0.6032,0.1
MLP_s257_a0.001_lr0.0005,0.5644,0.5652,0.4841,0.6032,0.19
MLP_s257_a0.001_lr0.001,0.5644,0.5652,0.4683,0.6032,0.17
MLP_s257_a0.01_lr0.0005,0.5644,0.5652,0.4524,0.6032,0.19
MLP_s257_a0.01_lr0.001,0.5644,0.5652,0.4762,0.6032,0.15
MLP_s280_a0.001_lr0.001,0.5644,0.5652,0.4444,0.6032,0.27
MLP_s121_a0.001_lr0.0005,0.5644,0.5652,0.5714,0.6032,0.26
MLP_s121_a0.001_lr0.001,0.5644,0.5652,0.5556,0.6032,0.2
MLP_s121_a0.01_lr0.0005,0.5644,0.5652,0.5714,0.6032,0.26
MLP_s121_a0.01_lr0.001,0.5644,0.5652,0.5556,0.6032,0.2
MLP_s87_a0.05_lr0.0005,0.5644,0.5652,0.5079,0.5833,0.28
MLP_s9_a0.001_lr0.0005,0.5644,0.5652,0.4921,0.5833,0.23
MLP_s45_a0.001_lr0.0005,0.5644,0.5652,0.4762,0.6032,0.1
MLP_s158_a0.01_lr0.0005,0.5644,0.5652,0.5238,0.5833,0.46
K90|tomek|a0.01|s13,0.5644,0.5652,0.4921,0.6032,0.4
MLP_s227_a0.01_lr0.001,0.5644,0.5652,0.5079,0.6032,0.14
MLP_s227_a0.05_lr0.001,0.5644,0.5652,0.5159,0.6032,0.14
K80|enn|a0.01|s0,0.5644,0.5652,0.5635,0.6032,0.88
K80|enn|a0.05|s0,0.5644,0.5652,0.5635,0.6032,0.87
MLP_s230_a0.001_lr0.001,0.5644,0.5652,0.5079,0.5833,0.11
MLP_s230_a0.01_lr0.001,0.5644,0.5652,0.5,0.5833,0.12
K80|border|a0.01|s42,0.5644,0.5652,0.4524,0.5833,0.45
MLP_s230_a0.05_lr0.001,0.5644,0.5652,0.5079,0.5833,0.1
MLP_s273_a0.01_lr0.001,0.5644,0.5652,0.5238,0.6032,0.1
MLP_s273_a0.05_lr0.0005,0.5644,0.5652,0.5317,0.6032,0.1
MLP_s273_a0.05_lr0.001,0.5644,0.5652,0.5238,0.6032,0.1
W2.0|K100|s42|a0.01,0.5644,0.5652,0.4603,0.5833,0.11
W3.0|K100|s42|a0.001,0.5644,0.5652,0.4603,0.5833,0.12
K60|smote|a0.01|s0,0.5644,0.5652,0.4365,0.5833,0.43
K60|smote|a0.05|s42,0.5644,0.5652,0.5317,0.5833,0.49
MLP_s204_a0.05_lr0.001,0.5644,0.5652,0.4603,0.5833,0.27
MLP_s152_a0.001_lr0.001,0.5644,0.5652,0.5476,0.6032,0.45
K100|border|a0.05|s99,0.5644,0.5652,0.4921,0.6032,0.16
MLP_s69_a0.001_lr0.001,0.5644,0.5652,0.4524,0.5833,0.1
MLP_s69_a0.01_lr0.001,0.5644,0.5652,0.4603,0.5833,0.1
MLP_s69_a0.05_lr0.001,0.5644,0.5652,0.4603,0.5833,0.1
K100|tomek|a0.001|s99,0.5644,0.5652,0.5079,0.6032,0.19
K100|tomek|a0.01|s76,0.5644,0.5652,0.4762,0.5833,0.32
K80|border|a0.001|s42,0.5644,0.5652,0.4524,0.5833,0.45
MLP_s156_a0.05_lr0.0005,0.5644,0.5652,0.5,0.5833,0.26
MLP_s152_a0.01_lr0.001,0.5644,0.5652,0.5476,0.6032,0.45
K90|adasyn|a0.05|s0,0.5644,0.5652,0.4444,0.5833,0.15
MLP_s100_a0.001_lr0.0005,0.5644,0.5652,0.5079,0.6032,0.44
MLP_s100_a0.01_lr0.0005,0.5644,0.5652,0.5159,0.6032,0.44
K130|border|a0.001|s13,0.5644,0.5652,0.4921,0.5833,0.26
MLP_s46_a0.001_lr0.0005,0.5644,0.5652,0.5556,0.6032,0.1
MLP_s152_a0.05_lr0.001,0.5644,0.5652,0.5476,0.6032,0.45
K60|border|a0.01|s0,0.5644,0.5652,0.4365,0.5833,0.43
K60|border|a0.05|s42,0.5644,0.5652,0.5317,0.5833,0.49
MLP_s158_a0.05_lr0.0005,0.5644,0.5652,0.5159,0.5833,0.46
MLP_s187_a0.01_lr0.0005,0.5644,0.5652,0.4683,0.5833,0.33
W2.0|K80|s99|a0.001,0.5644,0.5652,0.4444,0.5833,0.26
W2.0|K80|s99|a0.01,0.5644,0.5652,0.4524,0.5833,0.26
W2.0|K80|s99|a0.05,0.5644,0.5652,0.4524,0.5833,0.26
K100|tomek|a0.01|s99,0.5644,0.5652,0.5079,0.6032,0.19
K100|tomek|a0.05|s0,0.5644,0.5652,0.5794,0.6032,0.34
K100|tomek|a0.05|s99,0.5644,0.5652,0.5079,0.6032,0.23
MLP_s151_a0.001_lr0.001,0.5644,0.5652,0.381,0.5833,0.12
MLP_s151_a0.01_lr0.001,0.5644,0.5652,0.381,0.5833,0.15
MLP_s151_a0.05_lr0.001,0.5644,0.5652,0.381,0.5833,0.14
W6.0|K80|s99|a0.001,0.5644,0.5652,0.4444,0.5833,0.26
W6.0|K80|s99|a0.01,0.5644,0.5652,0.4524,0.5833,0.26
W6.0|K80|s99|a0.05,0.5644,0.5652,0.4524,0.5833,0.26
W2.0|K100|s42|a0.001,0.5644,0.5652,0.4603,0.5833,0.12
W3.0|K100|s42|a0.01,0.5644,0.5652,0.4603,0.5833,0.11
W4.0|K100|s42|a0.001,0.5644,0.5652,0.4603,0.5833,0.12
W4.0|K100|s42|a0.01,0.5644,0.5652,0.4603,0.5833,0.11
MLP_s136_a0.001_lr0.001,0.5644,0.5652,0.5,0.6032,0.32
MLP_s203_a0.001_lr0.001,0.5644,0.5652,0.5556,0.5833,0.12
MLP_s118_a0.01_lr0.0005,0.5644,0.5652,0.4921,0.5833,0.25
MLP_s119_a0.05_lr0.001,0.5644,0.5652,0.5397,0.5833,0.22
MLP_s149_a0.01_lr0.0005,0.5644,0.5652,0.4286,0.5833,0.25
MLP_s149_a0.01_lr0.001,0.5644,0.5652,0.4683,0.5833,0.44
MLP_s149_a0.05_lr0.0005,0.5644,0.5652,0.4048,0.5833,0.2
MLP_s149_a0.05_lr0.001,0.5644,0.5652,0.4603,0.5833,0.44
SM_K150|enn|s99|a0.05,0.5577,0.5652,0.4127,0.5635,0.84
MLP_s1_a0.001_lr0.001,0.5577,0.5652,0.4603,0.5635,0.15
SM_K150|enn|s99|a0.01,0.5577,0.5652,0.4206,0.5635,0.84
K110|smote|a0.05|s76,0.5577,0.5652,0.5159,0.5635,0.41
MLP_s173_a0.001_lr0.0005,0.5577,0.5652,0.4762,0.5635,0.25
MLP_s229_a0.01_lr0.0005,0.5577,0.5652,0.5079,0.5635,0.33
MLP_s229_a0.001_lr0.0005,0.5577,0.5652,0.5159,0.5635,0.27
SM_K120|enn|s0|a0.05,0.5577,0.5652,0.4524,0.5635,0.81
SM_K120|enn|s0|a0.01,0.5577,0.5652,0.4524,0.5635,0.81
SM_K120|enn|s0|a0.001,0.5577,0.5652,0.4524,0.5635,0.81
MLP_s169_a0.05_lr0.0005,0.5577,0.5652,0.4841,0.5635,0.4
MLP_s169_a0.01_lr0.0005,0.5577,0.5652,0.4841,0.5635,0.4
MLP_s87_a0.05_lr0.001,0.5577,0.5652,0.4603,0.5635,0.25
MLP_s130_a0.05_lr0.0005,0.5577,0.5652,0.4444,0.5635,0.21
K60|tomek|a0.05|s99,0.5577,0.5652,0.5079,0.5635,0.29
K60|tomek|a0.05|s76,0.5577,0.5652,0.4603,0.5635,0.46
K60|tomek|a0.01|s76,0.5577,0.5652,0.4603,0.5635,0.45
K60|tomek|a0.001|s99,0.5577,0.5652,0.5317,0.5635,0.36
K60|border|a0.05|s13,0.5577,0.5652,0.5556,0.5635,0.38
K60|tomek|a0.001|s76,0.5577,0.5652,0.4683,0.5635,0.45
K60|adasyn|a0.05|s99,0.5577,0.5652,0.4365,0.623,0.1
K60|adasyn|a0.01|s99,0.5577,0.5652,0.4444,0.623,0.1
K90|adasyn|a0.05|s76,0.5577,0.5652,0.4683,0.5635,0.32
MLP_s181_a0.01_lr0.001,0.5577,0.5652,0.4524,0.5635,0.39
MLP_s181_a0.001_lr0.001,0.5577,0.5652,0.4603,0.5635,0.38
K60|adasyn|a0.001|s99,0.5577,0.5652,0.4444,0.623,0.1
K60|smote|a0.05|s13,0.5577,0.5652,0.5556,0.5635,0.38
MLP_s130_a0.001_lr0.0005,0.5577,0.5652,0.4524,0.5635,0.22
K120|border|a0.05|s42,0.5577,0.5652,0.6111,0.5635,0.46
K120|border|a0.01|s42,0.5577,0.5652,0.6111,0.5635,0.46
K120|border|a0.001|s42,0.5577,0.5652,0.6032,0.5635,0.46
MLP_s58_a0.01_lr0.001,0.5577,0.5652,0.5079,0.623,0.16
MLP_s58_a0.001_lr0.001,0.5577,0.5652,0.5159,0.623,0.16
K90|smote|a0.001|s13,0.5577,0.5652,0.5397,0.623,0.41
MLP_s87_a0.01_lr0.0005,0.5577,0.5652,0.4365,0.5635,0.26
MLP_s87_a0.001_lr0.001,0.5577,0.5652,0.4524,0.5635,0.25
MLP_s87_a0.001_lr0.0005,0.5577,0.5652,0.4444,0.5635,0.27
MLP_s139_a0.05_lr0.001,0.5577,0.5652,0.4524,0.5635,0.1
MLP_s139_a0.05_lr0.0005,0.5577,0.5652,0.4524,0.5635,0.31
MLP_s139_a0.01_lr0.001,0.5577,0.5652,0.4444,0.5635,0.29
MLP_s58_a0.05_lr0.001,0.5577,0.5652,0.5,0.623,0.16
MLP_s58_a0.05_lr0.0005,0.5577,0.5652,0.5159,0.623,0.17
MLP_s182_a0.001_lr0.0005,0.5577,0.5652,0.4444,0.5635,0.14
MLP_s181_a0.05_lr0.001,0.5577,0.5652,0.4524,0.5635,0.39
MLP_s20_a0.05_lr0.001,0.5577,0.5652,0.4603,0.5635,0.42
MLP_s20_a0.01_lr0.001,0.5577,0.5652,0.4603,0.5635,0.42
MLP_s20_a0.001_lr0.001,0.5577,0.5652,0.4603,0.5635,0.42
MLP_s87_a0.01_lr0.001,0.5577,0.5652,0.4444,0.5635,0.25
SM_K80|border|s0|a0.001,0.5577,0.5652,0.5238,0.5635,0.3
K130|border|a0.05|s76,0.5577,0.5652,0.4286,0.5635,0.35
K130|border|a0.01|s76,0.5577,0.5652,0.4286,0.5635,0.35
K130|border|a0.001|s76,0.5577,0.5652,0.4206,0.5635,0.35
MLP_s235_a0.05_lr0.0005,0.5577,0.5652,0.4921,0.5635,0.3
MLP_s123_a0.01_lr0.0005,0.5577,0.5652,0.5159,0.623,0.1
MLP_s123_a0.001_lr0.0005,0.5577,0.5652,0.5079,0.623,0.1
MLP_s182_a0.01_lr0.0005,0.5577,0.5652,0.4444,0.5635,0.15
MLP_s182_a0.001_lr0.001,0.5577,0.5652,0.4286,0.5635,0.13
MLP_s235_a0.01_lr0.0005,0.5577,0.5652,0.4921,0.5635,0.27
MLP_s235_a0.001_lr0.0005,0.5577,0.5652,0.5,0.5635,0.28
K70|tomek|a0.01|s0,0.5577,0.5652,0.4683,0.5635,0.1
K70|tomek|a0.001|s0,0.5577,0.5652,0.4444,0.5635,0.11
SM_K80|border|s99|a0.001,0.5577,0.5652,0.5,0.5635,0.27
SM_K80|border|s0|a0.05,0.5577,0.5652,0.5238,0.5635,0.31
SM_K80|border|s0|a0.01,0.5577,0.5652,0.5238,0.5635,0.3
MLP_s139_a0.001_lr0.001,0.5577,0.5652,0.4603,0.5635,0.1
MLP_s139_a0.001_lr0.0005,0.5577,0.5652,0.4524,0.5635,0.31
MLP_s141_a0.05_lr0.001,0.5577,0.5652,0.5079,0.5635,0.61
MLP_s141_a0.01_lr0.001,0.5577,0.5652,0.5079,0.5635,0.61
K150|border|a0.001|s42,0.5577,0.5652,0.3968,0.5635,0.29
MLP_s291_a0.01_lr0.0005,0.5577,0.5652,0.5159,0.5635,0.33
MLP_s9_a0.05_lr0.001,0.5577,0.5652,0.4762,0.5635,0.28
MLP_s9_a0.05_lr0.0005,0.5577,0.5652,0.4841,0.5635,0.32
MLP_s9_a0.01_lr0.001,0.5577,0.5652,0.5,0.5635,0.28
MLP_s109_a0.001_lr0.001,0.5577,0.5652,0.5079,0.5635,0.32
MLP_s157_a0.05_lr0.001,0.5577,0.5652,0.4921,0.5635,0.12
MLP_s157_a0.05_lr0.0005,0.5577,0.5652,0.5,0.5635,0.12
MLP_s157_a0.01_lr0.001,0.5577,0.5652,0.4841,0.5635,0.1
MLP_s157_a0.01_lr0.0005,0.5577,0.5652,0.4921,0.5635,0.11
K150|border|a0.05|s42,0.5577,0.5652,0.3968,0.5635,0.28
MLP_s141_a0.001_lr0.001,0.5577,0.5652,0.5079,0.5635,0.61
MLP_s220_a0.01_lr0.001,0.5577,0.5652,0.4921,0.5635,0.1
MLP_s51_a0.05_lr0.0005,0.5577,0.5652,0.4921,0.5635,0.34
MLP_s51_a0.01_lr0.001,0.5577,0.5652,0.4683,0.5635,0.29
MLP_s51_a0.001_lr0.001,0.5577,0.5652,0.4762,0.5635,0.29
MLP_s51_a0.001_lr0.0005,0.5577,0.5652,0.5079,0.5635,0.33
K70|tomek|a0.05|s0,0.5577,0.5652,0.4603,0.5635,0.11
K150|border|a0.01|s42,0.5577,0.5652,0.3968,0.5635,0.28
K150|adasyn|a0.05|s42,0.5577,0.5652,0.4683,0.5635,0.43
MLP_s7_a0.01_lr0.001,0.5577,0.5652,0.4841,0.5635,0.33
MLP_s7_a0.01_lr0.0005,0.5577,0.5652,0.5,0.5635,0.36
MLP_s7_a0.001_lr0.001,0.5577,0.5652,0.4841,0.5635,0.33
MLP_s278_a0.05_lr0.001,0.5577,0.5652,0.4524,0.5635,0.26
MLP_s33_a0.05_lr0.0005,0.5577,0.5652,0.4444,0.5635,0.37
MLP_s33_a0.01_lr0.0005,0.5577,0.5652,0.4365,0.5635,0.39
K150|tomek|a0.05|s99,0.5577,0.5652,0.4603,0.5635,0.29
MLP_s183_a0.05_lr0.0005,0.5577,0.5652,0.4524,0.5635,0.52
MLP_s182_a0.05_lr0.001,0.5577,0.5652,0.4286,0.5635,0.2
MLP_s7_a0.05_lr0.001,0.5577,0.5652,0.4841,0.5635,0.33
MLP_s7_a0.05_lr0.0005,0.5577,0.5652,0.5159,0.5635,0.33
K80|tomek|a0.05|s13,0.5577,0.5652,0.5159,0.5635,0.46
K90|smote|a0.05|s13,0.5577,0.5652,0.5714,0.623,0.41
K90|smote|a0.01|s13,0.5577,0.5652,0.5397,0.623,0.4
SM_K100|enn|s99|a0.05,0.5577,0.5652,0.4286,0.5635,0.59
SM_K100|enn|s99|a0.01,0.5577,0.5652,0.4286,0.5635,0.58
SM_K100|enn|s99|a0.001,0.5577,0.5652,0.4286,0.5635,0.58
MLP_s123_a0.05_lr0.0005,0.5577,0.5652,0.5079,0.623,0.1
MLP_s278_a0.001_lr0.001,0.5577,0.5652,0.4524,0.5635,0.28
K150|tomek|a0.01|s99,0.5577,0.5652,0.4603,0.5635,0.29
K150|tomek|a0.001|s99,0.5577,0.5652,0.4603,0.5635,0.3
MLP_s109_a0.05_lr0.001,0.5577,0.5652,0.5079,0.5635,0.3
MLP_s109_a0.01_lr0.001,0.5577,0.5652,0.5079,0.5635,0.33
MLP_s173_a0.05_lr0.0005,0.5577,0.5652,0.4762,0.5635,0.25
MLP_s173_a0.01_lr0.0005,0.5577,0.5652,0.4762,0.5635,0.26
MLP_s114_a0.01_lr0.001,0.5577,0.5652,0.4841,0.5635,0.43
MLP_s253_a0.05_lr0.001,0.5577,0.5652,0.5317,0.5635,0.19
MLP_s253_a0.001_lr0.001,0.5577,0.5652,0.5397,0.5635,0.2
K80|border|a0.01|s13,0.5577,0.5652,0.4524,0.5635,0.39
MLP_s157_a0.001_lr0.0005,0.5577,0.5652,0.4921,0.5635,0.12
K200|border|a0.001|s13,0.5577,0.5652,0.5079,0.5635,0.35
MLP_s78_a0.05_lr0.001,0.5577,0.5652,0.4921,0.5635,0.26
MLP_s175_a0.05_lr0.0005,0.5577,0.5652,0.5079,0.5635,0.36
MLP_s175_a0.01_lr0.0005,0.5577,0.5652,0.5079,0.5635,0.35
MLP_s175_a0.001_lr0.0005,0.5577,0.5652,0.5079,0.5635,0.35
MLP_s182_a0.05_lr0.0005,0.5577,0.5652,0.4365,0.5635,0.23
MLP_s182_a0.01_lr0.001,0.5577,0.5652,0.4286,0.5635,0.17
K200|border|a0.01|s13,0.5577,0.5652,0.5,0.5635,0.35
MLP_s25_a0.05_lr0.0005,0.5577,0.5652,0.5238,0.5635,0.4
MLP_s25_a0.01_lr0.0005,0.5577,0.5652,0.5238,0.5635,0.4
MLP_s114_a0.001_lr0.001,0.5577,0.5652,0.4841,0.5635,0.43
K80|border|a0.001|s13,0.5577,0.5652,0.4524,0.5635,0.39
K80|border|a0.05|s13,0.5577,0.5652,0.4365,0.5635,0.39
MLP_s229_a0.01_lr0.001,0.5577,0.5652,0.4921,0.5635,0.27
K80|tomek|a0.01|s13,0.5577,0.5652,0.5159,0.5635,0.46
K80|tomek|a0.001|s13,0.5577,0.5652,0.5159,0.5635,0.46
MLP_s157_a0.001_lr0.001,0.5577,0.5652,0.4841,0.5635,0.11
SM_K150|enn|s99|a0.001,0.5577,0.5652,0.4206,0.5635,0.84
MLP_s169_a0.001_lr0.0005,0.5577,0.5652,0.4921,0.5635,0.39
MLP_s25_a0.001_lr0.0005,0.5577,0.5652,0.5238,0.5635,0.4
MLP_s24_a0.05_lr0.0005,0.5577,0.5652,0.5159,0.5635,0.48
MLP_s24_a0.01_lr0.0005,0.5577,0.5652,0.5159,0.5635,0.48
MLP_s1_a0.01_lr0.001,0.5577,0.5652,0.4603,0.5635,0.14
SM_K150|border|s0|a0.001,0.5548,0.6087,0.4286,0.5595,0.46
SM_K150|border|s0|a0.01,0.5548,0.6087,0.4286,0.5595,0.46
MLP_s114_a0.05_lr0.0005,0.5548,0.6087,0.4683,0.5595,0.51
MLP_s169_a0.01_lr0.001,0.5548,0.6087,0.4365,0.5595,0.47
MLP_s4_a0.05_lr0.0005,0.5548,0.6087,0.5317,0.5595,0.55
MLP_s114_a0.05_lr0.001,0.5548,0.6087,0.4841,0.5595,0.49
SM_K120|enn|s42|a0.01,0.5548,0.6087,0.4206,0.5595,0.78
K120|adasyn|a0.01|s76,0.5548,0.6087,0.4206,0.5595,0.45
MLP_s228_a0.05_lr0.0005,0.5548,0.6087,0.4524,0.5595,0.61
SM_K120|enn|s42|a0.05,0.5548,0.6087,0.4206,0.5595,0.78
MLP_s222_a0.01_lr0.001,0.5548,0.6087,0.4286,0.5595,0.56
K60|tomek|a0.001|s0,0.5548,0.6087,0.4603,0.5595,0.58
MLP_s48_a0.05_lr0.001,0.5548,0.6087,0.5,0.5595,0.73
K70|smote|a0.01|s0,0.5548,0.6087,0.4286,0.5595,0.53
K70|smote|a0.001|s0,0.5548,0.6087,0.4286,0.5595,0.53
SM_K80|enn|s0|a0.05,0.5548,0.6087,0.4127,0.5595,0.83
SM_K80|enn|s0|a0.01,0.5548,0.6087,0.4127,0.5595,0.83
SM_K80|enn|s0|a0.001,0.5548,0.6087,0.4127,0.5595,0.83
MLP_s222_a0.001_lr0.001,0.5548,0.6087,0.4286,0.5595,0.56
MLP_s48_a0.01_lr0.001,0.5548,0.6087,0.5079,0.5595,0.7
K120|adasyn|a0.001|s76,0.5548,0.6087,0.4286,0.5595,0.45
MLP_s58_a0.01_lr0.0005,0.5548,0.6087,0.5159,0.5595,0.59
MLP_s228_a0.001_lr0.0005,0.5548,0.6087,0.4444,0.5595,0.61
K120|adasyn|a0.05|s76,0.5548,0.6087,0.4286,0.5595,0.45
K70|smote|a0.05|s0,0.5548,0.6087,0.4286,0.5595,0.53
K120|tomek|a0.01|s0,0.5548,0.6087,0.4127,0.5595,0.53
SM_K80|smote|s76|a0.001,0.5548,0.6087,0.373,0.5595,0.56
MLP_s58_a0.001_lr0.0005,0.5548,0.6087,0.5079,0.5595,0.61
SM_K80|smote|s76|a0.05,0.5548,0.6087,0.373,0.5595,0.56
SM_K80|smote|s76|a0.01,0.5548,0.6087,0.373,0.5595,0.56
MLP_s228_a0.01_lr0.0005,0.5548,0.6087,0.4444,0.5595,0.61
MLP_s131_a0.01_lr0.0005,0.5548,0.6087,0.4683,0.5595,0.44
MLP_s222_a0.05_lr0.001,0.5548,0.6087,0.4286,0.5595,0.56
MLP_s184_a0.001_lr0.0005,0.5548,0.6087,0.4762,0.5595,0.5
MLP_s184_a0.01_lr0.0005,0.5548,0.6087,0.4841,0.5595,0.5
MLP_s285_a0.001_lr0.001,0.5548,0.6087,0.4603,0.5595,0.49
MLP_s270_a0.01_lr0.001,0.5548,0.6087,0.5238,0.5595,0.43
MLP_s272_a0.05_lr0.001,0.5548,0.6087,0.5079,0.5595,0.6
MLP_s275_a0.05_lr0.001,0.5548,0.6087,0.5159,0.5595,0.63
MLP_s148_a0.01_lr0.0005,0.5548,0.6087,0.4921,0.5595,0.55
MLP_s206_a0.01_lr0.001,0.5548,0.6087,0.4444,0.5595,0.49
MLP_s163_a0.01_lr0.0005,0.5548,0.6087,0.4286,0.5595,0.57
MLP_s206_a0.001_lr0.001,0.5548,0.6087,0.4683,0.5595,0.47
MLP_s173_a0.05_lr0.001,0.5548,0.6087,0.4841,0.5595,0.44
MLP_s272_a0.01_lr0.0005,0.5548,0.6087,0.4762,0.5595,0.53
MLP_s4_a0.01_lr0.0005,0.5548,0.6087,0.5317,0.5595,0.55
MLP_s206_a0.05_lr0.001,0.5548,0.6087,0.4603,0.5595,0.47
MLP_s114_a0.001_lr0.0005,0.5548,0.6087,0.4603,0.5595,0.51
MLP_s114_a0.01_lr0.0005,0.5548,0.6087,0.4683,0.5595,0.51
SM_K120|enn|s42|a0.001,0.5548,0.6087,0.4206,0.5595,0.78
MLP_s119_a0.01_lr0.0005,0.5548,0.6087,0.5397,0.5595,0.49
MLP_s22_a0.01_lr0.0005,0.5548,0.6087,0.4365,0.5595,0.45
MLP_s22_a0.001_lr0.001,0.5548,0.6087,0.4603,0.5595,0.49
MLP_s169_a0.001_lr0.001,0.5548,0.6087,0.4286,0.5595,0.47
MLP_s72_a0.01_lr0.001,0.5548,0.6087,0.5159,0.5595,0.56
MLP_s22_a0.01_lr0.001,0.5548,0.6087,0.4524,0.5595,0.51
MLP_s22_a0.05_lr0.0005,0.5548,0.6087,0.4365,0.5595,0.5
MLP_s22_a0.05_lr0.001,0.5548,0.6087,0.4444,0.5595,0.52
MLP_s76_a0.05_lr0.001,0.5548,0.6087,0.4683,0.5595,0.53
MLP_s272_a0.05_lr0.0005,0.5548,0.6087,0.4921,0.5595,0.53
MLP_s272_a0.001_lr0.0005,0.5548,0.6087,0.4921,0.5595,0.53
MLP_s272_a0.001_lr0.001,0.5548,0.6087,0.5,0.5595,0.6
SM_K150|border|s0|a0.05,0.5548,0.6087,0.4206,0.5595,0.45
MLP_s107_a0.01_lr0.0005,0.5548,0.6087,0.4762,0.5595,0.49
MLP_s107_a0.05_lr0.0005,0.5548,0.6087,0.4762,0.5595,0.49
MLP_s36_a0.01_lr0.001,0.5548,0.6087,0.5,0.5595,0.63
MLP_s36_a0.001_lr0.001,0.5548,0.6087,0.5,0.5595,0.64
K60|smote|a0.01|s13,0.5548,0.6087,0.5476,0.5595,0.46
MLP_s184_a0.05_lr0.0005,0.5548,0.6087,0.4841,0.5595,0.53
MLP_s36_a0.001_lr0.0005,0.5548,0.6087,0.5079,0.5595,0.62
MLP_s244_a0.001_lr0.001,0.5548,0.6087,0.4762,0.5595,0.53
MLP_s299_a0.05_lr0.001,0.5548,0.6087,0.4286,0.5595,0.56
MLP_s148_a0.05_lr0.0005,0.5548,0.6087,0.4921,0.5595,0.55
MLP_s107_a0.001_lr0.0005,0.5548,0.6087,0.4762,0.5595,0.49
MLP_s36_a0.01_lr0.0005,0.5548,0.6087,0.5159,0.5595,0.62
MLP_s36_a0.05_lr0.001,0.5548,0.6087,0.5079,0.5595,0.65
MLP_s36_a0.05_lr0.0005,0.5548,0.6087,0.5159,0.5595,0.63
MLP_s285_a0.05_lr0.001,0.5548,0.6087,0.4524,0.5595,0.43
MLP_s285_a0.01_lr0.001,0.5548,0.6087,0.4365,0.5595,0.44
MLP_s106_a0.001_lr0.0005,0.5548,0.6087,0.5317,0.5595,0.41
MLP_s220_a0.05_lr0.001,0.5548,0.6087,0.4683,0.5595,0.48
MLP_s299_a0.001_lr0.001,0.5548,0.6087,0.4286,0.5595,0.56
MLP_s299_a0.01_lr0.001,0.5548,0.6087,0.4286,0.5595,0.56
MLP_s62_a0.01_lr0.0005,0.5548,0.6087,0.4603,0.5595,0.46
MLP_s62_a0.001_lr0.0005,0.5548,0.6087,0.4444,0.5595,0.46
K60|border|a0.01|s13,0.5548,0.6087,0.5476,0.5595,0.46
K60|border|a0.001|s13,0.5548,0.6087,0.5476,0.5595,0.46
K60|smote|a0.001|s13,0.5548,0.6087,0.5476,0.5595,0.46
MLP_s89_a0.05_lr0.0005,0.549,0.6522,0.4524,0.5754,0.66
MLP_s47_a0.001_lr0.001,0.549,0.6522,0.5159,0.5754,0.52
MLP_s260_a0.01_lr0.0005,0.549,0.6522,0.4286,0.5754,0.54
MLP_s260_a0.05_lr0.0005,0.549,0.6522,0.4365,0.5754,0.53
MLP_s89_a0.05_lr0.001,0.549,0.6522,0.4603,0.5754,0.65
MLP_s260_a0.001_lr0.0005,0.549,0.6522,0.4286,0.5754,0.54
K70|smote|a0.01|s99,0.549,0.6522,0.4762,0.5754,0.49
MLP_s107_a0.001_lr0.001,0.549,0.6522,0.4524,0.5754,0.59
MLP_s107_a0.01_lr0.001,0.549,0.6522,0.4524,0.5754,0.59
MLP_s23_a0.05_lr0.0005,0.549,0.6522,0.4683,0.5754,0.55
MLP_s23_a0.01_lr0.0005,0.549,0.6522,0.4603,0.5754,0.55
MLP_s23_a0.001_lr0.0005,0.549,0.6522,0.4683,0.5754,0.55
MLP_s267_a0.05_lr0.001,0.549,0.6522,0.4921,0.5754,0.5
MLP_s71_a0.05_lr0.001,0.549,0.6522,0.4444,0.5754,0.8
MLP_s71_a0.05_lr0.0005,0.549,0.6522,0.4524,0.5754,0.88
MLP_s267_a0.001_lr0.001,0.549,0.6522,0.4921,0.5754,0.5
MLP_s267_a0.01_lr0.001,0.549,0.6522,0.4921,0.5754,0.5
MLP_s126_a0.001_lr0.001,0.549,0.6522,0.4921,0.5754,0.83
MLP_s107_a0.05_lr0.001,0.549,0.6522,0.4444,0.5754,0.59
MLP_s148_a0.001_lr0.0005,0.549,0.6522,0.4841,0.5754,0.57
K90|tomek|a0.01|s0,0.549,0.6522,0.4444,0.5754,0.55
K90|tomek|a0.001|s0,0.549,0.6522,0.4444,0.5754,0.55
MLP_s244_a0.05_lr0.0005,0.549,0.6522,0.5079,0.5754,0.54
MLP_s71_a0.001_lr0.0005,0.549,0.6522,0.4365,0.5754,0.71
MLP_s47_a0.01_lr0.001,0.549,0.6522,0.5,0.5754,0.52
MLP_s47_a0.05_lr0.001,0.549,0.6522,0.5079,0.5754,0.52
MLP_s229_a0.05_lr0.0005,0.549,0.6522,0.5,0.5754,0.7
K70|smote|a0.05|s99,0.549,0.6522,0.4762,0.5754,0.49
MLP_s89_a0.01_lr0.0005,0.549,0.6522,0.4603,0.5754,0.64
K70|smote|a0.001|s99,0.549,0.6522,0.4762,0.5754,0.49
MLP_s126_a0.05_lr0.0005,0.549,0.6522,0.4921,0.5754,0.8
K90|tomek|a0.05|s0,0.549,0.6522,0.4444,0.5754,0.55
MLP_s126_a0.05_lr0.001,0.549,0.6522,0.4762,0.5754,0.8
MLP_s71_a0.01_lr0.0005,0.549,0.6522,0.4365,0.5754,0.75
MLP_s126_a0.01_lr0.001,0.549,0.6522,0.4921,0.5754,0.81
SM_K80|smote|s99|a0.01,0.5437,0.5652,0.4762,0.5437,0.31
K80|smote|a0.001|s99,0.5437,0.5652,0.4603,0.5437,0.32
K80|adasyn|a0.05|s99,0.5437,0.5652,0.4286,0.5437,0.49
W5.0|K120|s99|a0.001,0.5437,0.5652,0.5397,0.5437,0.4
MLP_s259_a0.05_lr0.001,0.5437,0.5652,0.4127,0.5437,0.43
SM_K150|smote|s13|a0.05,0.5437,0.5652,0.4841,0.5437,0.22
MLP_s259_a0.01_lr0.001,0.5437,0.5652,0.4206,0.5437,0.43
MLP_s1_a0.05_lr0.0005,0.5437,0.5652,0.4841,0.5437,0.14
SM_K150|smote|s13|a0.01,0.5437,0.5652,0.4841,0.5437,0.22
W4.0|K120|s99|a0.001,0.5437,0.5652,0.5397,0.5437,0.4
W4.0|K120|s99|a0.01,0.5437,0.5652,0.5397,0.5437,0.4
SM_K150|smote|s13|a0.001,0.5437,0.5652,0.4841,0.5437,0.22
W4.0|K120|s99|a0.05,0.5437,0.5652,0.5397,0.5437,0.4
MLP_s14_a0.001_lr0.001,0.5437,0.5652,0.4841,0.5437,0.27
K120|adasyn|a0.01|s0,0.5437,0.5652,0.4683,0.5437,0.42
K80|adasyn|a0.001|s99,0.5437,0.5652,0.4286,0.5437,0.49
K120|tomek|a0.01|s42,0.5437,0.5652,0.4762,0.6429,0.35
K120|adasyn|a0.001|s0,0.5437,0.5652,0.4762,0.5437,0.45
MLP_s259_a0.05_lr0.0005,0.5437,0.5652,0.4286,0.5437,0.45
MLP_s1_a0.001_lr0.0005,0.5437,0.5652,0.4841,0.5437,0.13
K120|adasyn|a0.01|s42,0.5437,0.5652,0.4286,0.5437,0.49
W6.0|K120|s99|a0.001,0.5437,0.5652,0.5397,0.5437,0.4
W6.0|K120|s99|a0.01,0.5437,0.5652,0.5397,0.5437,0.4
W6.0|K120|s99|a0.05,0.5437,0.5652,0.5397,0.5437,0.4
W5.0|K120|s99|a0.01,0.5437,0.5652,0.5397,0.5437,0.4
W5.0|K120|s99|a0.05,0.5437,0.5652,0.5397,0.5437,0.4
K80|smote|a0.05|s99,0.5437,0.5652,0.4762,0.5437,0.33
SM_K80|smote|s99|a0.05,0.5437,0.5652,0.4762,0.5437,0.32
MLP_s236_a0.001_lr0.0005,0.5437,0.5652,0.4683,0.5437,0.49
K120|adasyn|a0.05|s42,0.5437,0.5652,0.4444,0.5437,0.49
K70|enn|a0.05|s99,0.5437,0.5652,0.4841,0.5437,0.49
MLP_s236_a0.01_lr0.001,0.5437,0.5652,0.4365,0.5437,0.47
K120|adasyn|a0.001|s42,0.5437,0.5652,0.4365,0.5437,0.5
MLP_s236_a0.01_lr0.0005,0.5437,0.5652,0.4683,0.5437,0.49
MLP_s204_a0.01_lr0.001,0.5437,0.5652,0.4603,0.5437,0.51
K80|adasyn|a0.01|s99,0.5437,0.5652,0.4444,0.5437,0.49
MLP_s131_a0.01_lr0.001,0.5437,0.5652,0.4603,0.5437,0.35
MLP_s131_a0.001_lr0.001,0.5437,0.5652,0.4683,0.5437,0.35
MLP_s236_a0.05_lr0.001,0.5437,0.5652,0.4365,0.5437,0.47
K60|tomek|a0.05|s0,0.5437,0.5652,0.4603,0.5437,0.52
W3.0|K120|s99|a0.05,0.5437,0.5652,0.5397,0.5437,0.4
K60|tomek|a0.01|s0,0.5437,0.5652,0.4603,0.5437,0.52
W3.0|K120|s99|a0.001,0.5437,0.5652,0.5397,0.5437,0.4
W3.0|K120|s99|a0.01,0.5437,0.5652,0.5397,0.5437,0.4
W2.0|K120|s99|a0.05,0.5437,0.5652,0.5397,0.5437,0.4
MLP_s222_a0.05_lr0.0005,0.5437,0.5652,0.4206,0.5437,0.41
MLP_s222_a0.001_lr0.0005,0.5437,0.5652,0.4286,0.5437,0.41
MLP_s131_a0.05_lr0.001,0.5437,0.5652,0.4603,0.5437,0.36
MLP_s236_a0.001_lr0.001,0.5437,0.5652,0.4365,0.5437,0.47
MLP_s123_a0.001_lr0.001,0.5437,0.5652,0.5079,0.5437,0.87
K90|tomek|a0.05|s42,0.5437,0.5652,0.4683,0.5437,0.23
K100|border|a0.05|s13,0.5437,0.5652,0.5238,0.5437,0.44
K90|tomek|a0.001|s42,0.5437,0.5652,0.4762,0.5437,0.21
K90|tomek|a0.01|s42,0.5437,0.5652,0.4921,0.5437,0.22
MLP_s20_a0.001_lr0.0005,0.5437,0.5652,0.4762,0.5437,0.41
MLP_s238_a0.001_lr0.001,0.5437,0.5652,0.5476,0.5437,0.47
MLP_s44_a0.01_lr0.001,0.5437,0.5652,0.4286,0.5437,0.47
MLP_s236_a0.05_lr0.0005,0.5437,0.5652,0.4683,0.5437,0.49
MLP_s238_a0.01_lr0.001,0.5437,0.5652,0.5397,0.5437,0.48
MLP_s44_a0.001_lr0.001,0.5437,0.5652,0.4286,0.5437,0.47
K100|border|a0.01|s13,0.5437,0.5652,0.5238,0.5437,0.44
MLP_s20_a0.05_lr0.0005,0.5437,0.5652,0.4524,0.5437,0.42
K130|tomek|a0.05|s0,0.5437,0.5652,0.4286,0.5437,0.46
MLP_s20_a0.01_lr0.0005,0.5437,0.5652,0.4762,0.5437,0.42
K130|tomek|a0.001|s0,0.5437,0.5652,0.4286,0.5437,0.46
MLP_s196_a0.05_lr0.001,0.5437,0.5652,0.4365,0.5437,0.3
MLP_s108_a0.01_lr0.0005,0.5437,0.5652,0.4683,0.5437,0.42
MLP_s108_a0.05_lr0.0005,0.5437,0.5652,0.4683,0.5437,0.42
MLP_s164_a0.05_lr0.0005,0.5437,0.5652,0.4841,0.5437,0.37
K150|enn|a0.05|s42,0.5437,0.5652,0.5079,0.5437,0.86
K150|enn|a0.01|s42,0.5437,0.5652,0.5079,0.5437,0.86
K150|enn|a0.001|s42,0.5437,0.5652,0.5079,0.5437,0.86
MLP_s147_a0.01_lr0.001,0.5437,0.5652,0.4048,0.5437,0.49
K100|border|a0.001|s13,0.5437,0.5652,0.5238,0.5437,0.44
MLP_s147_a0.05_lr0.001,0.5437,0.5652,0.4127,0.5437,0.51
K130|tomek|a0.01|s0,0.5437,0.5652,0.4206,0.5437,0.46
MLP_s196_a0.01_lr0.001,0.5437,0.5652,0.4286,0.5437,0.28
MLP_s196_a0.001_lr0.001,0.5437,0.5652,0.4206,0.5437,0.29
W2.0|K120|s99|a0.001,0.5437,0.5652,0.5397,0.5437,0.4
W2.0|K120|s99|a0.01,0.5437,0.5652,0.5397,0.5437,0.4
MLP_s284_a0.001_lr0.0005,0.5437,0.5652,0.3968,0.5437,0.41
MLP_s108_a0.001_lr0.0005,0.5437,0.5652,0.4683,0.5437,0.42
MLP_s284_a0.05_lr0.0005,0.5437,0.5652,0.4048,0.5437,0.38
MLP_s254_a0.001_lr0.0005,0.5437,0.5652,0.3968,0.5437,0.47
K200|border|a0.001|s42,0.5437,0.5652,0.4921,0.5437,0.36
K200|smote|a0.05|s99,0.5437,0.5652,0.4841,0.5437,0.45
MLP_s254_a0.001_lr0.001,0.5437,0.5652,0.381,0.5437,0.47
MLP_s254_a0.01_lr0.0005,0.5437,0.5652,0.4048,0.5437,0.48
MLP_s254_a0.05_lr0.0005,0.5437,0.5652,0.4048,0.5437,0.48
K200|smote|a0.01|s99,0.5437,0.5652,0.5159,0.5437,0.48
MLP_s212_a0.001_lr0.001,0.5437,0.5652,0.4921,0.5437,0.34
MLP_s212_a0.05_lr0.001,0.5437,0.5652,0.5,0.5437,0.31
MLP_s116_a0.05_lr0.0005,0.5437,0.5652,0.381,0.5437,0.51
K200|border|a0.05|s42,0.5437,0.5652,0.4921,0.5437,0.35
MLP_s119_a0.01_lr0.001,0.5437,0.5652,0.4921,0.5437,0.51
MLP_s119_a0.001_lr0.001,0.5437,0.5652,0.4762,0.5437,0.51
MLP_s150_a0.05_lr0.0005,0.5437,0.5652,0.4365,0.5437,0.52
MLP_s150_a0.01_lr0.0005,0.5437,0.5652,0.4365,0.5437,0.52
MLP_s150_a0.001_lr0.0005,0.5437,0.5652,0.4365,0.5437,0.52
MLP_s1_a0.01_lr0.0005,0.5437,0.5652,0.4683,0.5437,0.13
MLP_s118_a0.01_lr0.001,0.5217,0.5217,0.4762,0.5476,0.22
MLP_s118_a0.05_lr0.0005,0.5217,0.5217,0.4921,0.5476,0.24
MLP_s118_a0.05_lr0.001,0.5217,0.5217,0.4762,0.5476,0.22
MLP_s118_a0.001_lr0.001,0.5217,0.5217,0.4841,0.5476,0.22
MLP_s176_a0.001_lr0.001,0.5217,0.5217,0.4841,0.5476,0.37
MLP_s277_a0.001_lr0.001,0.5217,0.5217,0.4683,0.5476,0.12
MLP_s31_a0.01_lr0.0005,0.5217,0.5217,0.4524,0.5476,0.12
MLP_s31_a0.05_lr0.0005,0.5217,0.5217,0.4603,0.5476,0.12
K200|smote|a0.01|s42,0.5217,0.5217,0.4921,0.5476,0.11
K150|tomek|a0.01|s13,0.5217,0.5217,0.4603,0.5476,0.17
K150|tomek|a0.05|s13,0.5217,0.5217,0.4206,0.5476,0.24
MLP_s277_a0.01_lr0.001,0.5217,0.5217,0.4762,0.5476,0.17
MLP_s277_a0.05_lr0.0005,0.5217,0.5217,0.4762,0.5476,0.18
MLP_s280_a0.05_lr0.001,0.5217,0.5217,0.4286,0.5476,0.28
K200|smote|a0.001|s42,0.5217,0.5217,0.5,0.5476,0.12
K150|adasyn|a0.001|s99,0.5217,0.5217,0.4444,0.5476,0.36
SM_K100|enn|s76|a0.001,0.5217,0.5217,0.4286,0.5476,0.49
SM_K100|enn|s76|a0.01,0.5217,0.5217,0.4286,0.5476,0.51
SM_K100|enn|s76|a0.05,0.5217,0.5217,0.4365,0.5476,0.49
K150|adasyn|a0.01|s99,0.5217,0.5217,0.4683,0.5476,0.36
K150|tomek|a0.001|s13,0.5217,0.5217,0.4683,0.5476,0.17
K150|border|a0.05|s13,0.5217,0.5217,0.4286,0.5476,0.3
MLP_s127_a0.001_lr0.0005,0.5217,0.5217,0.4762,0.5476,0.43
MLP_s127_a0.01_lr0.0005,0.5217,0.5217,0.4762,0.5476,0.43
MLP_s10_a0.01_lr0.001,0.5217,0.5217,0.3968,0.5476,0.11
K150|border|a0.001|s13,0.5217,0.5217,0.4286,0.5476,0.3
K150|border|a0.01|s13,0.5217,0.5217,0.4286,0.5476,0.3
MLP_s35_a0.001_lr0.0005,0.5217,0.5217,0.4286,0.5476,0.36
MLP_s35_a0.01_lr0.0005,0.5217,0.5217,0.4286,0.5476,0.34
MLP_s35_a0.01_lr0.001,0.5217,0.5217,0.4444,0.5476,0.22
MLP_s35_a0.05_lr0.0005,0.5217,0.5217,0.4206,0.5476,0.34
MLP_s35_a0.05_lr0.001,0.5217,0.5217,0.4365,0.5476,0.24
MLP_s158_a0.05_lr0.001,0.5217,0.5217,0.4841,0.5476,0.42
K60|smote|a0.001|s0,0.5217,0.5217,0.4365,0.5476,0.42
K60|adasyn|a0.001|s76,0.5217,0.5217,0.4603,0.5476,0.41
MLP_s158_a0.001_lr0.001,0.5217,0.5217,0.4841,0.5476,0.42
MLP_s158_a0.01_lr0.001,0.5217,0.5217,0.4762,0.5476,0.42
W2.0|K100|s42|a0.05,0.5217,0.5217,0.4603,0.5476,0.12
K60|smote|a0.05|s0,0.5217,0.5217,0.4365,0.5476,0.41
K60|border|a0.001|s0,0.5217,0.5217,0.4365,0.5476,0.42
K60|border|a0.05|s0,0.5217,0.5217,0.4365,0.5476,0.41
W3.0|K100|s42|a0.05,0.5217,0.5217,0.4603,0.5476,0.12
W4.0|K100|s42|a0.05,0.5217,0.5217,0.4603,0.5476,0.12
MLP_s10_a0.05_lr0.001,0.5217,0.5217,0.3889,0.5476,0.12
W5.0|K100|s42|a0.05,0.5217,0.5217,0.4603,0.5476,0.12
K80|smote|a0.01|s99,0.5217,0.5217,0.4683,0.5476,0.12
K70|tomek|a0.05|s42,0.5217,0.5217,0.4524,0.5476,0.39
MLP_s156_a0.05_lr0.001,0.5217,0.5217,0.5,0.5476,0.23
MLP_s204_a0.001_lr0.0005,0.5217,0.5217,0.4762,0.5476,0.2
MLP_s204_a0.01_lr0.0005,0.5217,0.5217,0.4206,0.5476,0.4
MLP_s204_a0.05_lr0.0005,0.5217,0.5217,0.4206,0.5476,0.4
MLP_s136_a0.001_lr0.0005,0.5217,0.5217,0.4206,0.5476,0.31
K80|enn|a0.001|s0,0.5217,0.5217,0.5635,0.5476,0.89
K80|border|a0.05|s0,0.5217,0.5217,0.4524,0.5476,0.28
W6.0|K100|s42|a0.05,0.5217,0.5217,0.4603,0.5476,0.12
MLP_s136_a0.01_lr0.0005,0.5217,0.5217,0.4206,0.5476,0.31
SM_K150|smote|s76|a0.001,0.5217,0.5217,0.4683,0.5476,0.15
MLP_s261_a0.001_lr0.001,0.5217,0.5217,0.4127,0.5476,0.23
SM_K150|enn|s42|a0.05,0.5217,0.5217,0.4683,0.5476,0.74
SM_K150|enn|s42|a0.01,0.5217,0.5217,0.4683,0.5476,0.75
SM_K150|enn|s42|a0.001,0.5217,0.5217,0.4683,0.5476,0.74
MLP_s75_a0.01_lr0.0005,0.5208,0.5652,0.3651,0.5238,0.47
MLP_s64_a0.001_lr0.001,0.5208,0.5652,0.5079,0.5238,0.46
MLP_s224_a0.01_lr0.0005,0.5208,0.5652,0.4048,0.5238,0.52
MLP_s224_a0.01_lr0.001,0.5208,0.5652,0.4762,0.5238,0.52
MLP_s75_a0.001_lr0.001,0.5208,0.5652,0.381,0.5238,0.47
MLP_s75_a0.001_lr0.0005,0.5208,0.5652,0.3492,0.5238,0.47
SM_K120|border|s42|a0.05,0.5208,0.5652,0.3968,0.5238,0.46
MLP_s75_a0.05_lr0.001,0.5208,0.5652,0.3571,0.5238,0.47
MLP_s75_a0.05_lr0.0005,0.5208,0.5652,0.3571,0.5238,0.47
MLP_s75_a0.01_lr0.001,0.5208,0.5652,0.373,0.5238,0.47
MLP_s55_a0.01_lr0.0005,0.5208,0.5652,0.4841,0.5238,0.52
MLP_s224_a0.001_lr0.0005,0.5208,0.5652,0.4048,0.5238,0.52
MLP_s170_a0.01_lr0.0005,0.5208,0.5652,0.5556,0.5238,0.48
MLP_s170_a0.001_lr0.0005,0.5208,0.5652,0.5476,0.5238,0.48
MLP_s224_a0.05_lr0.001,0.5208,0.5652,0.4841,0.5238,0.52
MLP_s224_a0.05_lr0.0005,0.5208,0.5652,0.4048,0.5238,0.52
K90|border|a0.001|s0,0.5208,0.5652,0.4048,0.5238,0.52
MLP_s55_a0.05_lr0.0005,0.5208,0.5652,0.4921,0.5238,0.52
K80|enn|a0.01|s42,0.5208,0.5652,0.4841,0.5238,0.79
K80|enn|a0.05|s42,0.5208,0.5652,0.4921,0.5238,0.78
K90|border|a0.01|s0,0.5208,0.5652,0.4048,0.5238,0.52
K90|border|a0.05|s0,0.5208,0.5652,0.4048,0.5238,0.52
MLP_s224_a0.001_lr0.001,0.5208,0.5652,0.4762,0.5238,0.52
MLP_s264_a0.05_lr0.001,0.5208,0.5652,0.4683,0.5238,0.47
MLP_s264_a0.01_lr0.001,0.5208,0.5652,0.4683,0.5238,0.49
MLP_s264_a0.001_lr0.001,0.5208,0.5652,0.4603,0.5238,0.39
MLP_s235_a0.05_lr0.001,0.5208,0.5652,0.4841,0.5238,0.51
MLP_s235_a0.01_lr0.001,0.5208,0.5652,0.4921,0.5238,0.5
MLP_s264_a0.001_lr0.0005,0.5208,0.5652,0.4841,0.5238,0.38
K80|border|a0.01|s0,0.5208,0.5652,0.4444,0.5238,0.53
MLP_s55_a0.001_lr0.0005,0.5208,0.5652,0.4841,0.5238,0.52
MLP_s173_a0.001_lr0.001,0.5208,0.5652,0.4603,0.5238,0.42
K80|enn|a0.001|s42,0.5208,0.5652,0.4841,0.5238,0.79
K90|adasyn|a0.01|s99,0.5208,0.5652,0.4444,0.5238,0.45
SM_K80|enn|s42|a0.01,0.5208,0.5652,0.4048,0.5238,0.64
SM_K80|enn|s42|a0.001,0.5208,0.5652,0.4048,0.5238,0.65
SM_K80|enn|s76|a0.001,0.5208,0.5652,0.3571,0.5238,0.66
SM_K80|enn|s42|a0.05,0.5208,0.5652,0.4048,0.5238,0.65
MLP_s235_a0.001_lr0.001,0.5208,0.5652,0.4841,0.5238,0.51
MLP_s132_a0.001_lr0.0005,0.5208,0.5652,0.381,0.5238,0.4
MLP_s45_a0.05_lr0.0005,0.5208,0.5652,0.4762,0.5238,0.42
SM_K100|smote|s13|a0.05,0.5208,0.5652,0.381,0.5238,0.46
SM_K80|enn|s76|a0.01,0.5208,0.5652,0.3571,0.5238,0.66
MLP_s132_a0.01_lr0.0005,0.5208,0.5652,0.4048,0.5238,0.42
K80|border|a0.001|s0,0.5208,0.5652,0.4444,0.5238,0.53
MLP_s163_a0.001_lr0.0005,0.5208,0.5652,0.4286,0.5238,0.53
MLP_s163_a0.05_lr0.0005,0.5208,0.5652,0.4365,0.5238,0.54
MLP_s27_a0.05_lr0.001,0.5208,0.5652,0.4048,0.5238,0.5
MLP_s167_a0.01_lr0.001,0.5208,0.5652,0.4921,0.5238,0.68
K70|adasyn|a0.001|s99,0.5208,0.5652,0.5079,0.5238,0.44
K70|adasyn|a0.05|s99,0.5208,0.5652,0.5079,0.5238,0.44
K70|enn|a0.001|s99,0.5208,0.5652,0.4841,0.5238,0.5
K70|enn|a0.01|s99,0.5208,0.5652,0.4841,0.5238,0.5
MLP_s179_a0.05_lr0.001,0.5208,0.5652,0.4603,0.5238,0.54
MLP_s150_a0.001_lr0.001,0.5208,0.5652,0.4841,0.5238,0.67
MLP_s150_a0.01_lr0.001,0.5208,0.5652,0.4762,0.5238,0.68
MLP_s212_a0.01_lr0.001,0.5208,0.5652,0.4841,0.5238,0.47
MLP_s73_a0.05_lr0.0005,0.5208,0.5652,0.3492,0.5238,0.51
MLP_s150_a0.05_lr0.001,0.5208,0.5652,0.4762,0.5238,0.67
SM_K120|border|s42|a0.01,0.5208,0.5652,0.4048,0.5238,0.46
MLP_s27_a0.001_lr0.001,0.5208,0.5652,0.4206,0.5238,0.52
MLP_s27_a0.01_lr0.001,0.5208,0.5652,0.4206,0.5238,0.5
MLP_s27_a0.001_lr0.0005,0.5208,0.5652,0.4048,0.5238,0.54
MLP_s82_a0.01_lr0.001,0.5208,0.5652,0.3889,0.5238,0.47
MLP_s82_a0.001_lr0.001,0.5208,0.5652,0.3889,0.5238,0.47
MLP_s283_a0.05_lr0.001,0.5208,0.5652,0.4286,0.5238,0.47
MLP_s283_a0.001_lr0.001,0.5208,0.5652,0.4206,0.5238,0.48
MLP_s283_a0.01_lr0.001,0.5208,0.5652,0.4206,0.5238,0.47
MLP_s41_a0.01_lr0.001,0.5208,0.5652,0.4444,0.5238,0.47
MLP_s41_a0.05_lr0.001,0.5208,0.5652,0.4286,0.5238,0.47
MLP_s244_a0.01_lr0.001,0.5208,0.5652,0.4762,0.5238,0.53
MLP_s244_a0.05_lr0.001,0.5208,0.5652,0.4841,0.5238,0.53
MLP_s126_a0.001_lr0.0005,0.5208,0.5652,0.5,0.5238,0.39
K150|smote|a0.01|s99,0.5208,0.5652,0.4683,0.5238,0.38
SM_K100|enn|s0|a0.001,0.5208,0.5652,0.4048,0.5238,0.62
MLP_s104_a0.05_lr0.001,0.5208,0.5652,0.4127,0.5238,0.51
MLP_s33_a0.01_lr0.001,0.5208,0.5652,0.4365,0.5238,0.52
MLP_s33_a0.05_lr0.001,0.5208,0.5652,0.4365,0.5238,0.52
MLP_s33_a0.001_lr0.001,0.5208,0.5652,0.4286,0.5238,0.52
SM_K100|enn|s0|a0.05,0.5208,0.5652,0.3889,0.5238,0.61
SM_K100|enn|s0|a0.01,0.5208,0.5652,0.4048,0.5238,0.62
MLP_s173_a0.01_lr0.001,0.5208,0.5652,0.4841,0.5238,0.42
SM_K80|enn|s99|a0.05,0.5208,0.5652,0.4048,0.5238,0.74
SM_K100|smote|s13|a0.001,0.5208,0.5652,0.381,0.5238,0.46
SM_K100|smote|s13|a0.01,0.5208,0.5652,0.381,0.5238,0.46
K110|tomek|a0.01|s42,0.5208,0.5652,0.3968,0.5238,0.49
MLP_s62_a0.05_lr0.0005,0.5208,0.5652,0.4444,0.5238,0.36
MLP_s186_a0.05_lr0.0005,0.5208,0.5652,0.5079,0.5238,0.47
MLP_s186_a0.01_lr0.0005,0.5208,0.5652,0.5079,0.5238,0.47
MLP_s180_a0.01_lr0.001,0.5208,0.5652,0.4524,0.5238,0.53
MLP_s186_a0.001_lr0.0005,0.5208,0.5652,0.5079,0.5238,0.47
K60|adasyn|a0.001|s0,0.5208,0.5652,0.4444,0.5238,0.66
MLP_s299_a0.05_lr0.0005,0.5208,0.5652,0.4127,0.5238,0.49
MLP_s299_a0.001_lr0.0005,0.5208,0.5652,0.4127,0.5238,0.5
MLP_s179_a0.01_lr0.001,0.5208,0.5652,0.4603,0.5238,0.54
SM_K80|enn|s99|a0.01,0.5208,0.5652,0.4127,0.5238,0.74
SM_K80|enn|s99|a0.001,0.5208,0.5652,0.4127,0.5238,0.74
SM_K80|enn|s76|a0.05,0.5208,0.5652,0.3571,0.5238,0.65
MLP_s145_a0.01_lr0.0005,0.5208,0.5652,0.4524,0.5238,0.53
K150|smote|a0.001|s99,0.5208,0.5652,0.4683,0.5238,0.38
MLP_s147_a0.001_lr0.001,0.5208,0.5652,0.4048,0.5238,0.5
MLP_s145_a0.001_lr0.0005,0.5208,0.5652,0.4524,0.5238,0.53
MLP_s145_a0.05_lr0.0005,0.5208,0.5652,0.4524,0.5238,0.53
MLP_s104_a0.001_lr0.001,0.5208,0.5652,0.4127,0.5238,0.51
MLP_s104_a0.001_lr0.0005,0.5208,0.5652,0.4286,0.5238,0.51
MLP_s104_a0.01_lr0.0005,0.5208,0.5652,0.4206,0.5238,0.51
K150|smote|a0.05|s99,0.5208,0.5652,0.4444,0.5238,0.39
MLP_s41_a0.001_lr0.001,0.5208,0.5652,0.4365,0.5238,0.47
MLP_s292_a0.001_lr0.001,0.5208,0.5652,0.3968,0.5238,0.51
MLP_s292_a0.01_lr0.001,0.5208,0.5652,0.3968,0.5238,0.51
MLP_s28_a0.05_lr0.001,0.5208,0.5652,0.3968,0.5238,0.53
K110|tomek|a0.001|s42,0.5208,0.5652,0.3968,0.5238,0.49
SM_K120|border|s42|a0.001,0.5208,0.5652,0.4048,0.5238,0.46
MLP_s82_a0.05_lr0.001,0.5208,0.5652,0.3968,0.5238,0.47
MLP_s126_a0.01_lr0.0005,0.5208,0.5652,0.4762,0.5238,0.41
MLP_s104_a0.01_lr0.001,0.5208,0.5652,0.4127,0.5238,0.51
MLP_s247_a0.01_lr0.001,0.5208,0.5652,0.5159,0.5238,0.83
MLP_s247_a0.001_lr0.001,0.5208,0.5652,0.5,0.5238,0.76
MLP_s104_a0.05_lr0.0005,0.5208,0.5652,0.4127,0.5238,0.51
K60|adasyn|a0.01|s0,0.5181,0.5217,0.4444,0.5278,0.17
MLP_s133_a0.001_lr0.001,0.5181,0.5217,0.3651,0.5278,0.28
K70|smote|a0.05|s13,0.5181,0.5217,0.4206,0.5675,0.16
K80|smote|a0.001|s42,0.5181,0.5217,0.4206,0.5278,0.23
MLP_s53_a0.001_lr0.0005,0.5181,0.5217,0.4286,0.5278,0.28
MLP_s233_a0.01_lr0.001,0.5181,0.5217,0.3968,0.5675,0.1
MLP_s233_a0.001_lr0.001,0.5181,0.5217,0.3968,0.5675,0.1
K70|smote|a0.001|s13,0.5181,0.5217,0.4127,0.5675,0.15
K70|smote|a0.01|s13,0.5181,0.5217,0.4206,0.5675,0.15
K70|adasyn|a0.05|s0,0.5181,0.5217,0.4683,0.5675,0.1
K70|adasyn|a0.01|s0,0.5181,0.5217,0.4762,0.5675,0.1
W3.0|K120|s42|a0.001,0.5181,0.5217,0.5397,0.5675,0.43
W5.0|K120|s42|a0.001,0.5181,0.5217,0.5397,0.5675,0.43
MLP_s77_a0.001_lr0.0005,0.5181,0.5217,0.3968,0.5278,0.1
MLP_s65_a0.05_lr0.0005,0.5181,0.5217,0.4524,0.5278,0.43
MLP_s65_a0.01_lr0.0005,0.5181,0.5217,0.4524,0.5278,0.43
MLP_s25_a0.001_lr0.001,0.5181,0.5217,0.4683,0.5278,0.1
SM_K150|enn|s76|a0.001,0.5181,0.5217,0.4127,0.5278,0.54
SM_K150|enn|s76|a0.01,0.5181,0.5217,0.4127,0.5278,0.54
W5.0|K120|s42|a0.01,0.5181,0.5217,0.5397,0.5675,0.43
MLP_s65_a0.001_lr0.0005,0.5181,0.5217,0.4603,0.5278,0.43
MLP_s90_a0.001_lr0.0005,0.5181,0.5217,0.3968,0.5278,0.27
MLP_s90_a0.01_lr0.0005,0.5181,0.5217,0.3968,0.5278,0.26
MLP_s233_a0.05_lr0.001,0.5181,0.5217,0.3889,0.5675,0.1
K60|adasyn|a0.05|s0,0.5181,0.5217,0.4444,0.5278,0.18
K70|border|a0.001|s13,0.5181,0.5217,0.4127,0.5278,0.3
K70|border|a0.05|s13,0.5181,0.5217,0.4127,0.5278,0.3
MLP_s136_a0.05_lr0.0005,0.5181,0.5217,0.4206,0.5675,0.3
K80|smote|a0.05|s42,0.5181,0.5217,0.4286,0.5278,0.22
MLP_s53_a0.01_lr0.0005,0.5181,0.5217,0.4048,0.5278,0.28
MLP_s90_a0.05_lr0.0005,0.5181,0.5217,0.3889,0.5278,0.26
W5.0|K120|s42|a0.05,0.5181,0.5217,0.5397,0.5675,0.43
W6.0|K120|s42|a0.001,0.5181,0.5217,0.5397,0.5675,0.43
W6.0|K120|s42|a0.01,0.5181,0.5217,0.5397,0.5675,0.43
W6.0|K120|s42|a0.05,0.5181,0.5217,0.5397,0.5675,0.43
K80|smote|a0.01|s42,0.5181,0.5217,0.4286,0.5278,0.22
W4.0|K120|s42|a0.05,0.5181,0.5217,0.5397,0.5675,0.43
MLP_s118_a0.001_lr0.0005,0.5181,0.5217,0.4762,0.5278,0.25
W2.0|K80|s13|a0.01,0.5181,0.5217,0.4444,0.5278,0.32
MLP_s25_a0.05_lr0.001,0.5181,0.5217,0.4603,0.5278,0.1
W2.0|K80|s13|a0.05,0.5181,0.5217,0.4365,0.5278,0.31
W2.0|K80|s13|a0.001,0.5181,0.5217,0.4524,0.5278,0.32
K70|adasyn|a0.001|s0,0.5181,0.5217,0.4762,0.5278,0.15
MLP_s130_a0.05_lr0.001,0.5181,0.5217,0.4762,0.5278,0.1
MLP_s127_a0.001_lr0.001,0.5181,0.5217,0.4683,0.5278,0.23
W2.0|K120|s42|a0.001,0.5181,0.5217,0.5397,0.5675,0.43
W2.0|K120|s42|a0.01,0.5181,0.5217,0.5397,0.5675,0.43
K150|adasyn|a0.01|s13,0.5181,0.5217,0.4524,0.5675,0.23
MLP_s33_a0.001_lr0.0005,0.5181,0.5217,0.4683,0.5278,0.52
MLP_s277_a0.01_lr0.0005,0.5181,0.5217,0.4762,0.5675,0.1
K90|adasyn|a0.05|s99,0.5181,0.5217,0.4365,0.5278,0.34
MLP_s41_a0.05_lr0.0005,0.5181,0.5217,0.4206,0.5278,0.34
MLP_s41_a0.01_lr0.0005,0.5181,0.5217,0.4206,0.5278,0.34
W4.0|K80|s13|a0.01,0.5181,0.5217,0.4444,0.5278,0.32
W4.0|K80|s13|a0.05,0.5181,0.5217,0.4365,0.5278,0.31
W6.0|K80|s13|a0.05,0.5181,0.5217,0.4365,0.5278,0.31
W6.0|K80|s13|a0.01,0.5181,0.5217,0.4444,0.5278,0.32
W6.0|K80|s13|a0.001,0.5181,0.5217,0.4524,0.5278,0.32
W4.0|K80|s13|a0.001,0.5181,0.5217,0.4524,0.5278,0.32
MLP_s153_a0.05_lr0.001,0.5181,0.5217,0.4365,0.5278,0.2
MLP_s185_a0.05_lr0.0005,0.5181,0.5217,0.3571,0.5278,0.29
MLP_s185_a0.05_lr0.001,0.5181,0.5217,0.3492,0.5278,0.29
MLP_s185_a0.01_lr0.0005,0.5181,0.5217,0.373,0.5278,0.33
MLP_s185_a0.001_lr0.001,0.5181,0.5217,0.3651,0.5278,0.29
MLP_s185_a0.01_lr0.001,0.5181,0.5217,0.3571,0.5278,0.29
W4.0|K120|s42|a0.001,0.5181,0.5217,0.5397,0.5675,0.43
W3.0|K120|s42|a0.05,0.5181,0.5217,0.5397,0.5675,0.43
W3.0|K80|s13|a0.01,0.5181,0.5217,0.4444,0.5278,0.32
MLP_s153_a0.01_lr0.001,0.5181,0.5217,0.4206,0.5278,0.18
W4.0|K120|s42|a0.01,0.5181,0.5217,0.5397,0.5675,0.43
W3.0|K80|s13|a0.001,0.5181,0.5217,0.4524,0.5278,0.32
MLP_s30_a0.01_lr0.001,0.5181,0.5217,0.4444,0.5278,0.27
W3.0|K80|s13|a0.05,0.5181,0.5217,0.4365,0.5278,0.31
MLP_s277_a0.001_lr0.0005,0.5181,0.5217,0.4683,0.5675,0.1
W3.0|K120|s42|a0.01,0.5181,0.5217,0.5397,0.5675,0.43
K150|smote|a0.01|s42,0.5181,0.5217,0.3889,0.5278,0.17
W2.0|K120|s42|a0.05,0.5181,0.5217,0.5397,0.5675,0.43
MLP_s142_a0.001_lr0.001,0.5181,0.5217,0.4524,0.5278,0.3
MLP_s142_a0.05_lr0.001,0.5181,0.5217,0.4603,0.5278,0.28
W5.0|K80|s13|a0.01,0.5181,0.5217,0.4444,0.5278,0.32
W5.0|K80|s13|a0.05,0.5181,0.5217,0.4365,0.5278,0.31
K150|adasyn|a0.001|s13,0.5181,0.5217,0.4524,0.5675,0.23
K150|smote|a0.001|s42,0.5181,0.5217,0.381,0.5278,0.16
K150|adasyn|a0.05|s13,0.5181,0.5217,0.4524,0.5675,0.23
W5.0|K80|s13|a0.001,0.5181,0.5217,0.4524,0.5278,0.32
MLP_s41_a0.001_lr0.0005,0.5181,0.5217,0.4206,0.5278,0.34
MLP_s105_a0.05_lr0.001,0.5181,0.5217,0.4524,0.5278,0.34
MLP_s176_a0.01_lr0.001,0.5181,0.5217,0.4762,0.5278,0.37
K150|smote|a0.05|s42,0.5181,0.5217,0.3889,0.5278,0.18
MLP_s287_a0.001_lr0.0005,0.5181,0.5217,0.4603,0.5278,0.13
MLP_s105_a0.001_lr0.001,0.5181,0.5217,0.4524,0.5278,0.34
MLP_s188_a0.05_lr0.001,0.5181,0.5217,0.373,0.5278,0.18
MLP_s188_a0.05_lr0.0005,0.5181,0.5217,0.3651,0.5278,0.2
MLP_s188_a0.01_lr0.001,0.5181,0.5217,0.3889,0.5278,0.17
MLP_s188_a0.01_lr0.0005,0.5181,0.5217,0.3651,0.5278,0.2
MLP_s188_a0.001_lr0.0005,0.5181,0.5217,0.3651,0.5278,0.2
MLP_s27_a0.01_lr0.0005,0.5181,0.5217,0.4048,0.5278,0.24
SM_K150|enn|s76|a0.05,0.5181,0.5217,0.4206,0.5278,0.54
MLP_s25_a0.01_lr0.001,0.5181,0.5217,0.4683,0.5278,0.1
MLP_s105_a0.01_lr0.001,0.5181,0.5217,0.4524,0.5278,0.34
MLP_s261_a0.01_lr0.0005,0.5181,0.5217,0.3968,0.5278,0.31
MLP_s261_a0.001_lr0.0005,0.5181,0.5217,0.3889,0.5278,0.31
MLP_s77_a0.01_lr0.0005,0.5181,0.5217,0.4048,0.5278,0.1
MLP_s261_a0.01_lr0.001,0.5181,0.5217,0.4365,0.5278,0.32
MLP_s261_a0.05_lr0.001,0.5181,0.5217,0.4127,0.5278,0.29
MLP_s261_a0.05_lr0.0005,0.5181,0.5217,0.3889,0.5278,0.3
MLP_s1_a0.05_lr0.001,0.5181,0.5217,0.4524,0.5278,0.1
MLP_s4_a0.05_lr0.001,0.5175,0.6087,0.4206,0.5397,0.89
MLP_s4_a0.01_lr0.001,0.5175,0.6087,0.4206,0.5397,0.88
MLP_s4_a0.001_lr0.001,0.5175,0.6087,0.4206,0.5397,0.87
MLP_s4_a0.001_lr0.0005,0.5175,0.6087,0.4206,0.5397,0.83
MLP_s77_a0.01_lr0.001,0.5175,0.6087,0.4127,0.5397,0.47
MLP_s285_a0.05_lr0.0005,0.5175,0.6087,0.4524,0.5397,0.52
MLP_s141_a0.05_lr0.0005,0.5175,0.6087,0.4683,0.5397,0.64
MLP_s141_a0.01_lr0.0005,0.5175,0.6087,0.4683,0.5397,0.64
MLP_s71_a0.01_lr0.001,0.5175,0.6087,0.4444,0.5397,0.89
MLP_s196_a0.05_lr0.0005,0.5175,0.6087,0.4524,0.5397,0.52
MLP_s196_a0.01_lr0.0005,0.5175,0.6087,0.4444,0.5397,0.52
MLP_s196_a0.001_lr0.0005,0.5175,0.6087,0.4524,0.5397,0.52
MLP_s176_a0.05_lr0.0005,0.5175,0.6087,0.4524,0.5397,0.52
MLP_s292_a0.05_lr0.001,0.5175,0.6087,0.4127,0.5397,0.52
MLP_s285_a0.01_lr0.0005,0.5175,0.6087,0.4365,0.5397,0.5
MLP_s285_a0.001_lr0.0005,0.5175,0.6087,0.4365,0.5397,0.5
MLP_s241_a0.05_lr0.0005,0.5175,0.6087,0.3889,0.5397,0.58
MLP_s241_a0.01_lr0.0005,0.5175,0.6087,0.3968,0.5397,0.58
MLP_s241_a0.001_lr0.0005,0.5175,0.6087,0.3968,0.5397,0.58
MLP_s101_a0.01_lr0.001,0.5175,0.6087,0.4127,0.5397,0.79
MLP_s101_a0.01_lr0.0005,0.5175,0.6087,0.4524,0.5397,0.75
MLP_s254_a0.05_lr0.001,0.5175,0.6087,0.4683,0.5397,0.56
MLP_s254_a0.01_lr0.001,0.5175,0.6087,0.4603,0.5397,0.58
MLP_s176_a0.01_lr0.0005,0.5175,0.6087,0.4365,0.5397,0.56
MLP_s176_a0.001_lr0.0005,0.5175,0.6087,0.4286,0.5397,0.56
K200|smote|a0.05|s42,0.5175,0.6087,0.4921,0.5397,0.76
MLP_s101_a0.05_lr0.001,0.5175,0.6087,0.4286,0.5397,0.79
MLP_s141_a0.001_lr0.0005,0.5175,0.6087,0.4683,0.5397,0.64
MLP_s59_a0.01_lr0.001,0.5175,0.6087,0.4286,0.5397,0.62
MLP_s59_a0.01_lr0.0005,0.5175,0.6087,0.4286,0.5397,0.64
MLP_s59_a0.001_lr0.001,0.5175,0.6087,0.4206,0.5397,0.6
MLP_s59_a0.001_lr0.0005,0.5175,0.6087,0.4286,0.5397,0.64
MLP_s59_a0.05_lr0.001,0.5175,0.6087,0.4206,0.5397,0.61
MLP_s59_a0.05_lr0.0005,0.5175,0.6087,0.4286,0.5397,0.65
MLP_s89_a0.001_lr0.0005,0.5175,0.6087,0.4365,0.5397,0.55
MLP_s299_a0.01_lr0.0005,0.5175,0.6087,0.4127,0.5397,0.57
MLP_s47_a0.05_lr0.0005,0.5175,0.6087,0.4524,0.5397,0.49
MLP_s47_a0.01_lr0.0005,0.5175,0.6087,0.4524,0.5397,0.49
MLP_s47_a0.001_lr0.0005,0.5175,0.6087,0.4524,0.5397,0.49
MLP_s101_a0.05_lr0.0005,0.5175,0.6087,0.4683,0.5397,0.75
MLP_s101_a0.001_lr0.001,0.5175,0.6087,0.4127,0.5397,0.8
MLP_s101_a0.001_lr0.0005,0.5175,0.6087,0.4762,0.5397,0.76
K70|border|a0.01|s76,0.5175,0.6087,0.373,0.5397,0.5
K70|border|a0.001|s76,0.5175,0.6087,0.373,0.5397,0.5
K70|border|a0.05|s76,0.5175,0.6087,0.373,0.5397,0.5
MLP_s28_a0.001_lr0.0005,0.5175,0.6087,0.3889,0.5397,0.64
MLP_s171_a0.05_lr0.001,0.5175,0.6087,0.4127,0.5397,0.49
K80|tomek|a0.05|s42,0.5175,0.6087,0.4127,0.5397,0.6
K80|tomek|a0.01|s42,0.5175,0.6087,0.4048,0.5397,0.6
K80|tomek|a0.001|s42,0.5175,0.6087,0.4048,0.5397,0.6
K80|tomek|a0.001|s76,0.5175,0.6087,0.373,0.5397,0.5
MLP_s14_a0.05_lr0.0005,0.5175,0.6087,0.4127,0.5397,0.52
MLP_s14_a0.01_lr0.0005,0.5175,0.6087,0.4127,0.5397,0.52
MLP_s14_a0.001_lr0.0005,0.5175,0.6087,0.4127,0.5397,0.52
MLP_s28_a0.05_lr0.0005,0.5175,0.6087,0.381,0.5397,0.62
MLP_s28_a0.01_lr0.001,0.5175,0.6087,0.381,0.5397,0.75
MLP_s28_a0.01_lr0.0005,0.5175,0.6087,0.3889,0.5397,0.63
MLP_s28_a0.001_lr0.001,0.5175,0.6087,0.4048,0.5397,0.79
SM_K150|enn|s0|a0.001,0.5175,0.6087,0.3651,0.5397,0.5
SM_K150|enn|s0|a0.05,0.5175,0.6087,0.3571,0.5397,0.5
K80|tomek|a0.05|s76,0.5175,0.6087,0.373,0.5397,0.5
MLP_s171_a0.01_lr0.001,0.5175,0.6087,0.4127,0.5397,0.49
MLP_s171_a0.001_lr0.001,0.5175,0.6087,0.4127,0.5397,0.49
MLP_s77_a0.001_lr0.001,0.5175,0.6087,0.4048,0.5397,0.47
MLP_s77_a0.05_lr0.001,0.5175,0.6087,0.4048,0.5397,0.47
SM_K150|enn|s0|a0.01,0.5175,0.6087,0.3651,0.5397,0.5
SM_K120|enn|s13|a0.001,0.5068,0.5217,0.4683,0.5873,0.57
MLP_s106_a0.05_lr0.0005,0.5068,0.5217,0.4921,0.5079,0.21
MLP_s275_a0.01_lr0.001,0.5068,0.5217,0.4841,0.5079,0.59
MLP_s123_a0.05_lr0.001,0.5068,0.5217,0.4841,0.5079,0.8
MLP_s284_a0.05_lr0.001,0.5068,0.5217,0.3492,0.5079,0.32
MLP_s284_a0.01_lr0.0005,0.5068,0.5217,0.381,0.5079,0.4
MLP_s123_a0.01_lr0.001,0.5068,0.5217,0.4921,0.5079,0.85
K60|adasyn|a0.001|s13,0.5068,0.5217,0.4206,0.5079,0.45
MLP_s130_a0.01_lr0.001,0.5068,0.5217,0.4683,0.5079,0.1
MLP_s176_a0.05_lr0.001,0.5068,0.5217,0.4683,0.5079,0.4
MLP_s106_a0.01_lr0.0005,0.5068,0.5217,0.4762,0.5079,0.22
MLP_s284_a0.001_lr0.001,0.5068,0.5217,0.3571,0.5079,0.32
K120|tomek|a0.05|s42,0.5068,0.5217,0.4524,0.5873,0.35
MLP_s197_a0.01_lr0.001,0.5068,0.5217,0.3571,0.5079,0.45
MLP_s116_a0.001_lr0.0005,0.5068,0.5217,0.373,0.5079,0.52
MLP_s116_a0.01_lr0.0005,0.5068,0.5217,0.373,0.5079,0.52
SM_K120|enn|s13|a0.05,0.5068,0.5217,0.4603,0.5873,0.57
MLP_s181_a0.001_lr0.0005,0.5068,0.5217,0.4444,0.5079,0.41
MLP_s30_a0.05_lr0.001,0.5068,0.5217,0.4524,0.5079,0.3
MLP_s130_a0.001_lr0.001,0.5068,0.5217,0.4762,0.5079,0.11
K60|adasyn|a0.01|s13,0.5068,0.5217,0.4206,0.5079,0.45
MLP_s133_a0.01_lr0.001,0.5068,0.5217,0.373,0.5079,0.34
MLP_s82_a0.01_lr0.0005,0.5068,0.5217,0.4048,0.5079,0.47
MLP_s82_a0.001_lr0.0005,0.5068,0.5217,0.4048,0.5079,0.47
MLP_s82_a0.05_lr0.0005,0.5068,0.5217,0.4048,0.5079,0.47
MLP_s30_a0.001_lr0.001,0.5068,0.5217,0.4286,0.5079,0.29
K90|adasyn|a0.001|s99,0.5068,0.5217,0.4048,0.5079,0.37
SM_K150|smote|s76|a0.01,0.5068,0.5217,0.4524,0.5873,0.1
MLP_s5_a0.001_lr0.001,0.5068,0.5217,0.4603,0.5079,0.37
SM_K150|smote|s76|a0.05,0.5068,0.5217,0.4762,0.5873,0.1
K120|tomek|a0.001|s42,0.5068,0.5217,0.4762,0.5873,0.35
MLP_s53_a0.05_lr0.0005,0.5068,0.5217,0.3889,0.5079,0.28
K120|smote|a0.05|s0,0.5068,0.5217,0.4048,0.5079,0.44
SM_K120|enn|s13|a0.01,0.5068,0.5217,0.4683,0.5873,0.57
MLP_s27_a0.05_lr0.0005,0.5068,0.5217,0.4127,0.5079,0.46
MLP_s22_a0.001_lr0.0005,0.5068,0.5217,0.3889,0.5079,0.37
K120|smote|a0.01|s0,0.5068,0.5217,0.4048,0.5079,0.44
MLP_s197_a0.001_lr0.001,0.5068,0.5217,0.3571,0.5079,0.45
K120|smote|a0.001|s0,0.5068,0.5217,0.4048,0.5079,0.44
MLP_s112_a0.001_lr0.0005,0.4889,0.6522,0.381,0.5556,0.87
MLP_s112_a0.05_lr0.001,0.4889,0.6522,0.3889,0.5556,0.7
MLP_s112_a0.001_lr0.001,0.4889,0.6522,0.4127,0.5556,0.69
MLP_s112_a0.05_lr0.0005,0.4889,0.6522,0.381,0.5556,0.86
MLP_s112_a0.01_lr0.0005,0.4889,0.6522,0.381,0.5556,0.87
MLP_s61_a0.05_lr0.0005,0.4889,0.6522,0.3413,0.5556,0.56
MLP_s61_a0.05_lr0.001,0.4889,0.6522,0.4365,0.5556,0.59
K110|border|a0.001|s42,0.4889,0.6522,0.3571,0.5556,0.56
K110|border|a0.01|s42,0.4889,0.6522,0.3571,0.5556,0.56
K110|border|a0.05|s42,0.4889,0.6522,0.3571,0.5556,0.56
K70|tomek|a0.001|s42,0.4889,0.6522,0.4524,0.5556,0.62
K70|tomek|a0.001|s99,0.4889,0.6522,0.4365,0.5556,0.54
K150|adasyn|a0.05|s99,0.4889,0.6522,0.4444,0.5556,0.68
K70|tomek|a0.01|s42,0.4889,0.6522,0.4524,0.5556,0.62
K70|tomek|a0.05|s99,0.4889,0.6522,0.4365,0.5556,0.54
MLP_s241_a0.01_lr0.001,0.4889,0.6522,0.3889,0.5556,0.62
MLP_s241_a0.05_lr0.001,0.4889,0.6522,0.3968,0.5556,0.62
MLP_s130_a0.01_lr0.0005,0.4889,0.6522,0.4048,0.5556,0.6
MLP_s180_a0.05_lr0.001,0.4889,0.6522,0.4603,0.5556,0.59
MLP_s180_a0.001_lr0.001,0.4889,0.6522,0.4365,0.5556,0.59
K70|tomek|a0.01|s99,0.4889,0.6522,0.4127,0.5556,0.55
MLP_s241_a0.001_lr0.001,0.4889,0.6522,0.3889,0.5556,0.62
K130|smote|a0.05|s0,0.4889,0.6522,0.3333,0.5556,0.73
K130|smote|a0.01|s0,0.4889,0.6522,0.3492,0.5556,0.73
K130|border|a0.01|s0,0.4889,0.6522,0.373,0.5556,0.61
MLP_s155_a0.001_lr0.0005,0.4889,0.6522,0.3889,0.5556,0.59
MLP_s155_a0.01_lr0.0005,0.4889,0.6522,0.3889,0.5556,0.59
MLP_s155_a0.05_lr0.0005,0.4889,0.6522,0.3889,0.5556,0.59
MLP_s61_a0.001_lr0.001,0.4889,0.6522,0.4286,0.5556,0.58
MLP_s61_a0.001_lr0.0005,0.4889,0.6522,0.3413,0.5556,0.56
MLP_s61_a0.01_lr0.0005,0.4889,0.6522,0.3413,0.5556,0.56
K130|border|a0.001|s0,0.4889,0.6522,0.373,0.5556,0.61
K130|border|a0.05|s0,0.4889,0.6522,0.373,0.5556,0.61
K130|smote|a0.001|s0,0.4889,0.6522,0.3492,0.5556,0.73
SM_K150|border|s76|a0.05,0.4889,0.6522,0.3889,0.5556,0.79
SM_K150|border|s76|a0.01,0.4889,0.6522,0.3889,0.5556,0.8
SM_K150|border|s76|a0.001,0.4889,0.6522,0.3889,0.5556,0.79
MLP_s116_a0.05_lr0.001,0.4868,0.5217,0.381,0.4881,0.51
MLP_s163_a0.05_lr0.001,0.4868,0.5217,0.4524,0.4881,0.64
W2.0|K80|s42|a0.05,0.4868,0.5217,0.3492,0.4881,0.53
MLP_s167_a0.05_lr0.001,0.4868,0.5217,0.4841,0.4881,0.59
W6.0|K80|s42|a0.05,0.4868,0.5217,0.3492,0.4881,0.53
MLP_s292_a0.01_lr0.0005,0.4868,0.5217,0.3889,0.4881,0.49
MLP_s292_a0.001_lr0.0005,0.4868,0.5217,0.3889,0.4881,0.5
MLP_s292_a0.05_lr0.0005,0.4868,0.5217,0.4048,0.4881,0.5
MLP_s45_a0.05_lr0.001,0.4868,0.5217,0.4286,0.4881,0.55
MLP_s262_a0.01_lr0.001,0.4868,0.5217,0.381,0.4881,0.5
MLP_s262_a0.01_lr0.0005,0.4868,0.5217,0.4048,0.4881,0.56
MLP_s262_a0.001_lr0.001,0.4868,0.5217,0.381,0.4881,0.5
MLP_s262_a0.001_lr0.0005,0.4868,0.5217,0.4048,0.4881,0.56
MLP_s116_a0.001_lr0.001,0.4868,0.5217,0.3889,0.4881,0.51
MLP_s116_a0.01_lr0.001,0.4868,0.5217,0.3889,0.4881,0.51
W5.0|K80|s42|a0.001,0.4868,0.5217,0.3492,0.4881,0.53
K80|border|a0.05|s76,0.4868,0.5217,0.373,0.4881,0.48
K80|tomek|a0.001|s99,0.4868,0.5217,0.3571,0.4881,0.54
K80|smote|a0.05|s0,0.4868,0.5217,0.4206,0.4881,0.54
K80|border|a0.001|s76,0.4868,0.5217,0.381,0.4881,0.48
K80|border|a0.01|s76,0.4868,0.5217,0.373,0.4881,0.48
MLP_s259_a0.001_lr0.0005,0.4868,0.5217,0.4286,0.4881,0.45
MLP_s262_a0.05_lr0.001,0.4868,0.5217,0.373,0.4881,0.49
MLP_s259_a0.01_lr0.0005,0.4868,0.5217,0.4286,0.4881,0.45
MLP_s259_a0.001_lr0.001,0.4868,0.5217,0.4286,0.4881,0.45
W2.0|K80|s42|a0.001,0.4868,0.5217,0.3492,0.4881,0.53
W2.0|K80|s42|a0.01,0.4868,0.5217,0.3492,0.4881,0.53
W3.0|K80|s42|a0.05,0.4868,0.5217,0.3492,0.4881,0.53
K90|tomek|a0.01|s76,0.4868,0.5217,0.4206,0.4881,0.46
K70|border|a0.01|s13,0.4868,0.5217,0.4048,0.4881,0.43
MLP_s179_a0.01_lr0.0005,0.4868,0.5217,0.4444,0.4881,0.52
K80|smote|a0.001|s0,0.4868,0.5217,0.4127,0.4881,0.54
SM_K80|enn|s13|a0.001,0.4868,0.5217,0.3571,0.4881,0.53
SM_K80|enn|s13|a0.01,0.4868,0.5217,0.3492,0.4881,0.53
MLP_s70_a0.001_lr0.001,0.4868,0.5217,0.3968,0.4881,0.52
MLP_s73_a0.001_lr0.0005,0.4868,0.5217,0.3492,0.4881,0.51
MLP_s31_a0.001_lr0.001,0.4868,0.5217,0.4444,0.4881,0.49
W4.0|K80|s42|a0.01,0.4868,0.5217,0.3492,0.4881,0.53
W4.0|K80|s42|a0.001,0.4868,0.5217,0.3492,0.4881,0.53
MLP_s70_a0.01_lr0.001,0.4868,0.5217,0.4048,0.4881,0.52
MLP_s70_a0.05_lr0.001,0.4868,0.5217,0.3968,0.4881,0.52
MLP_s61_a0.01_lr0.001,0.4868,0.5217,0.4365,0.4881,0.47
K110|tomek|a0.05|s42,0.4868,0.5217,0.4127,0.4881,0.49
K200|smote|a0.05|s76,0.4868,0.5217,0.3889,0.4881,0.4
W6.0|K80|s42|a0.01,0.4868,0.5217,0.3492,0.4881,0.53
K200|smote|a0.01|s76,0.4868,0.5217,0.3968,0.4881,0.39
W6.0|K80|s42|a0.001,0.4868,0.5217,0.3492,0.4881,0.53
MLP_s167_a0.001_lr0.001,0.4868,0.5217,0.4762,0.4881,0.6
MLP_s73_a0.01_lr0.0005,0.4868,0.5217,0.3492,0.4881,0.51
MLP_s147_a0.05_lr0.0005,0.4868,0.5217,0.4048,0.4881,0.54
W5.0|K80|s42|a0.05,0.4868,0.5217,0.3492,0.4881,0.53
MLP_s179_a0.001_lr0.0005,0.4868,0.5217,0.4444,0.4881,0.52
W5.0|K80|s42|a0.01,0.4868,0.5217,0.3492,0.4881,0.53
K200|smote|a0.001|s76,0.4868,0.5217,0.381,0.4881,0.41
W4.0|K80|s42|a0.05,0.4868,0.5217,0.3492,0.4881,0.53
SM_K80|enn|s13|a0.05,0.4868,0.5217,0.3413,0.4881,0.53
K90|smote|a0.001|s0,0.4868,0.5217,0.3968,0.4881,0.48
K90|smote|a0.01|s0,0.4868,0.5217,0.3968,0.4881,0.48
K90|smote|a0.05|s0,0.4868,0.5217,0.3968,0.4881,0.48
K80|tomek|a0.01|s99,0.4868,0.5217,0.3571,0.4881,0.54
K80|tomek|a0.05|s99,0.4868,0.5217,0.3571,0.4881,0.54
MLP_s179_a0.05_lr0.0005,0.4868,0.5217,0.4524,0.4881,0.52
K90|tomek|a0.001|s76,0.4868,0.5217,0.4048,0.4881,0.46
W3.0|K80|s42|a0.01,0.4868,0.5217,0.3492,0.4881,0.53
K80|smote|a0.01|s0,0.4868,0.5217,0.4206,0.4881,0.54
MLP_s262_a0.05_lr0.0005,0.4868,0.5217,0.4048,0.4881,0.56
W3.0|K80|s42|a0.001,0.4868,0.5217,0.3492,0.4881,0.53
MLP_s277_a0.05_lr0.001,0.4866,0.5652,0.4762,0.504,0.77
MLP_s159_a0.05_lr0.0005,0.4866,0.5652,0.3492,0.504,0.46
MLP_s30_a0.001_lr0.0005,0.4866,0.5652,0.4524,0.504,0.69
MLP_s30_a0.01_lr0.0005,0.4866,0.5652,0.4444,0.504,0.69
K80|border|a0.05|s99,0.4866,0.5652,0.3254,0.504,0.52
K80|tomek|a0.01|s76,0.4866,0.5652,0.3651,0.504,0.49
MLP_s142_a0.01_lr0.001,0.4866,0.5652,0.4524,0.504,0.61
MLP_s149_a0.001_lr0.001,0.4866,0.5652,0.4048,0.504,0.53
MLP_s30_a0.05_lr0.0005,0.4866,0.5652,0.4524,0.504,0.73
MLP_s159_a0.01_lr0.0005,0.4866,0.5652,0.3492,0.504,0.47
MLP_s164_a0.01_lr0.0005,0.4866,0.5652,0.4286,0.504,0.53
MLP_s159_a0.001_lr0.0005,0.4866,0.5652,0.3492,0.504,0.44
K80|border|a0.001|s99,0.4866,0.5652,0.3254,0.504,0.52
MLP_s71_a0.001_lr0.001,0.4866,0.5652,0.4206,0.504,0.87
K80|border|a0.01|s99,0.4866,0.5652,0.3254,0.504,0.52
MLP_s53_a0.01_lr0.001,0.4773,0.4783,0.4127,0.4921,0.18
W4.0|K100|s0|a0.01,0.4773,0.4783,0.373,0.4921,0.32
W6.0|K100|s0|a0.05,0.4773,0.4783,0.373,0.4921,0.32
MLP_s108_a0.01_lr0.001,0.4773,0.4783,0.4365,0.4921,0.1
MLP_s108_a0.001_lr0.001,0.4773,0.4783,0.4365,0.4921,0.1
W2.0|K100|s0|a0.001,0.4773,0.4783,0.373,0.4921,0.32
MLP_s45_a0.001_lr0.001,0.4773,0.4783,0.4603,0.4921,0.1
MLP_s108_a0.05_lr0.001,0.4773,0.4783,0.4444,0.4921,0.1
MLP_s112_a0.01_lr0.001,0.4773,0.4783,0.373,0.4921,0.13
W2.0|K100|s0|a0.01,0.4773,0.4783,0.373,0.4921,0.32
W4.0|K100|s0|a0.001,0.4773,0.4783,0.373,0.4921,0.32
MLP_s45_a0.01_lr0.001,0.4773,0.4783,0.4444,0.4921,0.11
W5.0|K100|s0|a0.05,0.4773,0.4783,0.373,0.4921,0.32
MLP_s53_a0.05_lr0.001,0.4773,0.4783,0.3968,0.4921,0.18
W5.0|K100|s0|a0.01,0.4773,0.4783,0.373,0.4921,0.32
W6.0|K100|s0|a0.01,0.4773,0.4783,0.373,0.4921,0.32
MLP_s233_a0.001_lr0.0005,0.4773,0.4783,0.381,0.4921,0.16
K80|smote|a0.01|s76,0.4773,0.4783,0.3651,0.4921,0.42
MLP_s90_a0.01_lr0.001,0.4773,0.4783,0.381,0.4921,0.14
MLP_s298_a0.001_lr0.001,0.4773,0.4783,0.4365,0.4921,0.1
MLP_s10_a0.001_lr0.001,0.4773,0.4783,0.4206,0.4921,0.1
MLP_s242_a0.01_lr0.001,0.4773,0.4783,0.381,0.5119,0.11
MLP_s181_a0.05_lr0.0005,0.4773,0.4783,0.4127,0.5119,0.36
W6.0|K100|s0|a0.001,0.4773,0.4783,0.373,0.4921,0.32
K150|smote|a0.01|s13,0.4773,0.4783,0.4127,0.4921,0.29
MLP_s31_a0.05_lr0.001,0.4773,0.4783,0.4365,0.5119,0.1
MLP_s99_a0.01_lr0.0005,0.4773,0.4783,0.4206,0.4921,0.1
W2.0|K100|s0|a0.05,0.4773,0.4783,0.373,0.4921,0.32
W3.0|K100|s0|a0.05,0.4773,0.4783,0.373,0.4921,0.32
W3.0|K100|s0|a0.01,0.4773,0.4783,0.373,0.4921,0.32
MLP_s245_a0.05_lr0.001,0.4773,0.4783,0.3651,0.4921,0.31
K130|adasyn|a0.05|s76,0.4773,0.4783,0.3571,0.5119,0.27
K130|adasyn|a0.01|s76,0.4773,0.4783,0.3333,0.5119,0.25
K130|adasyn|a0.001|s76,0.4773,0.4783,0.3413,0.5119,0.25
W3.0|K100|s0|a0.001,0.4773,0.4783,0.373,0.4921,0.32
MLP_s90_a0.001_lr0.001,0.4773,0.4783,0.381,0.4921,0.17
MLP_s99_a0.05_lr0.001,0.4773,0.4783,0.4365,0.4921,0.1
MLP_s65_a0.001_lr0.001,0.4773,0.4783,0.4286,0.4921,0.1
K80|smote|a0.05|s76,0.4773,0.4783,0.381,0.4921,0.42
MLP_s133_a0.05_lr0.0005,0.4773,0.4783,0.3571,0.4921,0.3
MLP_s90_a0.05_lr0.001,0.4773,0.4783,0.381,0.5119,0.14
MLP_s188_a0.001_lr0.001,0.4773,0.4783,0.373,0.4921,0.15
K80|smote|a0.001|s76,0.4773,0.4783,0.3651,0.4921,0.42
MLP_s181_a0.01_lr0.0005,0.4773,0.4783,0.4286,0.5119,0.36
K120|border|a0.001|s0,0.4773,0.4783,0.373,0.5119,0.11
MLP_s65_a0.05_lr0.001,0.4773,0.4783,0.4524,0.4921,0.1
K120|border|a0.05|s0,0.4773,0.4783,0.373,0.5119,0.12
K150|smote|a0.001|s13,0.4773,0.4783,0.4127,0.4921,0.28
W5.0|K100|s0|a0.001,0.4773,0.4783,0.373,0.4921,0.32
K150|smote|a0.05|s13,0.4773,0.4783,0.4048,0.4921,0.28
W4.0|K100|s0|a0.05,0.4773,0.4783,0.373,0.4921,0.32
MLP_s278_a0.001_lr0.0005,0.4692,0.4783,0.381,0.4722,0.4
MLP_s252_a0.001_lr0.0005,0.4692,0.4783,0.4444,0.5317,0.48
MLP_s252_a0.01_lr0.0005,0.4692,0.4783,0.4444,0.5317,0.48
MLP_s284_a0.01_lr0.001,0.4692,0.4783,0.3651,0.4722,0.23
MLP_s185_a0.001_lr0.0005,0.4692,0.4783,0.3175,0.4722,0.21
MLP_s252_a0.05_lr0.0005,0.4692,0.4783,0.4444,0.5317,0.48
MLP_s163_a0.001_lr0.001,0.4692,0.4783,0.4524,0.4722,0.12
MLP_s163_a0.01_lr0.001,0.4692,0.4783,0.4206,0.4722,0.1
SM_K100|enn|s13|a0.05,0.4692,0.4783,0.2937,0.4722,0.46
SM_K100|enn|s13|a0.001,0.4692,0.4783,0.2937,0.4722,0.47
W2.0|K100|s76|a0.01,0.4692,0.4783,0.3095,0.5317,0.48
W2.0|K100|s76|a0.001,0.4692,0.4783,0.3095,0.5317,0.48
W2.0|K100|s76|a0.05,0.4692,0.4783,0.3016,0.5317,0.48
MLP_s197_a0.05_lr0.001,0.4692,0.4783,0.3571,0.4722,0.43
MLP_s197_a0.05_lr0.0005,0.4692,0.4783,0.373,0.4722,0.45
MLP_s197_a0.01_lr0.0005,0.4692,0.4783,0.3571,0.4722,0.45
W3.0|K100|s76|a0.001,0.4692,0.4783,0.3095,0.5317,0.48
W3.0|K100|s76|a0.01,0.4692,0.4783,0.3095,0.5317,0.48
W3.0|K100|s76|a0.05,0.4692,0.4783,0.3016,0.5317,0.48
SM_K100|enn|s13|a0.01,0.4692,0.4783,0.2937,0.4722,0.46
W4.0|K100|s76|a0.05,0.4692,0.4783,0.3016,0.5317,0.48
MLP_s53_a0.001_lr0.001,0.4692,0.4783,0.3968,0.4722,0.2
W4.0|K100|s76|a0.01,0.4692,0.4783,0.3095,0.5317,0.48
W4.0|K100|s76|a0.001,0.4692,0.4783,0.3095,0.5317,0.48
MLP_s35_a0.001_lr0.001,0.4692,0.4783,0.4127,0.5317,0.24
W5.0|K100|s76|a0.05,0.4692,0.4783,0.3016,0.5317,0.48
W5.0|K100|s76|a0.01,0.4692,0.4783,0.3095,0.5317,0.48
W5.0|K100|s76|a0.001,0.4692,0.4783,0.3095,0.5317,0.48
MLP_s197_a0.001_lr0.0005,0.4692,0.4783,0.3571,0.4722,0.45
W6.0|K100|s76|a0.05,0.4692,0.4783,0.3016,0.5317,0.48
MLP_s298_a0.01_lr0.001,0.4692,0.4783,0.4365,0.4722,0.2
MLP_s298_a0.05_lr0.001,0.4692,0.4783,0.4206,0.4722,0.19
MLP_s147_a0.01_lr0.0005,0.4692,0.4783,0.381,0.4722,0.53
MLP_s180_a0.001_lr0.0005,0.4692,0.4783,0.4206,0.4722,0.47
MLP_s133_a0.001_lr0.0005,0.4692,0.4783,0.3095,0.4722,0.34
MLP_s180_a0.05_lr0.0005,0.4692,0.4783,0.4206,0.4722,0.47
MLP_s180_a0.01_lr0.0005,0.4692,0.4783,0.4206,0.4722,0.47
MLP_s99_a0.05_lr0.0005,0.4692,0.4783,0.4286,0.4722,0.12
W6.0|K100|s76|a0.001,0.4692,0.4783,0.3095,0.5317,0.48
W6.0|K100|s76|a0.01,0.4692,0.4783,0.3095,0.5317,0.48
MLP_s233_a0.01_lr0.0005,0.4692,0.4783,0.373,0.5317,0.1
MLP_s233_a0.05_lr0.0005,0.4692,0.4783,0.381,0.5317,0.1
K70|adasyn|a0.01|s76,0.4692,0.4783,0.3651,0.4722,0.34
K70|adasyn|a0.05|s76,0.4692,0.4783,0.373,0.4722,0.34
K70|adasyn|a0.001|s76,0.4692,0.4783,0.3889,0.4722,0.35
MLP_s100_a0.05_lr0.001,0.4692,0.4783,0.4286,0.4722,0.14
MLP_s99_a0.001_lr0.0005,0.4692,0.4783,0.4365,0.4722,0.1
MLP_s133_a0.01_lr0.0005,0.4692,0.4783,0.3095,0.4722,0.34
MLP_s269_a0.01_lr0.0005,0.4623,0.6087,0.3651,0.5198,0.65
MLP_s269_a0.05_lr0.0005,0.4623,0.6087,0.373,0.5198,0.64
MLP_s269_a0.01_lr0.001,0.4623,0.6087,0.3889,0.5198,0.66
MLP_s106_a0.01_lr0.001,0.4623,0.6087,0.4444,0.5198,0.86
MLP_s29_a0.05_lr0.001,0.4623,0.6087,0.3968,0.5198,0.89
MLP_s106_a0.001_lr0.001,0.4623,0.6087,0.4444,0.5198,0.86
MLP_s269_a0.05_lr0.001,0.4623,0.6087,0.3651,0.5198,0.64
MLP_s269_a0.001_lr0.0005,0.4623,0.6087,0.3651,0.5198,0.65
MLP_s269_a0.001_lr0.001,0.4623,0.6087,0.3651,0.5198,0.64
MLP_s29_a0.01_lr0.001,0.4623,0.6087,0.3889,0.5198,0.88
MLP_s29_a0.01_lr0.0005,0.4623,0.6087,0.3571,0.5198,0.82
MLP_s29_a0.05_lr0.0005,0.4623,0.6087,0.3651,0.5198,0.82
MLP_s29_a0.001_lr0.001,0.4623,0.6087,0.3889,0.5198,0.88
MLP_s106_a0.05_lr0.001,0.4623,0.6087,0.4444,0.5198,0.82
MLP_s278_a0.01_lr0.0005,0.4623,0.6087,0.381,0.5198,0.59
MLP_s29_a0.001_lr0.0005,0.4623,0.6087,0.3651,0.5198,0.81
MLP_s31_a0.01_lr0.001,0.4623,0.6087,0.4286,0.5198,0.87
MLP_s147_a0.001_lr0.0005,0.4559,0.5217,0.4048,0.4683,0.56
K130|adasyn|a0.01|s0,0.4559,0.5217,0.3492,0.4683,0.49
MLP_s73_a0.001_lr0.001,0.4559,0.5217,0.3968,0.4683,0.5
K130|adasyn|a0.001|s0,0.4559,0.5217,0.3492,0.4683,0.49
MLP_s73_a0.05_lr0.001,0.4559,0.5217,0.3968,0.4683,0.5
MLP_s99_a0.01_lr0.001,0.4559,0.5217,0.4206,0.4683,0.5
MLP_s73_a0.01_lr0.001,0.4559,0.5217,0.3968,0.4683,0.5
MLP_s99_a0.001_lr0.001,0.4559,0.5217,0.4286,0.4683,0.54
MLP_s159_a0.001_lr0.001,0.4559,0.5217,0.3413,0.4683,0.46
MLP_s159_a0.05_lr0.001,0.4559,0.5217,0.3571,0.4683,0.46
MLP_s234_a0.05_lr0.001,0.4559,0.5217,0.2937,0.4683,0.49
MLP_s234_a0.01_lr0.001,0.4559,0.5217,0.2937,0.4683,0.49
MLP_s278_a0.05_lr0.0005,0.4559,0.5217,0.3571,0.4683,0.46
MLP_s65_a0.01_lr0.001,0.4559,0.5217,0.4365,0.4683,0.77
K130|adasyn|a0.05|s0,0.4559,0.5217,0.3492,0.4683,0.49
K70|border|a0.01|s99,0.4524,0.4783,0.3333,0.4524,0.43
K200|tomek|a0.01|s76,0.4524,0.4783,0.3571,0.4524,0.44
K200|tomek|a0.05|s76,0.4524,0.4783,0.3492,0.4524,0.44
MLP_s242_a0.05_lr0.001,0.4524,0.4783,0.3651,0.4524,0.41
K90|tomek|a0.05|s76,0.4524,0.4783,0.4206,0.4524,0.44
MLP_s44_a0.05_lr0.001,0.4524,0.4783,0.381,0.4524,0.54
MLP_s242_a0.001_lr0.001,0.4524,0.4783,0.373,0.4524,0.43
K70|border|a0.001|s99,0.4524,0.4783,0.3333,0.4524,0.43
K120|border|a0.001|s13,0.4524,0.4783,0.3889,0.4524,0.17
K70|border|a0.05|s99,0.4524,0.4783,0.3254,0.4524,0.43
W6.0|K120|s0|a0.05,0.4363,0.5652,0.3333,0.4841,0.46
W2.0|K120|s0|a0.001,0.4363,0.5652,0.3333,0.4841,0.46
W2.0|K120|s0|a0.05,0.4363,0.5652,0.3333,0.4841,0.46
W4.0|K120|s0|a0.001,0.4363,0.5652,0.3333,0.4841,0.46
W4.0|K120|s0|a0.01,0.4363,0.5652,0.3333,0.4841,0.46
W3.0|K120|s0|a0.05,0.4363,0.5652,0.3333,0.4841,0.46
W3.0|K120|s0|a0.001,0.4363,0.5652,0.3333,0.4841,0.46
K70|smote|a0.01|s76,0.4363,0.5652,0.3333,0.4841,0.45
W2.0|K120|s0|a0.01,0.4363,0.5652,0.3333,0.4841,0.46
K70|smote|a0.05|s76,0.4363,0.5652,0.3413,0.4841,0.44
W6.0|K120|s0|a0.01,0.4363,0.5652,0.3333,0.4841,0.46
W5.0|K120|s0|a0.001,0.4363,0.5652,0.3333,0.4841,0.46
W6.0|K120|s0|a0.001,0.4363,0.5652,0.3333,0.4841,0.46
W5.0|K120|s0|a0.01,0.4363,0.5652,0.3333,0.4841,0.46
W5.0|K120|s0|a0.05,0.4363,0.5652,0.3333,0.4841,0.46
W4.0|K120|s0|a0.05,0.4363,0.5652,0.3333,0.4841,0.46
W3.0|K120|s0|a0.01,0.4363,0.5652,0.3333,0.4841,0.46
MLP_s168_a0.01_lr0.0005,0.4348,0.4348,0.3175,0.4563,0.2
MLP_s100_a0.01_lr0.001,0.4348,0.4348,0.4127,0.4563,0.1
MLP_s133_a0.05_lr0.001,0.4348,0.4348,0.3333,0.4563,0.42
MLP_s100_a0.001_lr0.001,0.4348,0.4348,0.4048,0.4563,0.1
MLP_s168_a0.001_lr0.0005,0.4348,0.4348,0.3175,0.4563,0.2
MLP_s288_a0.001_lr0.001,0.4348,0.4348,0.3492,0.4563,0.1
MLP_s288_a0.05_lr0.001,0.4348,0.4348,0.3333,0.4563,0.1
MLP_s288_a0.01_lr0.001,0.4348,0.4348,0.3333,0.4563,0.1
MLP_s168_a0.05_lr0.0005,0.4348,0.4348,0.3095,0.4563,0.2
K120|border|a0.01|s0,0.4348,0.4348,0.373,0.4563,0.12
MLP_s168_a0.05_lr0.001,0.4348,0.4348,0.2857,0.4563,0.3
K200|tomek|a0.001|s76,0.4305,0.4348,0.3333,0.4365,0.3
MLP_s44_a0.05_lr0.0005,0.4305,0.4348,0.373,0.4365,0.12
MLP_s44_a0.01_lr0.0005,0.4305,0.4348,0.373,0.4365,0.12
MLP_s168_a0.01_lr0.001,0.4305,0.4348,0.2778,0.4365,0.34
MLP_s168_a0.001_lr0.001,0.4305,0.4348,0.2778,0.4365,0.34
MLP_s234_a0.05_lr0.0005,0.4305,0.4348,0.3095,0.4365,0.4
MLP_s44_a0.001_lr0.0005,0.4305,0.4348,0.3651,0.4365,0.12
MLP_s155_a0.001_lr0.001,0.425,0.4783,0.3968,0.4325,0.56
MLP_s234_a0.01_lr0.0005,0.425,0.4783,0.3254,0.4325,0.48
W6.0|K80|s0|a0.01,0.4172,0.4348,0.2937,0.496,0.36
W3.0|K80|s0|a0.05,0.4172,0.4348,0.3016,0.496,0.36
W3.0|K80|s0|a0.01,0.4172,0.4348,0.2937,0.496,0.36
W5.0|K80|s0|a0.05,0.4172,0.4348,0.3016,0.496,0.36
W6.0|K80|s0|a0.05,0.4172,0.4348,0.3016,0.496,0.36
MLP_s159_a0.01_lr0.001,0.4172,0.4348,0.3016,0.4167,0.34
W6.0|K80|s0|a0.001,0.4172,0.4348,0.2857,0.496,0.36
W5.0|K80|s0|a0.001,0.4172,0.4348,0.2857,0.496,0.36
W2.0|K80|s0|a0.001,0.4172,0.4348,0.2857,0.496,0.36
W2.0|K80|s0|a0.05,0.4172,0.4348,0.3016,0.496,0.36
W4.0|K80|s0|a0.01,0.4172,0.4348,0.2937,0.496,0.36
W2.0|K80|s0|a0.01,0.4172,0.4348,0.2937,0.496,0.36
W4.0|K80|s0|a0.001,0.4172,0.4348,0.2857,0.496,0.36
W4.0|K80|s0|a0.05,0.4172,0.4348,0.3016,0.496,0.36
K70|adasyn|a0.01|s99,0.4172,0.4348,0.2857,0.4167,0.13
MLP_s155_a0.05_lr0.001,0.4172,0.4348,0.373,0.4167,0.21
W3.0|K80|s0|a0.001,0.4172,0.4348,0.2857,0.496,0.36
MLP_s155_a0.01_lr0.001,0.4172,0.4348,0.3968,0.4167,0.2
W5.0|K80|s0|a0.01,0.4172,0.4348,0.2937,0.496,0.36
MLP_s234_a0.001_lr0.001,0.3935,0.4348,0.2937,0.3968,0.45
MLP_s234_a0.001_lr0.0005,0.3935,0.4348,0.3175,0.3968,0.44
W6.0|K120|s76|a0.01,0.3902,0.3913,0.2698,0.4008,0.3
W5.0|K120|s76|a0.05,0.3902,0.3913,0.2698,0.4008,0.3
W2.0|K120|s76|a0.01,0.3902,0.3913,0.2698,0.4008,0.3
W2.0|K120|s76|a0.05,0.3902,0.3913,0.2698,0.4008,0.3
W2.0|K120|s76|a0.001,0.3902,0.3913,0.2698,0.4008,0.3
W4.0|K120|s76|a0.001,0.3902,0.3913,0.2698,0.4008,0.3
W3.0|K120|s76|a0.01,0.3902,0.3913,0.2698,0.4008,0.3
W4.0|K120|s76|a0.01,0.3902,0.3913,0.2698,0.4008,0.3
W4.0|K120|s76|a0.05,0.3902,0.3913,0.2698,0.4008,0.3
W5.0|K120|s76|a0.001,0.3902,0.3913,0.2698,0.4008,0.3
W6.0|K120|s76|a0.05,0.3902,0.3913,0.2698,0.4008,0.3
W6.0|K120|s76|a0.001,0.3902,0.3913,0.2698,0.4008,0.3
W5.0|K120|s76|a0.01,0.3902,0.3913,0.2698,0.4008,0.3
W3.0|K120|s76|a0.05,0.3902,0.3913,0.2698,0.4008,0.3
W3.0|K120|s76|a0.001,0.3902,0.3913,0.2698,0.4008,0.3
K70|smote|a0.001|s76,0.3808,0.3913,0.3095,0.381,0.15
W4.0|K80|s76|a0.05,0.3784,0.6087,0.254,0.5,0.59
W4.0|K80|s76|a0.01,0.3784,0.6087,0.254,0.5,0.59
W2.0|K80|s76|a0.05,0.3784,0.6087,0.254,0.5,0.59
W2.0|K80|s76|a0.01,0.3784,0.6087,0.254,0.5,0.59
W4.0|K80|s76|a0.001,0.3784,0.6087,0.254,0.5,0.59
W3.0|K80|s76|a0.01,0.3784,0.6087,0.254,0.5,0.59
W3.0|K80|s76|a0.001,0.3784,0.6087,0.254,0.5,0.59
W5.0|K80|s76|a0.05,0.3784,0.6087,0.254,0.5,0.59
W3.0|K80|s76|a0.05,0.3784,0.6087,0.254,0.5,0.59
W5.0|K80|s76|a0.001,0.3784,0.6087,0.254,0.5,0.59
W5.0|K80|s76|a0.01,0.3784,0.6087,0.254,0.5,0.59
W6.0|K80|s76|a0.05,0.3784,0.6087,0.254,0.5,0.59
W6.0|K80|s76|a0.01,0.3784,0.6087,0.254,0.5,0.59
W6.0|K80|s76|a0.001,0.3784,0.6087,0.254,0.5,0.59
W2.0|K80|s76|a0.001,0.3784,0.6087,0.254,0.5,0.59
